,irrigation_scheduling_method,location,latitude,longitude,altitude,soil_type,farm_size,experiment_date,plant_type,number_of_plants,fruit_quality,plant_yield,plant_height,water_productivity,doi_url,processed_at,relevance_score,valid
0,Soil moisture sensor-based method (T-VWC),"Xiaotangshan National Precision Agriculture Experiment Station, Beijing, China","40°10'43"" N","116°26'39"" E",,coarse sands,28 m long and 7.5 m wide,"March 15 to June 19, 2017",Cucumber (Zhongnong 26),20 plants (10 plants in each of 2 rows),,66.77 t ha−1,,17.37 kg m−3,https://doi.org/10.1038/s41598-024-52972-x,2025-09-12 01:42:16,9.0,True
1,Accumulated radiation combined with soil moisture sensor-based method (Rn-VWC),"Xiaotangshan National Precision Agriculture Experiment Station, Beijing, China","40°10'43"" N","116°26'39"" E",,coarse sands,28 m long and 7.5 m wide,"March 15 to June 19, 2017",Cucumber (Zhongnong 26),20 plants (10 plants in each of 2 rows),,58.98 t ha−1,,20.52 kg m−3,https://doi.org/10.1038/s41598-024-52972-x,2025-09-12 01:42:16,9.0,True
2,Crop evapotranspiration estimated method using the hourly PM-ETo equation with an improved calculation of Kc (T-ETc),"Xiaotangshan National Precision Agriculture Experiment Station, Beijing, China","40°10'43"" N","116°26'39"" E",,coarse sands,28 m long and 7.5 m wide,"March 15 to June 19, 2017",Cucumber (Zhongnong 26),20 plants (10 plants in each of 2 rows),,64.54 t ha−1,,25.07 kg m−3,https://doi.org/10.1038/s41598-024-52972-x,2025-09-12 01:42:16,9.0,True
3,Full irrigation (100% ETc),"Melkassa Agricultural Research Center, Awash Basin, Ethiopia",8°24′N,39°21′E,1550 m,clay loam,,2021/2022,Wheat (Triticum aestivum L.),,,5085 kg ha−1,,,https://doi.org/10.1177/11786221241274019,2025-09-12 04:01:02,9.0,True
4,Deficit irrigation (85% ETc),"Melkassa Agricultural Research Center, Awash Basin, Ethiopia",8°24′N,39°21′E,1550 m,clay loam,,2021/2022,Wheat (Triticum aestivum L.),,,4830 kg ha−1,,,https://doi.org/10.1177/11786221241274019,2025-09-12 04:01:02,9.0,True
5,Deficit irrigation (70% ETc),"Melkassa Agricultural Research Center, Awash Basin, Ethiopia",8°24′N,39°21′E,1550 m,clay loam,,2021/2022,Wheat (Triticum aestivum L.),,,4555 kg ha−1,,1.39 kg m−3,https://doi.org/10.1177/11786221241274019,2025-09-12 04:01:02,9.0,True
6,Deficit irrigation (55% ETc),"Melkassa Agricultural Research Center, Awash Basin, Ethiopia",8°24′N,39°21′E,1550 m,clay loam,,2021/2022,Wheat (Triticum aestivum L.),,,3475 kg ha−1,,,https://doi.org/10.1177/11786221241274019,2025-09-12 04:01:02,9.0,True
7,Deficit irrigation (40% ETc),"Melkassa Agricultural Research Center, Awash Basin, Ethiopia",8°24′N,39°21′E,1550 m,clay loam,,2021/2022,Wheat (Triticum aestivum L.),,,2510 kg ha−1,,,https://doi.org/10.1177/11786221241274019,2025-09-12 04:01:02,9.0,True
8,Full irrigation (100% ETc),"Melkassa Agricultural Research Center, Awash Basin, Ethiopia",8°24′N,39°21′E,1550 m,clay loam,,2022/2023,Wheat (Triticum aestivum L.),,,5160 kg ha−1,,1.26 kg m−3,https://doi.org/10.1177/11786221241274019,2025-09-12 04:01:02,9.0,True
9,Deficit irrigation (85% ETc),"Melkassa Agricultural Research Center, Awash Basin, Ethiopia",8°24′N,39°21′E,1550 m,clay loam,,2022/2023,Wheat (Triticum aestivum L.),,,4940 kg ha−1,,1.33 kg m−3,https://doi.org/10.1177/11786221241274019,2025-09-12 04:01:02,9.0,True
10,Deficit irrigation (70% ETc),"Melkassa Agricultural Research Center, Awash Basin, Ethiopia",8°24′N,39°21′E,1550 m,clay loam,,2022/2023,Wheat (Triticum aestivum L.),,,4710 kg ha−1,,1.44 kg m−3,https://doi.org/10.1177/11786221241274019,2025-09-12 04:01:02,9.0,True
11,Deficit irrigation (55% ETc),"Melkassa Agricultural Research Center, Awash Basin, Ethiopia",8°24′N,39°21′E,1550 m,clay loam,,2022/2023,Wheat (Triticum aestivum L.),,,3590 kg ha−1,,1.26 kg m−3,https://doi.org/10.1177/11786221241274019,2025-09-12 04:01:02,9.0,True
12,Deficit irrigation (40% ETc),"Melkassa Agricultural Research Center, Awash Basin, Ethiopia",8°24′N,39°21′E,1550 m,clay loam,,2022/2023,Wheat (Triticum aestivum L.),,,2670 kg ha−1,,1.09 kg m−3,https://doi.org/10.1177/11786221241274019,2025-09-12 04:01:02,9.0,True
13,Single-row system at 75-cm crop row spacing with 75-cm dripline spacing,"Agricultural Experiment Station, Damascus, Syria",33°20′ N,36°26′ E,600 m,clay,,18th April 2017,Zea mays L. (Silver Queen),67000 plants ha-1,,14.31 t ha-1,,1.97 kg m-3,https://doi.org/10.1016/j.agwat.2006.03.019,2025-09-12 04:03:56,8.0,True
14,Single-row system at 75-cm crop row spacing with 150-cm dripline spacing,"Agricultural Experiment Station, Damascus, Syria",33°20′ N,36°26′ E,600 m,clay,,18th April 2017,Zea mays L. (Silver Queen),67000 plants ha-1,,11.95 t ha-1,,1.65 kg m-3,https://doi.org/10.1016/j.agwat.2006.03.019,2025-09-12 04:03:56,8.0,True
15,"Twin-row system, 37.5 cm apart, on 150-cm centers with 150-cm dripline spacing","Agricultural Experiment Station, Damascus, Syria",33°20′ N,36°26′ E,600 m,clay,,18th April 2017,Zea mays L. (Silver Queen),67000 plants ha-1,,14.09 t ha-1,,1.94 kg m-3,https://doi.org/10.1016/j.agwat.2006.03.019,2025-09-12 04:03:56,8.0,True
16,Single-row system at 75-cm crop row spacing with 75-cm dripline spacing,"Agricultural Experiment Station, Damascus, Syria",33°20′ N,36°26′ E,600 m,clay,,3rd April 2018,Zea mays L. (Silver Queen),67000 plants ha-1,,14.31 t ha-1,,1.97 kg m-3,https://doi.org/10.1016/j.agwat.2006.03.019,2025-09-12 04:03:56,8.0,True
17,Single-row system at 75-cm crop row spacing with 150-cm dripline spacing,"Agricultural Experiment Station, Damascus, Syria",33°20′ N,36°26′ E,600 m,clay,,3rd April 2018,Zea mays L. (Silver Queen),67000 plants ha-1,,11.95 t ha-1,,1.65 kg m-3,https://doi.org/10.1016/j.agwat.2006.03.019,2025-09-12 04:03:56,8.0,True
18,"Twin-row system, 37.5 cm apart, on 150-cm centers with 150-cm dripline spacing","Agricultural Experiment Station, Damascus, Syria",33°20′ N,36°26′ E,600 m,clay,,3rd April 2018,Zea mays L. (Silver Queen),67000 plants ha-1,,14.09 t ha-1,,1.94 kg m-3,https://doi.org/10.1016/j.agwat.2006.03.019,2025-09-12 04:03:56,8.0,True
19,Single-row system at 75-cm crop row spacing with 75-cm dripline spacing,"Agricultural Experiment Station, Damascus, Syria",33°20′ N,36°26′ E,600 m,clay,,18th April 2017,Zea mays L. (White Kokab),67000 plants ha-1,,13.93 t ha-1,,1.92 kg m-3,https://doi.org/10.1016/j.agwat.2006.03.019,2025-09-12 04:03:56,8.0,True
20,Single-row system at 75-cm crop row spacing with 150-cm dripline spacing,"Agricultural Experiment Station, Damascus, Syria",33°20′ N,36°26′ E,600 m,clay,,18th April 2017,Zea mays L. (White Kokab),67000 plants ha-1,,13.93 t ha-1,,1.92 kg m-3,https://doi.org/10.1016/j.agwat.2006.03.019,2025-09-12 04:03:56,8.0,True
21,"Twin-row system, 37.5 cm apart, on 150-cm centers with 150-cm dripline spacing","Agricultural Experiment Station, Damascus, Syria",33°20′ N,36°26′ E,600 m,clay,,18th April 2017,Zea mays L. (White Kokab),67000 plants ha-1,,13.93 t ha-1,,1.92 kg m-3,https://doi.org/10.1016/j.agwat.2006.03.019,2025-09-12 04:03:56,8.0,True
22,Single-row system at 75-cm crop row spacing with 75-cm dripline spacing,"Agricultural Experiment Station, Damascus, Syria",33°20′ N,36°26′ E,600 m,clay,,3rd April 2018,Zea mays L. (White Kokab),67000 plants ha-1,,13.93 t ha-1,,1.92 kg m-3,https://doi.org/10.1016/j.agwat.2006.03.019,2025-09-12 04:03:56,8.0,True
23,Single-row system at 75-cm crop row spacing with 150-cm dripline spacing,"Agricultural Experiment Station, Damascus, Syria",33°20′ N,36°26′ E,600 m,clay,,3rd April 2018,Zea mays L. (White Kokab),67000 plants ha-1,,13.93 t ha-1,,1.92 kg m-3,https://doi.org/10.1016/j.agwat.2006.03.019,2025-09-12 04:03:56,8.0,True
24,"Twin-row system, 37.5 cm apart, on 150-cm centers with 150-cm dripline spacing","Agricultural Experiment Station, Damascus, Syria",33°20′ N,36°26′ E,600 m,clay,,3rd April 2018,Zea mays L. (White Kokab),67000 plants ha-1,,13.93 t ha-1,,1.92 kg m-3,https://doi.org/10.1016/j.agwat.2006.03.019,2025-09-12 04:03:56,8.0,True
25,Alternate Partial Root Zone Irrigation (AFI),Inland River Basin of northwest China,,,,loamy sands,,1997-2000,Spring maize (Zea mays L.),5 plants/m2,,,,WUE ET: 2.80 kg/m3,https://doi.org/10.1016/j.agwat.2009.08.011,2025-09-12 04:05:45,9.0,True
26,Fixed Partial Root Zone Irrigation (FFI),Inland River Basin of northwest China,,,,loamy sands,,1997-2000,Spring maize (Zea mays L.),5 plants/m2,,,,WUE ET: 2.69 kg/m3,https://doi.org/10.1016/j.agwat.2009.08.011,2025-09-12 04:05:45,9.0,True
27,Conventional Furrow Irrigation (CFI),Inland River Basin of northwest China,,,,loamy sands,,1997-2000,Spring maize (Zea mays L.),5 plants/m2,,,,WUE ET: 2.83 kg/m3,https://doi.org/10.1016/j.agwat.2009.08.011,2025-09-12 04:05:45,9.0,True
28,Temporal Deficit Irrigation,Haihe River Basin of north China,37.8530N,114.8410E,50.1 m,loam,,2003-2007,Winter wheat (Triticum aestivum L.),,,,,WUE: 1.76 kg/m3,https://doi.org/10.1016/j.agwat.2009.08.011,2025-09-12 04:05:45,9.0,True
29,Temporal Deficit Irrigation,Yellow River Basin of north China,35.8190N,113.8530E,,,,2006-2007,Winter wheat (Triticum aestivum L.),,,,,WUE: 1.97 kg/m3,https://doi.org/10.1016/j.agwat.2009.08.011,2025-09-12 04:05:45,9.0,True
30,Temporal Deficit Irrigation,Yellow River Basin of north China,35.8190N,113.8530E,,,,2006-2007,Summer maize (Zea mays L.),,,,,WUE: 1.81 kg/m3,https://doi.org/10.1016/j.agwat.2009.08.011,2025-09-12 04:05:45,9.0,True
31,Regulated Deficit Irrigation (RDI) 55% of ETc,"Maringá, Paraná, Brazil",23º25′S,51º57′W,542 m,Nitossolo Vermelho distroférrico,,,Brassica oleracea var. italica,,,2.406 kg m-2,0.490 m,,https://doi.org/10.1093/jxb/erv034,2025-09-12 04:06:41,9.0,True
32,Regulated Deficit Irrigation (RDI) 70% of ETc,"Maringá, Paraná, Brazil",23º25′S,51º57′W,542 m,Nitossolo Vermelho distroférrico,,,Brassica oleracea var. italica,,,2.540 kg m-2,0.485 m,,https://doi.org/10.1093/jxb/erv034,2025-09-12 04:06:41,9.0,True
33,Regulated Deficit Irrigation (RDI) 85% of ETc,"Maringá, Paraná, Brazil",23º25′S,51º57′W,542 m,Nitossolo Vermelho distroférrico,,,Brassica oleracea var. italica,,,2.701 kg m-2,0.502 m,,https://doi.org/10.1093/jxb/erv034,2025-09-12 04:06:41,9.0,True
34,Regulated Deficit Irrigation (RDI) 100% of ETc,"Maringá, Paraná, Brazil",23º25′S,51º57′W,542 m,Nitossolo Vermelho distroférrico,,,Brassica oleracea var. italica,,,3.06 kg m-2,0.576 m,,https://doi.org/10.1093/jxb/erv034,2025-09-12 04:06:41,9.0,True
45,Furrow irrigation,China,,,,,,2000-2018,Wheat,,,6.1 t ha^-1,,508 m^3 t^-1,https://doi.org/10.1029/2021EF002567,2025-09-12 04:14:42,8.0,True
46,Furrow irrigation,China,,,,,,2000-2018,Wheat,,,5.1 t ha^-1,,628 m^3 t^-1,https://doi.org/10.1029/2021EF002567,2025-09-12 04:14:42,8.0,True
47,Furrow irrigation,China,,,,,,2000-2018,Wheat,,,5.5 t ha^-1,,636 m^3 t^-1,https://doi.org/10.1029/2021EF002567,2025-09-12 04:14:42,8.0,True
48,Micro-irrigation,China,,,,,,2000-2018,Wheat,,,4.5 t ha^-1,,999 m^3 t^-1,https://doi.org/10.1029/2021EF002567,2025-09-12 04:14:42,8.0,True
49,Sprinkler irrigation,China,,,,,,2000-2018,Wheat,,,4.5 t ha^-1,,999 m^3 t^-1,https://doi.org/10.1029/2021EF002567,2025-09-12 04:14:42,8.0,True
50,Furrow irrigation,China,,,,,,2000-2018,Maize,,,6.4 t ha^-1,,369 m^3 t^-1,https://doi.org/10.1029/2021EF002567,2025-09-12 04:14:42,8.0,True
51,Micro-irrigation,China,,,,,,2000-2018,Maize,,,9.4 t ha^-1,,369 m^3 t^-1,https://doi.org/10.1029/2021EF002567,2025-09-12 04:14:42,8.0,True
52,Sprinkler irrigation,China,,,,,,2000-2018,Maize,,,7.3 t ha^-1,,390 m^3 t^-1,https://doi.org/10.1029/2021EF002567,2025-09-12 04:14:42,8.0,True
53,Rainfed,China,,,,,,2000-2018,Maize,,,5.7 t ha^-1,,820 m^3 t^-1,https://doi.org/10.1029/2021EF002567,2025-09-12 04:14:42,8.0,True
54,Furrow irrigation,China,,,,,,2000-2018,Rice,,,0.2 t ha^-1,,231 m^3 t^-1,https://doi.org/10.1029/2021EF002567,2025-09-12 04:14:42,8.0,True
55,Micro-irrigation,China,,,,,,2000-2018,Rice,,,,,,https://doi.org/10.1029/2021EF002567,2025-09-12 04:14:42,8.0,True
56,Sprinkler irrigation,China,,,,,,2000-2018,Rice,,,,,,https://doi.org/10.1029/2021EF002567,2025-09-12 04:14:42,8.0,True
57,Rainfed,China,,,,,,2000-2018,Rice,,,,,,https://doi.org/10.1029/2021EF002567,2025-09-12 04:14:42,8.0,True
58,Furrow irrigation,China,,,,,,2000-2018,Sorghum,,,3.7 t ha^-1,,601 m^3 t^-1,https://doi.org/10.1029/2021EF002567,2025-09-12 04:14:42,8.0,True
59,Micro-irrigation,China,,,,,,2000-2018,Sorghum,,,3.8 t ha^-1,,713 m^3 t^-1,https://doi.org/10.1029/2021EF002567,2025-09-12 04:14:42,8.0,True
60,Sprinkler irrigation,China,,,,,,2000-2018,Sorghum,,,3.9 t ha^-1,,693 m^3 t^-1,https://doi.org/10.1029/2021EF002567,2025-09-12 04:14:42,8.0,True
61,Rainfed,China,,,,,,2000-2018,Sorghum,,,5.2 t ha^-1,,805 m^3 t^-1,https://doi.org/10.1029/2021EF002567,2025-09-12 04:14:42,8.0,True
62,Furrow irrigation,China,,,,,,2000-2018,Millet,,,3.5 t ha^-1,,719 m^3 t^-1,https://doi.org/10.1029/2021EF002567,2025-09-12 04:14:42,8.0,True
63,Micro-irrigation,China,,,,,,2000-2018,Millet,,,3.8 t ha^-1,,705 m^3 t^-1,https://doi.org/10.1029/2021EF002567,2025-09-12 04:14:42,8.0,True
64,Sprinkler irrigation,China,,,,,,2000-2018,Millet,,,4.0 t ha^-1,,712 m^3 t^-1,https://doi.org/10.1029/2021EF002567,2025-09-12 04:14:42,8.0,True
65,Rainfed,China,,,,,,2000-2018,Millet,,,2.8 t ha^-1,,1528 m^3 t^-1,https://doi.org/10.1029/2021EF002567,2025-09-12 04:14:42,8.0,True
66,Furrow irrigation,China,,,,,,2000-2018,Barley,,,3.7 t ha^-1,,369 m^3 t^-1,https://doi.org/10.1029/2021EF002567,2025-09-12 04:14:42,8.0,True
67,Micro-irrigation,China,,,,,,2000-2018,Barley,,,2.9 t ha^-1,,660 m^3 t^-1,https://doi.org/10.1029/2021EF002567,2025-09-12 04:14:42,8.0,True
68,Sprinkler irrigation,China,,,,,,2000-2018,Barley,,,2.1 t ha^-1,,1038 m^3 t^-1,https://doi.org/10.1029/2021EF002567,2025-09-12 04:14:42,8.0,True
69,Rainfed,China,,,,,,2000-2018,Barley,,,3.1 t ha^-1,,1051 m^3 t^-1,https://doi.org/10.1029/2021EF002567,2025-09-12 04:14:42,8.0,True
70,Furrow irrigation,China,,,,,,2000-2018,Soybeans,,,2.2 t ha^-1,,915 m^3 t^-1,https://doi.org/10.1029/2021EF002567,2025-09-12 04:14:42,8.0,True
71,Micro-irrigation,China,,,,,,2000-2018,Soybeans,,,2.1 t ha^-1,,1359 m^3 t^-1,https://doi.org/10.1029/2021EF002567,2025-09-12 04:14:42,8.0,True
72,Sprinkler irrigation,China,,,,,,2000-2018,Soybeans,,,2.0 t ha^-1,,1006 m^3 t^-1,https://doi.org/10.1029/2021EF002567,2025-09-12 04:14:42,8.0,True
73,Rainfed,China,,,,,,2000-2018,Soybeans,,,1.8 t ha^-1,,2489 m^3 t^-1,https://doi.org/10.1029/2021EF002567,2025-09-12 04:14:42,8.0,True
74,Furrow irrigation,China,,,,,,2000-2018,Potatoes,,,9.9 t ha^-1,,192 m^3 t^-1,https://doi.org/10.1029/2021EF002567,2025-09-12 04:14:42,8.0,True
75,Micro-irrigation,China,,,,,,2000-2018,Potatoes,,,19.0 t ha^-1,,188 m^3 t^-1,https://doi.org/10.1029/2021EF002567,2025-09-12 04:14:42,8.0,True
76,Sprinkler irrigation,China,,,,,,2000-2018,Potatoes,,,17.0 t ha^-1,,156 m^3 t^-1,https://doi.org/10.1029/2021EF002567,2025-09-12 04:14:42,8.0,True
77,Rainfed,China,,,,,,2000-2018,Potatoes,,,2.9 t ha^-1,,1253 m^3 t^-1,https://doi.org/10.1029/2021EF002567,2025-09-12 04:14:42,8.0,True
78,Furrow irrigation,China,,,,,,2000-2018,Sweet potatoes,,,5.1 t ha^-1,,403 m^3 t^-1,https://doi.org/10.1029/2021EF002567,2025-09-12 04:14:42,8.0,True
79,Micro-irrigation,China,,,,,,2000-2018,Sweet potatoes,,,4.9 t ha^-1,,485 m^3 t^-1,https://doi.org/10.1029/2021EF002567,2025-09-12 04:14:42,8.0,True
80,Sprinkler irrigation,China,,,,,,2000-2018,Sweet potatoes,,,5.2 t ha^-1,,457 m^3 t^-1,https://doi.org/10.1029/2021EF002567,2025-09-12 04:14:42,8.0,True
81,Rainfed,China,,,,,,2000-2018,Sweet potatoes,,,4.3 t ha^-1,,1231 m^3 t^-1,https://doi.org/10.1029/2021EF002567,2025-09-12 04:14:42,8.0,True
82,Furrow irrigation,China,,,,,,2000-2018,Cotton,,,1.4 t ha^-1,,2539 m^3 t^-1,https://doi.org/10.1029/2021EF002567,2025-09-12 04:14:42,8.0,True
83,Micro-irrigation,China,,,,,,2000-2018,Cotton,,,4.5 t ha^-1,,1306 m^3 t^-1,https://doi.org/10.1029/2021EF002567,2025-09-12 04:14:42,8.0,True
84,Sprinkler irrigation,China,,,,,,2000-2018,Cotton,,,1.3 t ha^-1,,2807 m^3 t^-1,https://doi.org/10.1029/2021EF002567,2025-09-12 04:14:42,8.0,True
85,Rainfed,China,,,,,,2000-2018,Cotton,,,1.8 t ha^-1,,2133 m^3 t^-1,https://doi.org/10.1029/2021EF002567,2025-09-12 04:14:42,8.0,True
86,Furrow irrigation,China,,,,,,2000-2018,Sugar cane,,,164.9 t ha^-1,,16 m^3 t^-1,https://doi.org/10.1029/2021EF002567,2025-09-12 04:14:42,8.0,True
87,Micro-irrigation,China,,,,,,2000-2018,Sugar cane,,,200.7 t ha^-1,,13 m^3 t^-1,https://doi.org/10.1029/2021EF002567,2025-09-12 04:14:42,8.0,True
88,Sprinkler irrigation,China,,,,,,2000-2018,Sugar cane,,,146.1 t ha^-1,,19 m^3 t^-1,https://doi.org/10.1029/2021EF002567,2025-09-12 04:14:42,8.0,True
89,Rainfed,China,,,,,,2000-2018,Sugar cane,,,69.8 t ha^-1,,120 m^3 t^-1,https://doi.org/10.1029/2021EF002567,2025-09-12 04:14:42,8.0,True
90,Furrow irrigation,China,,,,,,2000-2018,Sugar beets,,,752.3 t ha^-1,,8 m^3 t^-1,https://doi.org/10.1029/2021EF002567,2025-09-12 04:14:42,8.0,True
91,Micro-irrigation,China,,,,,,2000-2018,Sugar beets,,,786.0 t ha^-1,,7 m^3 t^-1,https://doi.org/10.1029/2021EF002567,2025-09-12 04:14:42,8.0,True
92,Sprinkler irrigation,China,,,,,,2000-2018,Sugar beets,,,520.9 t ha^-1,,10 m^3 t^-1,https://doi.org/10.1029/2021EF002567,2025-09-12 04:14:42,8.0,True
93,Rainfed,China,,,,,,2000-2018,Sugar beets,,,52.2 t ha^-1,,72 m^3 t^-1,https://doi.org/10.1029/2021EF002567,2025-09-12 04:14:42,8.0,True
94,Furrow irrigation,China,,,,,,2000-2018,Groundnuts,,,5.5 t ha^-1,,440 m^3 t^-1,https://doi.org/10.1029/2021EF002567,2025-09-12 04:14:42,8.0,True
95,Micro-irrigation,China,,,,,,2000-2018,Groundnuts,,,5.0 t ha^-1,,633 m^3 t^-1,https://doi.org/10.1029/2021EF002567,2025-09-12 04:14:42,8.0,True
96,Sprinkler irrigation,China,,,,,,2000-2018,Groundnuts,,,5.5 t ha^-1,,534 m^3 t^-1,https://doi.org/10.1029/2021EF002567,2025-09-12 04:14:42,8.0,True
97,Rainfed,China,,,,,,2000-2018,Groundnuts,,,2.8 t ha^-1,,1669 m^3 t^-1,https://doi.org/10.1029/2021EF002567,2025-09-12 04:14:42,8.0,True
98,Furrow irrigation,China,,,,,,2000-2018,Rapeseed,,,6.0 t ha^-1,,181 m^3 t^-1,https://doi.org/10.1029/2021EF002567,2025-09-12 04:14:42,8.0,True
99,Micro-irrigation,China,,,,,,2000-2018,Rapeseed,,,6.0 t ha^-1,,116 m^3 t^-1,https://doi.org/10.1029/2021EF002567,2025-09-12 04:14:42,8.0,True
100,Sprinkler irrigation,China,,,,,,2000-2018,Rapeseed,,,6.0 t ha^-1,,181 m^3 t^-1,https://doi.org/10.1029/2021EF002567,2025-09-12 04:14:42,8.0,True
101,Rainfed,China,,,,,,2000-2018,Rapeseed,,,2.0 t ha^-1,,1435 m^3 t^-1,https://doi.org/10.1029/2021EF002567,2025-09-12 04:14:42,8.0,True
102,Furrow irrigation,China,,,,,,2000-2018,Sunflower,,,3.6 t ha^-1,,829 m^3 t^-1,https://doi.org/10.1029/2021EF002567,2025-09-12 04:14:42,8.0,True
103,Micro-irrigation,China,,,,,,2000-2018,Sunflower,,,6.0 t ha^-1,,694 m^3 t^-1,https://doi.org/10.1029/2021EF002567,2025-09-12 04:14:42,8.0,True
104,Sprinkler irrigation,China,,,,,,2000-2018,Sunflower,,,4.5 t ha^-1,,794 m^3 t^-1,https://doi.org/10.1029/2021EF002567,2025-09-12 04:14:42,8.0,True
105,Rainfed,China,,,,,,2000-2018,Sunflower,,,2.4 t ha^-1,,1504 m^3 t^-1,https://doi.org/10.1029/2021EF002567,2025-09-12 04:14:42,8.0,True
106,Furrow irrigation,China,,,,,,2000-2018,Tomatoes,,,58.6 t ha^-1,,25 m^3 t^-1,https://doi.org/10.1029/2021EF002567,2025-09-12 04:14:42,8.0,True
107,Micro-irrigation,China,,,,,,2000-2018,Tomatoes,,,58.7 t ha^-1,,28 m^3 t^-1,https://doi.org/10.1029/2021EF002567,2025-09-12 04:14:42,8.0,True
108,Sprinkler irrigation,China,,,,,,2000-2018,Tomatoes,,,58.6 t ha^-1,,27 m^3 t^-1,https://doi.org/10.1029/2021EF002567,2025-09-12 04:14:42,8.0,True
109,Rainfed,China,,,,,,2000-2018,Tomatoes,,,,,,https://doi.org/10.1029/2021EF002567,2025-09-12 04:14:42,8.0,True
110,Furrow irrigation,China,,,,,,2000-2018,Apple,,,26.1 t ha^-1,,159 m^3 t^-1,https://doi.org/10.1029/2021EF002567,2025-09-12 04:14:42,8.0,True
111,Micro-irrigation,China,,,,,,2000-2018,Apple,,,20.9 t ha^-1,,200 m^3 t^-1,https://doi.org/10.1029/2021EF002567,2025-09-12 04:14:42,8.0,True
112,Sprinkler irrigation,China,,,,,,2000-2018,Apple,,,21.1 t ha^-1,,219 m^3 t^-1,https://doi.org/10.1029/2021EF002567,2025-09-12 04:14:42,8.0,True
113,Rainfed,China,,,,,,2000-2018,Apple,,,17.5 t ha^-1,,345 m^3 t^-1,https://doi.org/10.1029/2021EF002567,2025-09-12 04:14:42,8.0,True
114,Furrow irrigation,China,,,,,,2000-2018,Tea,,,2.3 t ha^-1,,1769 m^3 t^-1,https://doi.org/10.1029/2021EF002567,2025-09-12 04:14:42,8.0,True
115,Micro-irrigation,China,,,,,,2000-2018,Tea,,,2.2 t ha^-1,,1546 m^3 t^-1,https://doi.org/10.1029/2021EF002567,2025-09-12 04:14:42,8.0,True
116,Sprinkler irrigation,China,,,,,,2000-2018,Tea,,,2.6 t ha^-1,,1620 m^3 t^-1,https://doi.org/10.1029/2021EF002567,2025-09-12 04:14:42,8.0,True
117,Rainfed,China,,,,,,2000-2018,Tea,,,0.7 t ha^-1,,10769 m^3 t^-1,https://doi.org/10.1029/2021EF002567,2025-09-12 04:14:42,8.0,True
118,Furrow irrigation,China,,,,,,2000-2018,Tobacco,,,2.6 t ha^-1,,596 m^3 t^-1,https://doi.org/10.1029/2021EF002567,2025-09-12 04:14:42,8.0,True
119,Micro-irrigation,China,,,,,,2000-2018,Tobacco,,,2.2 t ha^-1,,486 m^3 t^-1,https://doi.org/10.1029/2021EF002567,2025-09-12 04:14:42,8.0,True
120,Sprinkler irrigation,China,,,,,,2000-2018,Tobacco,,,2.9 t ha^-1,,622 m^3 t^-1,https://doi.org/10.1029/2021EF002567,2025-09-12 04:14:42,8.0,True
121,Rainfed,China,,,,,,2000-2018,Tobacco,,,2.0 t ha^-1,,2281 m^3 t^-1,https://doi.org/10.1029/2021EF002567,2025-09-12 04:14:42,8.0,True
122,Furrow irrigation,China,,,,,,2000-2018,Cabbage,,,34.7 t ha^-1,,49 m^3 t^-1,https://doi.org/10.1029/2021EF002567,2025-09-12 04:14:42,8.0,True
123,Micro-irrigation,China,,,,,,2000-2018,Cabbage,,,32.7 t ha^-1,,53 m^3 t^-1,https://doi.org/10.1029/2021EF002567,2025-09-12 04:14:42,8.0,True
124,Sprinkler irrigation,China,,,,,,2000-2018,Cabbage,,,35.0 t ha^-1,,48 m^3 t^-1,https://doi.org/10.1029/2021EF002567,2025-09-12 04:14:42,8.0,True
125,Rainfed,China,,,,,,2000-2018,Cabbage,,,,,,https://doi.org/10.1029/2021EF002567,2025-09-12 04:14:42,8.0,True
126,Furrow irrigation,China,,,,,,2000-2018,Grapes,,,33.8 t ha^-1,,135 m^3 t^-1,https://doi.org/10.1029/2021EF002567,2025-09-12 04:14:42,8.0,True
127,Micro-irrigation,China,,,,,,2000-2018,Grapes,,,33.8 t ha^-1,,115 m^3 t^-1,https://doi.org/10.1029/2021EF002567,2025-09-12 04:14:42,8.0,True
128,Sprinkler irrigation,China,,,,,,2000-2018,Grapes,,,33.8 t ha^-1,,148 m^3 t^-1,https://doi.org/10.1029/2021EF002567,2025-09-12 04:14:42,8.0,True
129,Rainfed,China,,,,,,2000-2018,Grapes,,,18.8 t ha^-1,,283 m^3 t^-1,https://doi.org/10.1029/2021EF002567,2025-09-12 04:14:42,8.0,True
140,Regulated Deficit Irrigation (RDI),"Gansu, China",38° 05′N,103° 03′E,,,,2004-2005,Cotton,,,Increased seed-cotton yield by 5-21% over full irrigation,,Increased WUE by 5-21% over full irrigation,https://doi.org/10.1016/J.AGWAT.2009.06.004,2025-09-12 04:16:59,9.0,True
141,Regulated Deficit Irrigation (RDI),"Liaoning, China",41° 31′N,123° 24′E,,,,2007,Tomato,,Increased WUE on fresh yield by 52%,,,,https://doi.org/10.1016/J.AGWAT.2009.06.004,2025-09-12 04:16:59,9.0,True
142,Regulated Deficit Irrigation (RDI),"Lima, Peru",12° 05′W,76° 55′S,,,,2010,Potato,,,Saved water consumption by 32-54% over full irrigation with early deficit application without yield penalty,,,https://doi.org/10.1016/J.AGWAT.2009.06.004,2025-09-12 04:16:59,9.0,True
143,Regulated Deficit Irrigation (RDI),"Yangling, China",34° 18′N,108° 24′E,,,,2008,Maize,,,Saved water by 11-32%,,Increased canopy WUE by 10-42%,https://doi.org/10.1016/J.AGWAT.2009.06.004,2025-09-12 04:16:59,9.0,True
144,Regulated Deficit Irrigation (RDI),"Shiraz, Iran",29° 36′N,52° 32′E,,,,2012,Potato,,,"Saved water by 28%, but decreased water productivity by 35% due to decreased yield",,,https://doi.org/10.1016/J.AGWAT.2009.06.004,2025-09-12 04:16:59,9.0,True
145,Regulated Deficit Irrigation (RDI),"Tarsus, Turkey",37° 01′N,35° 01′E,,,,2006-2007,Sunflower,,,"Saved water by 36%, increased irrigation water use efficiency by 33% but decreased seed yield",,,https://doi.org/10.1016/J.AGWAT.2009.06.004,2025-09-12 04:16:59,9.0,True
146,Regulated Deficit Irrigation (RDI),"Portici, Italy",40° 31′N,14° 58′E,,,,2 years,Tomato,,,Decreased fruit yield by 52% due to lowered fresh weight,,,https://doi.org/10.1016/J.AGWAT.2009.06.004,2025-09-12 04:16:59,9.0,True
147,Well-irrigated (CK) treatment,"Shangzhuang Experimental Station, China Agricultural University, Beijing, China",40.1333,116.1667,,calcareous fluro-aquic soil,,2014-2016,maize (Zhengdan 958),7.5 plants m²,,,,,https://doi.org/10.1016/j.agwat.2015.12.023,2025-09-12 04:18:38,8.0,True
148,Water deficit during the 6-8 leaf stage (V 6-8),"Shangzhuang Experimental Station, China Agricultural University, Beijing, China",40.1333,116.1667,,calcareous fluro-aquic soil,,2014-2016,maize (Zhengdan 958),7.5 plants m²,,8.9% reduction,,,https://doi.org/10.1016/j.agwat.2015.12.023,2025-09-12 04:18:38,8.0,True
149,Water deficit during the 9-12 leaf stage (V 9-12),"Shangzhuang Experimental Station, China Agricultural University, Beijing, China",40.1333,116.1667,,calcareous fluro-aquic soil,,2014-2016,maize (Zhengdan 958),7.5 plants m²,,23.8% reduction,,,https://doi.org/10.1016/j.agwat.2015.12.023,2025-09-12 04:18:38,8.0,True
150,Water deficit from the 13-leaf stage to tasseling stage (V 13-T),"Shangzhuang Experimental Station, China Agricultural University, Beijing, China",40.1333,116.1667,,calcareous fluro-aquic soil,,2014-2016,maize (Zhengdan 958),7.5 plants m²,,26.7% reduction,,,https://doi.org/10.1016/j.agwat.2015.12.023,2025-09-12 04:18:38,8.0,True
151,Water deficit from the silking stage to blister stage (R 1-2),"Shangzhuang Experimental Station, China Agricultural University, Beijing, China",40.1333,116.1667,,calcareous fluro-aquic soil,,2014-2016,maize (Zhengdan 958),7.5 plants m²,,33.7% reduction,,,https://doi.org/10.1016/j.agwat.2015.12.023,2025-09-12 04:18:38,8.0,True
162,60% Manageable Allowed Depletion (MAD),"Melkassa Agricultural Research Center, Ethiopia",8°24′ N,39°21′ E,,clay loam,,2016,Haricot bean (Phaseolus vulgaris),50,,18.41 qt/ha,72 cm,4.32 kg/mm,https://doi.org/10.3390/su151310503,2025-09-12 04:23:00,9.0,True
163,80% Manageable Allowed Depletion (MAD),"Melkassa Agricultural Research Center, Ethiopia",8°24′ N,39°21′ E,,clay loam,,2016,Haricot bean (Phaseolus vulgaris),50,,25.03 qt/ha,77.7 cm,6.69 kg/mm,https://doi.org/10.3390/su151310503,2025-09-12 04:23:00,9.0,True
164,100% Manageable Allowed Depletion (MAD),"Melkassa Agricultural Research Center, Ethiopia",8°24′ N,39°21′ E,,clay loam,,2016,Haricot bean (Phaseolus vulgaris),50,,24.7 qt/ha,70.3 cm,6.72 kg/mm,https://doi.org/10.3390/su151310503,2025-09-12 04:23:00,9.0,True
165,120% Manageable Allowed Depletion (MAD),"Melkassa Agricultural Research Center, Ethiopia",8°24′ N,39°21′ E,,clay loam,,2016,Haricot bean (Phaseolus vulgaris),50,,22.36 qt/ha,72.4 cm,5.83 kg/mm,https://doi.org/10.3390/su151310503,2025-09-12 04:23:00,9.0,True
166,140% Manageable Allowed Depletion (MAD),"Melkassa Agricultural Research Center, Ethiopia",8°24′ N,39°21′ E,,clay loam,,2016,Haricot bean (Phaseolus vulgaris),50,,18.05 qt/ha,70.8 cm,4.75 kg/mm,https://doi.org/10.3390/su151310503,2025-09-12 04:23:00,9.0,True
167,60% Manageable Allowed Depletion (MAD),"Melkassa Agricultural Research Center, Ethiopia",8°24′ N,39°21′ E,,clay loam,,2017,Haricot bean (Phaseolus vulgaris),50,,19.63 qt/ha,75.7 cm,4.41 kg/mm,https://doi.org/10.3390/su151310503,2025-09-12 04:23:00,9.0,True
168,80% Manageable Allowed Depletion (MAD),"Melkassa Agricultural Research Center, Ethiopia",8°24′ N,39°21′ E,,clay loam,,2017,Haricot bean (Phaseolus vulgaris),50,,26.07 qt/ha,84.2 cm,5.78 kg/mm,https://doi.org/10.3390/su151310503,2025-09-12 04:23:00,9.0,True
169,100% Manageable Allowed Depletion (MAD),"Melkassa Agricultural Research Center, Ethiopia",8°24′ N,39°21′ E,,clay loam,,2017,Haricot bean (Phaseolus vulgaris),50,,25.7 qt/ha,86.7 cm,5.74 kg/mm,https://doi.org/10.3390/su151310503,2025-09-12 04:23:00,9.0,True
170,120% Manageable Allowed Depletion (MAD),"Melkassa Agricultural Research Center, Ethiopia",8°24′ N,39°21′ E,,clay loam,,2017,Haricot bean (Phaseolus vulgaris),50,,22.27 qt/ha,91.1 cm,5.21 kg/mm,https://doi.org/10.3390/su151310503,2025-09-12 04:23:00,9.0,True
171,140% Manageable Allowed Depletion (MAD),"Melkassa Agricultural Research Center, Ethiopia",8°24′ N,39°21′ E,,clay loam,,2017,Haricot bean (Phaseolus vulgaris),50,,18.6 qt/ha,84.9 cm,4.18 kg/mm,https://doi.org/10.3390/su151310503,2025-09-12 04:23:00,9.0,True
172,60% Manageable Allowed Depletion (MAD),"Melkassa Agricultural Research Center, Ethiopia",8°24′ N,39°21′ E,,clay loam,,2018,Haricot bean (Phaseolus vulgaris),50,,16.4 qt/ha,55.14 cm,3.94 kg/mm,https://doi.org/10.3390/su151310503,2025-09-12 04:23:00,9.0,True
173,80% Manageable Allowed Depletion (MAD),"Melkassa Agricultural Research Center, Ethiopia",8°24′ N,39°21′ E,,clay loam,,2018,Haricot bean (Phaseolus vulgaris),50,,23.46 qt/ha,66.02 cm,5.73 kg/mm,https://doi.org/10.3390/su151310503,2025-09-12 04:23:00,9.0,True
174,100% Manageable Allowed Depletion (MAD),"Melkassa Agricultural Research Center, Ethiopia",8°24′ N,39°21′ E,,clay loam,,2018,Haricot bean (Phaseolus vulgaris),50,,23.14 qt/ha,47.93 cm,5.84 kg/mm,https://doi.org/10.3390/su151310503,2025-09-12 04:23:00,9.0,True
175,120% Manageable Allowed Depletion (MAD),"Melkassa Agricultural Research Center, Ethiopia",8°24′ N,39°21′ E,,clay loam,,2018,Haricot bean (Phaseolus vulgaris),50,,21.35 qt/ha,51.08 cm,5.35 kg/mm,https://doi.org/10.3390/su151310503,2025-09-12 04:23:00,9.0,True
176,140% Manageable Allowed Depletion (MAD),"Melkassa Agricultural Research Center, Ethiopia",8°24′ N,39°21′ E,,clay loam,,2018,Haricot bean (Phaseolus vulgaris),50,,15.45 qt/ha,46.88 cm,4.04 kg/mm,https://doi.org/10.3390/su151310503,2025-09-12 04:23:00,9.0,True
195,Deficit irrigation,Southwest Kansas,,,,,,2016,Corn,,,Maximized net returns,,Irrigation scheduling based on 50% plant-available soil water threshold (MAD) maximized net returns,http://dx.doi.org/10.13031/2013.17309,2025-09-12 04:29:00,8.0,True
196,,,,,,,,,,,,,,,http://dx.doi.org/10.13031/2013.17309,2025-09-12 04:29:00,8.0,True
209,Subsurface Drip Irrigation (SDI),"Russell Ranch Sustainable Agriculture Facility, University of California, Davis",,,,,0.4 ha,"April 21, 2015",Processing Tomato (Solanum lycopersicum L.),,"Vitamin C: 6084.00 ± 46.66 ppm, β-carotene: 53.82 ± 4.35 ppm, Total phenols: 6.18 ± 0.16 mg GAE -g −1",,,IWP higher in SSD compared to furrow irrigation,http://dx.doi.org/10.1016/j.agwat.2017.01.008,2025-09-12 04:31:56,8.0,True
210,Double Drip Irrigation (DDI),"Russell Ranch Sustainable Agriculture Facility, University of California, Davis",,,,,0.4 ha,"April 21, 2015",Processing Tomato (Solanum lycopersicum L.),,"Vitamin C: 6267.50 ± 213.86 ppm, β-carotene: 64.69 ± 4.35 ppm, Total phenols: 6.24 ± 0.16 mg GAE -g −1",,,IWP higher in SSD compared to furrow irrigation,http://dx.doi.org/10.1016/j.agwat.2017.01.008,2025-09-12 04:31:56,8.0,True
211,Furrow Irrigation (FI),"Russell Ranch Sustainable Agriculture Facility, University of California, Davis",,,,,0.4 ha,"April 21, 2015",Processing Tomato (Solanum lycopersicum L.),,"Vitamin C: 6549.67 ± 522.04 ppm, β-carotene: 61.97 ± 4.62 ppm, Total phenols: 6.06 ± 0.18 mg GAE -g −1",,,IWP lower in FI compared to SSD,http://dx.doi.org/10.1016/j.agwat.2017.01.008,2025-09-12 04:31:56,8.0,True
212,Subsurface Drip Irrigation (SDI),"Russell Ranch Sustainable Agriculture Facility, University of California, Davis",,,,,0.4 ha,"April 27, 2016",Processing Tomato (Solanum lycopersicum L.),,"Vitamin C: 6084.00 ± 46.66 ppm, β-carotene: 53.82 ± 4.35 ppm, Total phenols: 6.18 ± 0.16 mg GAE -g −1",,,IWP higher in SSD compared to furrow irrigation,http://dx.doi.org/10.1016/j.agwat.2017.01.008,2025-09-12 04:31:56,8.0,True
213,Double Drip Irrigation (DDI),"Russell Ranch Sustainable Agriculture Facility, University of California, Davis",,,,,0.4 ha,"April 27, 2016",Processing Tomato (Solanum lycopersicum L.),,"Vitamin C: 6267.50 ± 213.86 ppm, β-carotene: 64.69 ± 4.35 ppm, Total phenols: 6.24 ± 0.16 mg GAE -g −1",,,IWP higher in SSD compared to furrow irrigation,http://dx.doi.org/10.1016/j.agwat.2017.01.008,2025-09-12 04:31:56,8.0,True
214,Furrow Irrigation (FI),"Russell Ranch Sustainable Agriculture Facility, University of California, Davis",,,,,0.4 ha,"April 27, 2016",Processing Tomato (Solanum lycopersicum L.),,"Vitamin C: 6549.67 ± 522.04 ppm, β-carotene: 61.97 ± 4.62 ppm, Total phenols: 6.06 ± 0.18 mg GAE -g −1",,,IWP lower in FI compared to SSD,http://dx.doi.org/10.1016/j.agwat.2017.01.008,2025-09-12 04:31:56,8.0,True
394,Full irrigation (control),"Piracicaba, SP, Brazil",-22.7284,-47.6492,,Franco Arenoso,,06 November 2012,Glycine Max (L.) Merrill.,,,3384.3 kg ha-1,110.3 cm,,https://doi.org/10.18011/bioeng2016v10n3p305-315,2025-09-12 04:53:56,9.0,True
395,Deficit irrigation 30% (S1),"Piracicaba, SP, Brazil",-22.7284,-47.6492,,Franco Arenoso,,06 November 2012,Glycine Max (L.) Merrill.,,,2626.0 kg ha-1,87.1 cm,,https://doi.org/10.18011/bioeng2016v10n3p305-315,2025-09-12 04:53:56,9.0,True
396,Deficit irrigation 30% (S2),"Piracicaba, SP, Brazil",-22.7284,-47.6492,,Franco Arenoso,,06 November 2012,Glycine Max (L.) Merrill.,,,3042.8 kg ha-1,99.5 cm,,https://doi.org/10.18011/bioeng2016v10n3p305-315,2025-09-12 04:53:56,9.0,True
397,Deficit irrigation 30% (S3),"Piracicaba, SP, Brazil",-22.7284,-47.6492,,Franco Arenoso,,06 November 2012,Glycine Max (L.) Merrill.,,,2736.5 kg ha-1,103.4 cm,,https://doi.org/10.18011/bioeng2016v10n3p305-315,2025-09-12 04:53:56,9.0,True
398,Deficit irrigation 30% (S4),"Piracicaba, SP, Brazil",-22.7284,-47.6492,,Franco Arenoso,,06 November 2012,Glycine Max (L.) Merrill.,,,3087.4 kg ha-1,101.4 cm,,https://doi.org/10.18011/bioeng2016v10n3p305-315,2025-09-12 04:53:56,9.0,True
399,Deficit irrigation 30% (Total Cycle),"Piracicaba, SP, Brazil",-22.7284,-47.6492,,Franco Arenoso,,06 November 2012,Glycine Max (L.) Merrill.,,,1956.8 kg ha-1,86.9 cm,,https://doi.org/10.18011/bioeng2016v10n3p305-315,2025-09-12 04:53:56,9.0,True
400,Deficit irrigation 50% (S1),"Piracicaba, SP, Brazil",-22.7284,-47.6492,,Franco Arenoso,,06 November 2012,Glycine Max (L.) Merrill.,,,2388.0 kg ha-1,99.6 cm,,https://doi.org/10.18011/bioeng2016v10n3p305-315,2025-09-12 04:53:56,9.0,True
401,Deficit irrigation 50% (S2),"Piracicaba, SP, Brazil",-22.7284,-47.6492,,Franco Arenoso,,06 November 2012,Glycine Max (L.) Merrill.,,,2271.3 kg ha-1,87.6 cm,,https://doi.org/10.18011/bioeng2016v10n3p305-315,2025-09-12 04:53:56,9.0,True
402,Deficit irrigation 50% (S3),"Piracicaba, SP, Brazil",-22.7284,-47.6492,,Franco Arenoso,,06 November 2012,Glycine Max (L.) Merrill.,,,2228.0 kg ha-1,107.6 cm,,https://doi.org/10.18011/bioeng2016v10n3p305-315,2025-09-12 04:53:56,9.0,True
403,Deficit irrigation 50% (S4),"Piracicaba, SP, Brazil",-22.7284,-47.6492,,Franco Arenoso,,06 November 2012,Glycine Max (L.) Merrill.,,,2968.7 kg ha-1,107.1 cm,,https://doi.org/10.18011/bioeng2016v10n3p305-315,2025-09-12 04:53:56,9.0,True
404,Deficit irrigation 50% (Total Cycle),"Piracicaba, SP, Brazil",-22.7284,-47.6492,,Franco Arenoso,,06 November 2012,Glycine Max (L.) Merrill.,,,1224.8 kg ha-1,71.4 cm,,https://doi.org/10.18011/bioeng2016v10n3p305-315,2025-09-12 04:53:56,9.0,True
405,Excess irrigation (150% of ETc),"Piracicaba, SP, Brazil",-22.7284,-47.6492,,Franco Arenoso,,06 November 2012,Glycine Max (L.) Merrill.,,,4037.2 kg ha-1,,,https://doi.org/10.18011/bioeng2016v10n3p305-315,2025-09-12 04:53:56,9.0,True
406,Control (water received according to culture demands),New Zealand,,,,,,1998,Kiwifruit,,,Significant loss in fruit weight,,,https://doi.org/10.5772/30182,2025-09-12 04:56:24,8.0,True
407,Water stress in early summer,New Zealand,,,,,,1998,Kiwifruit,,,Significant loss in fruit weight,,,https://doi.org/10.5772/30182,2025-09-12 04:56:24,8.0,True
408,Water stress in late summer,New Zealand,,,,,,1998,Kiwifruit,,,Significant loss in fruit weight,,,https://doi.org/10.5772/30182,2025-09-12 04:56:24,8.0,True
409,,,,,,,,2010,Strawberry,,Lower redness (higher hº value),Equivalent or smaller berry size than control plants,,,https://doi.org/10.5772/30182,2025-09-12 04:56:24,8.0,True
410,Early deficit irrigation (EDI),,,,,,,2001,Apple,,Higher contents of TSS and firmness,"Lower fruit weight, total yield and fresh-market yield at harvest than control",,,https://doi.org/10.5772/30182,2025-09-12 04:56:24,8.0,True
411,Late deficit irrigation (LDI),,,,,,,2001,Apple,,Higher contents of TSS and firmness,"Lower fruit weight, total yield and fresh-market yield at harvest than control",,,https://doi.org/10.5772/30182,2025-09-12 04:56:24,8.0,True
412,Whole-season deficit irrigation (WDI),,,,,,,2001,Apple,,Higher contents of TSS and firmness,"Lower fruit weight, total yield and fresh-market yield at harvest than control",,,https://doi.org/10.5772/30182,2025-09-12 04:56:24,8.0,True
413,100% Evapotranspiration (ETc),,,,,,,2009,Pear,,Higher contents of total soluble solids,"Lower weight, total yield and fresh-market yield at harvest than control",,,https://doi.org/10.5772/30182,2025-09-12 04:56:24,8.0,True
414,20% ETc,,,,,,,2009,Pear,,Higher contents of total soluble solids,"Lower weight, total yield and fresh-market yield at harvest than control",,,https://doi.org/10.5772/30182,2025-09-12 04:56:24,8.0,True
415,100% ETc,,,,,,,2007,Apricot,,,,,,https://doi.org/10.5772/30182,2025-09-12 04:56:24,8.0,True
416,Regulated deficit irrigation (RDI),,,,,,,2007,Apricot,,"Higher values of total soluble solids (TSS), titratable acidity (TA) and hº value (skin colour)",,,,https://doi.org/10.5772/30182,2025-09-12 04:56:24,8.0,True
417,50% water regime,,,,,,,2007,Apricot,,"Higher values of total soluble solids (TSS), titratable acidity (TA) and hº value (skin colour)",,,,https://doi.org/10.5772/30182,2025-09-12 04:56:24,8.0,True
418,RDI-SII,,,,,,,2003,Peach,,Higher concentration of soluble solids and accentuated red colour,,,,https://doi.org/10.5772/30182,2025-09-12 04:56:24,8.0,True
419,RDI-SII-PH,,,,,,,2003,Peach,,Higher concentration of soluble solids and accentuated red colour,,,,https://doi.org/10.5772/30182,2025-09-12 04:56:24,8.0,True
420,RDI,,,,,,,2010,Plum,,Higher values of TSS,Minimal effect on crop yield and fruit growth,,30% of water savings,https://doi.org/10.5772/30182,2025-09-12 04:56:24,8.0,True
421,Control (100% ETc),"Andalusia, Spain",,,,,,2005-2007,Orange,,Increased TSS and TA,No significant yield loss,,,https://doi.org/10.5772/30182,2025-09-12 04:56:24,8.0,True
422,Low deficit irrigation (75% ETc),"Andalusia, Spain",,,,,,2005-2007,Orange,,Increased TSS and TA,No significant yield loss,,,https://doi.org/10.5772/30182,2025-09-12 04:56:24,8.0,True
423,Moderate deficit irrigation (65% ETc),"Andalusia, Spain",,,,,,2005-2007,Orange,,Increased TSS and TA,No significant yield loss,,,https://doi.org/10.5772/30182,2025-09-12 04:56:24,8.0,True
424,Severe deficit irrigation (50% ETc),"Andalusia, Spain",,,,,,2005-2007,Orange,,Increased TSS and TA,No significant yield loss,,,https://doi.org/10.5772/30182,2025-09-12 04:56:24,8.0,True
425,Control (both sides of the root zone irrigated),Northwest China,,,,,,2008,Grape,,Higher concentrations of ascorbic acid and total soluble solids,No significant yield losses,,,https://doi.org/10.5772/30182,2025-09-12 04:56:24,8.0,True
426,Alternate drip irrigation (one side at a time),Northwest China,,,,,,2008,Grape,,Higher concentrations of ascorbic acid and total soluble solids,No significant yield losses,,,https://doi.org/10.5772/30182,2025-09-12 04:56:24,8.0,True
427,Fix drip irrigation (only one side),Northwest China,,,,,,2008,Grape,,Higher concentrations of ascorbic acid and total soluble solids,No significant yield losses,,,https://doi.org/10.5772/30182,2025-09-12 04:56:24,8.0,True
428,1.0 ETc,,,,,,,2008,Mini-watermelon,,,Highest fruit yields,,,https://doi.org/10.5772/30182,2025-09-12 04:56:24,8.0,True
429,0.75 ETc,,,,,,,2008,Mini-watermelon,,,Highest fruit yields,,,https://doi.org/10.5772/30182,2025-09-12 04:56:24,8.0,True
430,0.5 ETc,,,,,,,2008,Mini-watermelon,,,Lower yields compared to 1.0 and 0.75 ETc,,,https://doi.org/10.5772/30182,2025-09-12 04:56:24,8.0,True
431,Control (100% of field capacity),Bolivian highlands,,,,,,2000,Potato,,,,,,https://doi.org/10.5772/30182,2025-09-12 04:56:24,8.0,True
432,Moderate water stress (50% of field capacity),Bolivian highlands,,,,,,2000,Potato,,,,,,https://doi.org/10.5772/30182,2025-09-12 04:56:24,8.0,True
433,Control (100% of field capacity),,,,,,,2005,Tomato,,,,,,https://doi.org/10.5772/30182,2025-09-12 04:56:24,8.0,True
434,Moderate water stress (50% of field capacity),,,,,,,2005,Tomato,,,,,,https://doi.org/10.5772/30182,2025-09-12 04:56:24,8.0,True
435,Control (100% of field capacity),,,,,,,2005,Lettuce,,,,,,https://doi.org/10.5772/30182,2025-09-12 04:56:24,8.0,True
436,Water stress,,,,,,,2005,Lettuce,,,,,,https://doi.org/10.5772/30182,2025-09-12 04:56:24,8.0,True
437,Control (80% of field capacity),,,,,,,2009,Mustard,,,,,,https://doi.org/10.5772/30182,2025-09-12 04:56:24,8.0,True
438,Water stress,,,,,,,2009,Mustard,,,,,,https://doi.org/10.5772/30182,2025-09-12 04:56:24,8.0,True
439,Control (0.04 MPa),,,,,,,2008,Broccoli,,,,,,https://doi.org/10.5772/30182,2025-09-12 04:56:24,8.0,True
440,Low soil water content (0.40 MPa),,,,,,,2008,Broccoli,,,,,,https://doi.org/10.5772/30182,2025-09-12 04:56:24,8.0,True
441,Well-watered (100% of plant evaporation),,,,,,,2002,Eggplant,,,"Highest yield, largest and heaviest fruit",,,https://doi.org/10.5772/30182,2025-09-12 04:56:24,8.0,True
442,Water-stressed (90% of plant evaporation),,,,,,,2002,Eggplant,,Slightly lighter fruit,,,,https://doi.org/10.5772/30182,2025-09-12 04:56:24,8.0,True
443,Water-stressed (80% of plant evaporation),,,,,,,2002,Eggplant,,,Reduced marketable yield by 12%,,20.4% water saving,https://doi.org/10.5772/30182,2025-09-12 04:56:24,8.0,True
444,Water-stressed (70% of plant evaporation),,,,,,,2002,Eggplant,,,Reduced marketable yield by 28.6%,,,https://doi.org/10.5772/30182,2025-09-12 04:56:24,8.0,True
445,Fertigation with Nitrogen,"Dourados, MS","22° 11' 45"" S","54° 55' 18"" W",446 m,Latossolo Vermelho distroférrico,,22/10/2012,Brassica oleracea var. italica,24,,6899.00 kg ha-1,,,https://doi.org/10.13083/reveng.v27i5.979,2025-09-12 04:57:35,8.0,True
446,Fertigation with Nitrogen,"Dourados, MS","22° 11' 45"" S","54° 55' 18"" W",446 m,Latossolo Vermelho distroférrico,,22/10/2012,Brassica oleracea var. italica,24,,9731.43 kg ha-1,,,https://doi.org/10.13083/reveng.v27i5.979,2025-09-12 04:57:35,8.0,True
447,Fertigation with Nitrogen,"Dourados, MS","22° 11' 45"" S","54° 55' 18"" W",446 m,Latossolo Vermelho distroférrico,,22/10/2012,Brassica oleracea var. italica,24,,,,6.04 mm dia-1,https://doi.org/10.13083/reveng.v27i5.979,2025-09-12 04:57:35,8.0,True
448,Fertigation with Nitrogen,"Dourados, MS","22° 11' 45"" S","54° 55' 18"" W",446 m,Latossolo Vermelho distroférrico,,22/10/2012,Brassica oleracea var. italica,24,,,,393.4 mm,https://doi.org/10.13083/reveng.v27i5.979,2025-09-12 04:57:35,8.0,True
449,Drip irrigation with soil water tension management at 15 kPa,"Federal University of Lavras, Minas Gerais, Brazil",21º 14' S,45º 00' W,918 m,red oxisol,210 m2,May to August 2012,Broccoli (Brassica oleracea L.),6 per block,"Total fresh weight: 0.84 kg, Marketable fresh weight: 0.76 kg, Average diameter: 20.5 cm","Total yield: 26.5 t ha-1, Marketable yield: 23.7 t ha-1",Average head height: 11.7 cm,Maximum efficiency: 97.1 kg ha-1 mm-1,https://doi.org/10.5433/1679-0359.2016v37n1p7,2025-09-12 04:58:40,9.0,True
450,Drip irrigation with soil water tension management at 30 kPa,"Federal University of Lavras, Minas Gerais, Brazil",21º 14' S,45º 00' W,918 m,red oxisol,210 m2,May to August 2012,Broccoli (Brassica oleracea L.),6 per block,"Total fresh weight: NA, Marketable fresh weight: NA, Average diameter: NA","Total yield: NA, Marketable yield: NA",Average head height: NA,,https://doi.org/10.5433/1679-0359.2016v37n1p7,2025-09-12 04:58:40,9.0,True
451,Drip irrigation with soil water tension management at 45 kPa,"Federal University of Lavras, Minas Gerais, Brazil",21º 14' S,45º 00' W,918 m,red oxisol,210 m2,May to August 2012,Broccoli (Brassica oleracea L.),6 per block,"Total fresh weight: NA, Marketable fresh weight: NA, Average diameter: NA","Total yield: NA, Marketable yield: NA",Average head height: NA,,https://doi.org/10.5433/1679-0359.2016v37n1p7,2025-09-12 04:58:40,9.0,True
452,Drip irrigation with soil water tension management at 60 kPa,"Federal University of Lavras, Minas Gerais, Brazil",21º 14' S,45º 00' W,918 m,red oxisol,210 m2,May to August 2012,Broccoli (Brassica oleracea L.),6 per block,"Total fresh weight: NA, Marketable fresh weight: NA, Average diameter: NA","Total yield: NA, Marketable yield: NA",Average head height: NA,Maximum efficiency: 97.1 kg ha-1 mm-1,https://doi.org/10.5433/1679-0359.2016v37n1p7,2025-09-12 04:58:40,9.0,True
453,Drip irrigation with soil water tension management at 75 kPa,"Federal University of Lavras, Minas Gerais, Brazil",21º 14' S,45º 00' W,918 m,red oxisol,210 m2,May to August 2012,Broccoli (Brassica oleracea L.),6 per block,"Total fresh weight: NA, Marketable fresh weight: NA, Average diameter: NA","Total yield: NA, Marketable yield: NA",Average head height: NA,,https://doi.org/10.5433/1679-0359.2016v37n1p7,2025-09-12 04:58:40,9.0,True
454,Drip irrigation with soil water tension management at 90 kPa,"Federal University of Lavras, Minas Gerais, Brazil",21º 14' S,45º 00' W,918 m,red oxisol,210 m2,May to August 2012,Broccoli (Brassica oleracea L.),6 per block,"Total fresh weight: NA, Marketable fresh weight: NA, Average diameter: NA","Total yield: NA, Marketable yield: NA",Average head height: NA,,https://doi.org/10.5433/1679-0359.2016v37n1p7,2025-09-12 04:58:40,9.0,True
461,Deficit Irrigation (DI),"Kafrelsheikh, Egypt",31.0N,30.9E,,clay,40 m2,2016/2017 and 2017/2018,Triticum aestivum L. (wheat),,,4.158 t ha−1,101.17 cm,,https://doi.org/10.1038/s41598-020-59650-8,2025-09-12 05:06:10,8.0,True
462,Full Irrigation (FI),"Kafrelsheikh, Egypt",31.0N,30.9E,,clay,40 m2,2016/2017 and 2017/2018,Triticum aestivum L. (wheat),,,5.150 t ha−1,105.17 cm,,https://doi.org/10.1038/s41598-020-59650-8,2025-09-12 05:06:10,8.0,True
463,Deficit Irrigation (DI),"El-Riad, Egypt",31.3N,31.2E,,clay,40 m2,2016/2017 and 2017/2018,Triticum aestivum L. (wheat),,,2.946 t ha−1,90.33 cm,,https://doi.org/10.1038/s41598-020-59650-8,2025-09-12 05:06:10,8.0,True
464,Full Irrigation (FI),"El-Riad, Egypt",31.3N,31.2E,,clay,40 m2,2016/2017 and 2017/2018,Triticum aestivum L. (wheat),,,3.894 t ha−1,92.50 cm,,https://doi.org/10.1038/s41598-020-59650-8,2025-09-12 05:06:10,8.0,True
465,Deficit Irrigation (DI),"Hamoul, Egypt",31.4N,31.5E,,clay,40 m2,2016/2017 and 2017/2018,Triticum aestivum L. (wheat),,,2.343 t ha−1,86.00 cm,,https://doi.org/10.1038/s41598-020-59650-8,2025-09-12 05:06:10,8.0,True
466,Full Irrigation (FI),"Hamoul, Egypt",31.4N,31.5E,,clay,40 m2,2016/2017 and 2017/2018,Triticum aestivum L. (wheat),,,2.950 t ha−1,87.67 cm,,https://doi.org/10.1038/s41598-020-59650-8,2025-09-12 05:06:10,8.0,True
467,Sustained Deficit Irrigation (SDI) 100% ETc,"Alborz province, Iran",35° 48′ N,50° 57′ E,1293 M,sandy loams,,2017,Malus domestica Borkh (Golab),,,,,,https://doi.org/10.1186/s40659-020-00325-z,2025-09-12 05:09:10,8.0,True
468,Sustained Deficit Irrigation (SDI) 85% ETc,"Alborz province, Iran",35° 48′ N,50° 57′ E,1293 M,sandy loams,,2017,Malus domestica Borkh (Golab),,,,,,https://doi.org/10.1186/s40659-020-00325-z,2025-09-12 05:09:10,8.0,True
469,Sustained Deficit Irrigation (SDI) 70% ETc,"Alborz province, Iran",35° 48′ N,50° 57′ E,1293 M,sandy loams,,2017,Malus domestica Borkh (Golab),,,,,,https://doi.org/10.1186/s40659-020-00325-z,2025-09-12 05:09:10,8.0,True
470,Sustained Deficit Irrigation (SDI) 100% ETc,"Alborz province, Iran",35° 48′ N,50° 57′ E,1293 M,sandy loams,,2018,Malus domestica Borkh (Golab),,,,,,https://doi.org/10.1186/s40659-020-00325-z,2025-09-12 05:09:10,8.0,True
471,Sustained Deficit Irrigation (SDI) 85% ETc,"Alborz province, Iran",35° 48′ N,50° 57′ E,1293 M,sandy loams,,2018,Malus domestica Borkh (Golab),,,,,,https://doi.org/10.1186/s40659-020-00325-z,2025-09-12 05:09:10,8.0,True
472,Sustained Deficit Irrigation (SDI) 70% ETc,"Alborz province, Iran",35° 48′ N,50° 57′ E,1293 M,sandy loams,,2018,Malus domestica Borkh (Golab),,,,,,https://doi.org/10.1186/s40659-020-00325-z,2025-09-12 05:09:10,8.0,True
473,Sustained Deficit Irrigation (SDI) 100% ETc,"Alborz province, Iran",35° 48′ N,50° 57′ E,1293 M,sandy loams,,2017,Malus domestica Borkh (Shafi-Abadi),,,,,,https://doi.org/10.1186/s40659-020-00325-z,2025-09-12 05:09:10,8.0,True
474,Sustained Deficit Irrigation (SDI) 85% ETc,"Alborz province, Iran",35° 48′ N,50° 57′ E,1293 M,sandy loams,,2017,Malus domestica Borkh (Shafi-Abadi),,,,,,https://doi.org/10.1186/s40659-020-00325-z,2025-09-12 05:09:10,8.0,True
475,Sustained Deficit Irrigation (SDI) 70% ETc,"Alborz province, Iran",35° 48′ N,50° 57′ E,1293 M,sandy loams,,2017,Malus domestica Borkh (Shafi-Abadi),,,,,,https://doi.org/10.1186/s40659-020-00325-z,2025-09-12 05:09:10,8.0,True
476,Sustained Deficit Irrigation (SDI) 100% ETc,"Alborz province, Iran",35° 48′ N,50° 57′ E,1293 M,sandy loams,,2018,Malus domestica Borkh (Shafi-Abadi),,,,,,https://doi.org/10.1186/s40659-020-00325-z,2025-09-12 05:09:10,8.0,True
477,Sustained Deficit Irrigation (SDI) 85% ETc,"Alborz province, Iran",35° 48′ N,50° 57′ E,1293 M,sandy loams,,2018,Malus domestica Borkh (Shafi-Abadi),,,,,,https://doi.org/10.1186/s40659-020-00325-z,2025-09-12 05:09:10,8.0,True
478,Sustained Deficit Irrigation (SDI) 70% ETc,"Alborz province, Iran",35° 48′ N,50° 57′ E,1293 M,sandy loams,,2018,Malus domestica Borkh (Shafi-Abadi),,,,,,https://doi.org/10.1186/s40659-020-00325-z,2025-09-12 05:09:10,8.0,True
479,Full Irrigation,"Islamia University, Bahawalpur, Pakistan",,,,,11m x 22m,2017-2018,Gossypium hirsutum L.,,,4456.7 kg ha-1,172 cm,4.93 kg ha-1mm-1,https://doi.org/10.1007/s11356-021-15259-6,2025-09-12 05:12:17,9.0,True
480,Partial Root Zone Drying (50% less water than Full Irrigation),"Islamia University, Bahawalpur, Pakistan",,,,,11m x 22m,2017-2018,Gossypium hirsutum L.,,,2958.7 kg ha-1,115.4 cm,5.63 kg ha-1mm-1,https://doi.org/10.1007/s11356-021-15259-6,2025-09-12 05:12:17,9.0,True
481,Full Irrigation,"Islamia University, Bahawalpur, Pakistan",,,,,11m x 22m,2017-2018,Gossypium hirsutum L.,,,4248.3 kg ha-1,169.8 cm,4.04 kg ha-1mm-1,https://doi.org/10.1007/s11356-021-15259-6,2025-09-12 05:12:17,9.0,True
482,Partial Root Zone Drying (50% less water than Full Irrigation),"Islamia University, Bahawalpur, Pakistan",,,,,11m x 22m,2017-2018,Gossypium hirsutum L.,,,2863.7 kg ha-1,110.2 cm,4.81 kg ha-1mm-1,https://doi.org/10.1007/s11356-021-15259-6,2025-09-12 05:12:17,9.0,True
483,Full Irrigation,"Islamia University, Bahawalpur, Pakistan",,,,,11m x 22m,2017-2018,Gossypium hirsutum L.,,,3707 kg ha-1,,,https://doi.org/10.1007/s11356-021-15259-6,2025-09-12 05:12:17,9.0,True
484,Partial Root Zone Drying (50% less water than Full Irrigation),"Islamia University, Bahawalpur, Pakistan",,,,,11m x 22m,2017-2018,Gossypium hirsutum L.,,,,,,https://doi.org/10.1007/s11356-021-15259-6,2025-09-12 05:12:17,9.0,True
485,Partial root-zone drying (PRD),Australia,,,,,,,Grapes,,,3.69,,13.9,https://doi.org/10.1186/s42269-020-00413-w,2025-09-12 05:13:00,8.0,True
486,,Serbia,,,,,,,Potato,,,50.46,,380.14,https://doi.org/10.1186/s42269-020-00413-w,2025-09-12 05:13:00,8.0,True
487,,New Zealand,,,,,,,Tomato,,,49.8,,2.2,https://doi.org/10.1186/s42269-020-00413-w,2025-09-12 05:13:00,8.0,True
488,,Malaysia,,,,,,,Tomato,,,7.44,,2.39,https://doi.org/10.1186/s42269-020-00413-w,2025-09-12 05:13:00,8.0,True
489,,Serbia,,,,,,,Tomato,,,10.05,,0.34,https://doi.org/10.1186/s42269-020-00413-w,2025-09-12 05:13:00,8.0,True
490,,Syria,,,,,,,Maize,,,6.1,,16.2,https://doi.org/10.1186/s42269-020-00413-w,2025-09-12 05:13:00,8.0,True
491,,Egypt,,,,,,,Sugarcane,,,57.33,,16.1,https://doi.org/10.1186/s42269-020-00413-w,2025-09-12 05:13:00,8.0,True
492,,Iran,,,,,,,Canola,,,1.63,,0.67,https://doi.org/10.1186/s42269-020-00413-w,2025-09-12 05:13:00,8.0,True
493,,Peru,,,,,,,Potato,,,36.2,,8.1,https://doi.org/10.1186/s42269-020-00413-w,2025-09-12 05:13:00,8.0,True
494,,Egypt,,,,,,,Tomato,,,9.00,,43,https://doi.org/10.1186/s42269-020-00413-w,2025-09-12 05:13:00,8.0,True
495,,New Zealand,,,,,,,Pepper,,,3.45,,2.00,https://doi.org/10.1186/s42269-020-00413-w,2025-09-12 05:13:00,8.0,True
496,,Turkey,,,,,,,Maize,,,6.97,,2.09,https://doi.org/10.1186/s42269-020-00413-w,2025-09-12 05:13:00,8.0,True
497,,China,,,,,,,Cotton,,,5.4,,,https://doi.org/10.1186/s42269-020-00413-w,2025-09-12 05:13:00,8.0,True
498,,Pakistan,,,,,,,Wheat,,,4.75,,2.67,https://doi.org/10.1186/s42269-020-00413-w,2025-09-12 05:13:00,8.0,True
499,80% of ETc,"Sais plain, Fez-Meknes region, Morocco","33°54'46.5"" N","5°39'26.5"" W",488 m,,,2018-2019,Peach (Agate Monag),42,,22.3 kg/tree,,,https://doi.org/10.17509/ijost.v9i1.64032,2025-09-12 05:13:53,8.0,True
500,100% of ETc,"Sais plain, Fez-Meknes region, Morocco","33°54'46.5"" N","5°39'26.5"" W",488 m,,,2018-2019,Peach (Agate Monag),42,,24.68 kg/tree,,,https://doi.org/10.17509/ijost.v9i1.64032,2025-09-12 05:13:53,8.0,True
501,80% of ETc,"Sais plain, Fez-Meknes region, Morocco","33°54'46.5"" N","5°39'26.5"" W",488 m,,,2018-2019,Peach (Agate Monag),42,,24.08 kg/tree,,,https://doi.org/10.17509/ijost.v9i1.64032,2025-09-12 05:13:53,8.0,True
502,100% of ETc,"Sais plain, Fez-Meknes region, Morocco","33°54'46.5"" N","5°39'26.5"" W",488 m,,,2018-2019,Peach (Agate Monag),42,,26.6 kg/tree,,,https://doi.org/10.17509/ijost.v9i1.64032,2025-09-12 05:13:53,8.0,True
503,80% of ETc,"Sais plain, Fez-Meknes region, Morocco","33°54'46.5"" N","5°39'26.5"" W",488 m,,,2018-2019,Peach (Agate Monag),42,,22.3 kg/tree,,,https://doi.org/10.17509/ijost.v9i1.64032,2025-09-12 05:13:53,8.0,True
504,100% of ETc,"Sais plain, Fez-Meknes region, Morocco","33°54'46.5"" N","5°39'26.5"" W",488 m,,,2018-2019,Peach (Agate Monag),42,,24.08 kg/tree,,,https://doi.org/10.17509/ijost.v9i1.64032,2025-09-12 05:13:53,8.0,True
505,80% of ETc,"Sais plain, Fez-Meknes region, Morocco","33°54'46.5"" N","5°39'26.5"" W",488 m,,,2018-2019,Peach (Agate Monag),42,,24.68 kg/tree,,,https://doi.org/10.17509/ijost.v9i1.64032,2025-09-12 05:13:53,8.0,True
506,100% of ETc,"Sais plain, Fez-Meknes region, Morocco","33°54'46.5"" N","5°39'26.5"" W",488 m,,,2018-2019,Peach (Agate Monag),42,,26.6 kg/tree,,,https://doi.org/10.17509/ijost.v9i1.64032,2025-09-12 05:13:53,8.0,True
507,Rainfed,"Fuente-Álamo, Albacete, Spain",38°43′ N,1°28′ W,820 m,loamy-sandy,,2016-2018,Vitis vinifera L. cv. Monastrell,2222 vines/ha,"higher concentrations of anthocyanins, TPI, and CI",5.3 a to 14.1 a t/ha,,6.81 b to 7.13 b kg/m3,https://doi.org/10.1007/s00271-022-00795-x,2025-09-12 05:15:05,9.0,True
508,Control,"Fuente-Álamo, Albacete, Spain",38°43′ N,1°28′ W,820 m,loamy-sandy,,2016-2018,Vitis vinifera L. cv. Monastrell,2222 vines/ha,"lower concentrations of anthocyanins, TPI, and CI compared to Rainfed",8.8 c to 21.3 c t/ha,,5.12 a to 6.77 kg/m3,https://doi.org/10.1007/s00271-022-00795-x,2025-09-12 05:15:05,9.0,True
509,Sulphate treatment (Control + Sulphates),"Fuente-Álamo, Albacete, Spain",38°43′ N,1°28′ W,820 m,loamy-sandy,,2016-2018,Vitis vinifera L. cv. Monastrell,2222 vines/ha,,8.4 c to 18.9 b t/ha,,3.53 a to 6.05 kg/m3,https://doi.org/10.1007/s00271-022-00795-x,2025-09-12 05:15:05,9.0,True
510,Chloride treatment (Control + Chloride),"Fuente-Álamo, Albacete, Spain",38°43′ N,1°28′ W,820 m,loamy-sandy,,2016-2018,Vitis vinifera L. cv. Monastrell,2222 vines/ha,,8.4 c to 19.3 b t/ha,,4.04 a to 6.17 kg/m3,https://doi.org/10.1007/s00271-022-00795-x,2025-09-12 05:15:05,9.0,True
511,Sulphate after veraison treatment (Control + Sulphates post-veraison),"Fuente-Álamo, Albacete, Spain",38°43′ N,1°28′ W,820 m,loamy-sandy,,2016-2018,Vitis vinifera L. cv. Monastrell,2222 vines/ha,,7.9 b to 17.6 b t/ha,,3.98 a to 5.61 kg/m3,https://doi.org/10.1007/s00271-022-00795-x,2025-09-12 05:15:05,9.0,True
512,Chloride after veraison treatment (Control + Chloride post-veraison),"Fuente-Álamo, Albacete, Spain",38°43′ N,1°28′ W,820 m,loamy-sandy,,2016-2018,Vitis vinifera L. cv. Monastrell,2222 vines/ha,,7.1 b to 18.2 b t/ha,,4.03 a to 5.98 kg/m3,https://doi.org/10.1007/s00271-022-00795-x,2025-09-12 05:15:05,9.0,True
513,Partial Root-Zone Drying (PRD) 7 days 50%,"Bom Jesus da Lapa, Bahia, Brazil",13°15′29″ S,43°33′7″ W,441 m,sandy clay loam,,January 2016 to May 2017,Carica papaya L.,5 usable plants per replicate,,"70,564 kg ha−1",2.91 m,9.26 kg/m3,https://doi.org/10.1038/s41598-021-90078-w,2025-09-12 05:19:54,9.0,True
514,Partial Root-Zone Drying (PRD) 7 days 35%,"Bom Jesus da Lapa, Bahia, Brazil",13°15′29″ S,43°33′7″ W,441 m,sandy clay loam,,January 2016 to May 2017,Carica papaya L.,5 usable plants per replicate,,"89,933 kg ha−1",2.86 m,9.08 kg/m3,https://doi.org/10.1038/s41598-021-90078-w,2025-09-12 05:19:54,9.0,True
515,Partial Root-Zone Drying (PRD) 14 days 50%,"Bom Jesus da Lapa, Bahia, Brazil",13°15′29″ S,43°33′7″ W,441 m,sandy clay loam,,January 2016 to May 2017,Carica papaya L.,5 usable plants per replicate,,"70,253 kg ha−1",2.65 m,9.22 kg/m3,https://doi.org/10.1038/s41598-021-90078-w,2025-09-12 05:19:54,9.0,True
516,Partial Root-Zone Drying (PRD) 14 days 35%,"Bom Jesus da Lapa, Bahia, Brazil",13°15′29″ S,43°33′7″ W,441 m,sandy clay loam,,January 2016 to May 2017,Carica papaya L.,5 usable plants per replicate,,"84,453 kg ha−1",,8.52 kg/m3,https://doi.org/10.1038/s41598-021-90078-w,2025-09-12 05:19:54,9.0,True
517,Partial Root-Zone Drying (PRD) 21 days 50%,"Bom Jesus da Lapa, Bahia, Brazil",13°15′29″ S,43°33′7″ W,441 m,sandy clay loam,,January 2016 to May 2017,Carica papaya L.,5 usable plants per replicate,,"67,594 kg ha−1",2.81 m,8.87 kg/m3,https://doi.org/10.1038/s41598-021-90078-w,2025-09-12 05:19:54,9.0,True
518,Partial Root-Zone Drying (PRD) 21 days 35%,"Bom Jesus da Lapa, Bahia, Brazil",13°15′29″ S,43°33′7″ W,441 m,sandy clay loam,,January 2016 to May 2017,Carica papaya L.,5 usable plants per replicate,,"71,837 kg ha−1",,7.25 kg/m3,https://doi.org/10.1038/s41598-021-90078-w,2025-09-12 05:19:54,9.0,True
519,Fixed Irrigation (FX) 50%,"Bom Jesus da Lapa, Bahia, Brazil",13°15′29″ S,43°33′7″ W,441 m,sandy clay loam,,January 2016 to May 2017,Carica papaya L.,5 usable plants per replicate,,"70,058 kg ha−1",2.64 m,9.19 kg/m3,https://doi.org/10.1038/s41598-021-90078-w,2025-09-12 05:19:54,9.0,True
520,Fixed Irrigation (FX) 35%,"Bom Jesus da Lapa, Bahia, Brazil",13°15′29″ S,43°33′7″ W,441 m,sandy clay loam,,January 2016 to May 2017,Carica papaya L.,5 usable plants per replicate,,"71,467 kg ha−1",2.65 m,7.21 kg/m3,https://doi.org/10.1038/s41598-021-90078-w,2025-09-12 05:19:54,9.0,True
521,Full Irrigation (FU),"Bom Jesus da Lapa, Bahia, Brazil",13°15′29″ S,43°33′7″ W,441 m,sandy clay loam,,January 2016 to May 2017,Carica papaya L.,5 usable plants per replicate,,"96,218 kg ha−1",2.94 m,6.31 kg/m3,https://doi.org/10.1038/s41598-021-90078-w,2025-09-12 05:19:54,9.0,True
522,Partial Root-Zone Drying (PRD) 7 days 50%,"Jaíba, Minas Gerais, Brazil",15°07′47″ S,43°57′0.5″ W,551 m,sandy loam,,May 2016 to September 2017,Carica papaya L.,5 usable plants per replicate,,"60,464 kg ha−1",1.37 m,7.16 kg/m3,https://doi.org/10.1038/s41598-021-90078-w,2025-09-12 05:19:54,9.0,True
523,Partial Root-Zone Drying (PRD) 14 days 50%,"Jaíba, Minas Gerais, Brazil",15°07′47″ S,43°57′0.5″ W,551 m,sandy loam,,May 2016 to September 2017,Carica papaya L.,5 usable plants per replicate,,"60,948 kg ha−1",1.40 m,7.22 kg/m3,https://doi.org/10.1038/s41598-021-90078-w,2025-09-12 05:19:54,9.0,True
524,Partial Root-Zone Drying (PRD) 21 days 50%,"Jaíba, Minas Gerais, Brazil",15°07′47″ S,43°57′0.5″ W,551 m,sandy loam,,May 2016 to September 2017,Carica papaya L.,5 usable plants per replicate,,"54,200 kg ha−1",1.32 m,6.42 kg/m3,https://doi.org/10.1038/s41598-021-90078-w,2025-09-12 05:19:54,9.0,True
525,Fixed Irrigation (FX) 50%,"Jaíba, Minas Gerais, Brazil",15°07′47″ S,43°57′0.5″ W,551 m,sandy loam,,May 2016 to September 2017,Carica papaya L.,5 usable plants per replicate,,"59,977 kg ha−1",1.32 m,7.10 kg/m3,https://doi.org/10.1038/s41598-021-90078-w,2025-09-12 05:19:54,9.0,True
526,Full Irrigation (FU),"Jaíba, Minas Gerais, Brazil",15°07′47″ S,43°57′0.5″ W,551 m,sandy loam,,May 2016 to September 2017,Carica papaya L.,5 usable plants per replicate,,"78,542 kg ha−1",1.51 m,4.83 kg/m3,https://doi.org/10.1038/s41598-021-90078-w,2025-09-12 05:19:54,9.0,True
527,Regulated Deficit Irrigation,"Ningxia, China",,,,,,,Cabernet Sauvignon,,increased anthocyanins and phenols,,,improved water use efficiency,https://doi.org/10.1007/s44154-022-00050-5,2025-09-12 05:25:46,9.0,True
528,Regulated Deficit Irrigation,"Ningxia, China",,,,,,,Navelina citrus,,improved commercial yield,,,saved water by 12-27%,https://doi.org/10.1007/s44154-022-00050-5,2025-09-12 05:25:46,9.0,True
529,Regulated Deficit Irrigation,"Ningxia, China",,,,,,,Mango,,,,,maximum WUE reached by 50-70% PRD,https://doi.org/10.1007/s44154-022-00050-5,2025-09-12 05:25:46,9.0,True
530,Regulated Deficit Irrigation,"Ningxia, China",,,,,,,Peach,,higher concentrations of bioactive compounds,,,,https://doi.org/10.1007/s44154-022-00050-5,2025-09-12 05:25:46,9.0,True
531,Regulated Deficit Irrigation,"Ningxia, China",,,,,,,Cauliflower,,improved antioxidant capacity and phenolic compound content,maintained yield,,saved up to 24.3% water,https://doi.org/10.1007/s44154-022-00050-5,2025-09-12 05:25:46,9.0,True
532,Regulated Deficit Irrigation,"Ningxia, China",,,,,,,Onion,,,decreased slightly (9%),,IWUE increased by 20% compared with adequate irrigation group,https://doi.org/10.1007/s44154-022-00050-5,2025-09-12 05:25:46,9.0,True
533,Regulated Deficit Irrigation,"Ningxia, China",,,,,,,Pepper,,improved quality by increasing soluble solids content,highest under full irrigation,,WUE highest when water deficit occurs in later stage,https://doi.org/10.1007/s44154-022-00050-5,2025-09-12 05:25:46,9.0,True
623,"once every 1 day, 1.00 ETc","El-Ayat, El-Giza Governorate, Egypt",30°11´13”N,31°41´38”E,74 m,clay loam,,2017,Phaseolus vulgaris L.,90 000 plants∙ha-1,,12 030 kg∙ha-1,,55.36 kg∙ha-1∙mm-1,https://doi.org/10.17159/wsa/2020.v46.i4.9070,2025-09-12 05:35:59,9.0,True
624,"once every 1 day, 0.80 ETc","El-Ayat, El-Giza Governorate, Egypt",30°11´13”N,31°41´38”E,74 m,clay loam,,2017,Phaseolus vulgaris L.,90 000 plants∙ha-1,,10 827 kg∙ha-1,,48.62 kg∙ha-1∙mm-1,https://doi.org/10.17159/wsa/2020.v46.i4.9070,2025-09-12 05:35:59,9.0,True
625,"once every 1 day, 0.60 ETc","El-Ayat, El-Giza Governorate, Egypt",30°11´13”N,31°41´38”E,74 m,clay loam,,2017,Phaseolus vulgaris L.,90 000 plants∙ha-1,,10 693 kg∙ha-1,,39.67 kg∙ha-1∙mm-1,https://doi.org/10.17159/wsa/2020.v46.i4.9070,2025-09-12 05:35:59,9.0,True
626,"once every 2 days, 1.00 ETc","El-Ayat, El-Giza Governorate, Egypt",30°11´13”N,31°41´38”E,74 m,clay loam,,2017,Phaseolus vulgaris L.,90 000 plants∙ha-1,,12 030 kg∙ha-1,,55.36 kg∙ha-1∙mm-1,https://doi.org/10.17159/wsa/2020.v46.i4.9070,2025-09-12 05:35:59,9.0,True
627,"once every 2 days, 0.80 ETc","El-Ayat, El-Giza Governorate, Egypt",30°11´13”N,31°41´38”E,74 m,clay loam,,2017,Phaseolus vulgaris L.,90 000 plants∙ha-1,,10 827 kg∙ha-1,,48.62 kg∙ha-1∙mm-1,https://doi.org/10.17159/wsa/2020.v46.i4.9070,2025-09-12 05:35:59,9.0,True
628,"once every 2 days, 0.60 ETc","El-Ayat, El-Giza Governorate, Egypt",30°11´13”N,31°41´38”E,74 m,clay loam,,2017,Phaseolus vulgaris L.,90 000 plants∙ha-1,,10 559 kg∙ha-1,,39.67 kg∙ha-1∙mm-1,https://doi.org/10.17159/wsa/2020.v46.i4.9070,2025-09-12 05:35:59,9.0,True
629,"once every 3 days, 1.00 ETc","El-Ayat, El-Giza Governorate, Egypt",30°11´13”N,31°41´38”E,74 m,clay loam,,2017,Phaseolus vulgaris L.,90 000 plants∙ha-1,,12 030 kg∙ha-1,,55.36 kg∙ha-1∙mm-1,https://doi.org/10.17159/wsa/2020.v46.i4.9070,2025-09-12 05:35:59,9.0,True
630,"once every 3 days, 0.80 ETc","El-Ayat, El-Giza Governorate, Egypt",30°11´13”N,31°41´38”E,74 m,clay loam,,2017,Phaseolus vulgaris L.,90 000 plants∙ha-1,,10 827 kg∙ha-1,,48.62 kg∙ha-1∙mm-1,https://doi.org/10.17159/wsa/2020.v46.i4.9070,2025-09-12 05:35:59,9.0,True
631,"once every 3 days, 0.60 ETc","El-Ayat, El-Giza Governorate, Egypt",30°11´13”N,31°41´38”E,74 m,clay loam,,2017,Phaseolus vulgaris L.,90 000 plants∙ha-1,,10 559 kg∙ha-1,,39.67 kg∙ha-1∙mm-1,https://doi.org/10.17159/wsa/2020.v46.i4.9070,2025-09-12 05:35:59,9.0,True
632,"once every 1 day, 1.00 ETc","El-Ayat, El-Giza Governorate, Egypt",30°11´13”N,31°41´38”E,74 m,clay loam,,2018,Phaseolus vulgaris L.,90 000 plants∙ha-1,,12 364 kg∙ha-1,,56.50 kg∙ha-1∙mm-1,https://doi.org/10.17159/wsa/2020.v46.i4.9070,2025-09-12 05:35:59,9.0,True
633,"once every 1 day, 0.80 ETc","El-Ayat, El-Giza Governorate, Egypt",30°11´13”N,31°41´38”E,74 m,clay loam,,2018,Phaseolus vulgaris L.,90 000 plants∙ha-1,,10 893 kg∙ha-1,,48.21 kg∙ha-1∙mm-1,https://doi.org/10.17159/wsa/2020.v46.i4.9070,2025-09-12 05:35:59,9.0,True
634,"once every 1 day, 0.60 ETc","El-Ayat, El-Giza Governorate, Egypt",30°11´13”N,31°41´38”E,74 m,clay loam,,2018,Phaseolus vulgaris L.,90 000 plants∙ha-1,,10 827 kg∙ha-1,,39.77 kg∙ha-1∙mm-1,https://doi.org/10.17159/wsa/2020.v46.i4.9070,2025-09-12 05:35:59,9.0,True
635,"once every 2 days, 1.00 ETc","El-Ayat, El-Giza Governorate, Egypt",30°11´13”N,31°41´38”E,74 m,clay loam,,2018,Phaseolus vulgaris L.,90 000 plants∙ha-1,,12 364 kg∙ha-1,,56.50 kg∙ha-1∙mm-1,https://doi.org/10.17159/wsa/2020.v46.i4.9070,2025-09-12 05:35:59,9.0,True
636,"once every 2 days, 0.80 ETc","El-Ayat, El-Giza Governorate, Egypt",30°11´13”N,31°41´38”E,74 m,clay loam,,2018,Phaseolus vulgaris L.,90 000 plants∙ha-1,,10 893 kg∙ha-1,,48.21 kg∙ha-1∙mm-1,https://doi.org/10.17159/wsa/2020.v46.i4.9070,2025-09-12 05:35:59,9.0,True
637,"once every 2 days, 0.60 ETc","El-Ayat, El-Giza Governorate, Egypt",30°11´13”N,31°41´38”E,74 m,clay loam,,2018,Phaseolus vulgaris L.,90 000 plants∙ha-1,,10 827 kg∙ha-1,,39.77 kg∙ha-1∙mm-1,https://doi.org/10.17159/wsa/2020.v46.i4.9070,2025-09-12 05:35:59,9.0,True
638,"once every 3 days, 1.00 ETc","El-Ayat, El-Giza Governorate, Egypt",30°11´13”N,31°41´38”E,74 m,clay loam,,2018,Phaseolus vulgaris L.,90 000 plants∙ha-1,,12 364 kg∙ha-1,,56.50 kg∙ha-1∙mm-1,https://doi.org/10.17159/wsa/2020.v46.i4.9070,2025-09-12 05:35:59,9.0,True
639,"once every 3 days, 0.80 ETc","El-Ayat, El-Giza Governorate, Egypt",30°11´13”N,31°41´38”E,74 m,clay loam,,2018,Phaseolus vulgaris L.,90 000 plants∙ha-1,,10 893 kg∙ha-1,,48.21 kg∙ha-1∙mm-1,https://doi.org/10.17159/wsa/2020.v46.i4.9070,2025-09-12 05:35:59,9.0,True
640,"once every 3 days, 0.60 ETc","El-Ayat, El-Giza Governorate, Egypt",30°11´13”N,31°41´38”E,74 m,clay loam,,2018,Phaseolus vulgaris L.,90 000 plants∙ha-1,,10 827 kg∙ha-1,,39.77 kg∙ha-1∙mm-1,https://doi.org/10.17159/wsa/2020.v46.i4.9070,2025-09-12 05:35:59,9.0,True
641,60% ASMDL,"Gidara, Central Rift Valley of Ethiopia",08044'55''N,39047'49''E,1112m,sandy loam,,2016-2017,Capsicum annuum L.,,,19.05t/ha,53.67 cm,3.19 kg/m³,https://doi.org/10.7176/jnsr/12-4-01,2025-09-12 05:36:56,9.0,True
642,80% ASMDL,"Gidara, Central Rift Valley of Ethiopia",08044'55''N,39047'49''E,1112m,sandy loam,,2016-2017,Capsicum annuum L.,,,18.41t/ha,51.97 cm,3.07 kg/m³,https://doi.org/10.7176/jnsr/12-4-01,2025-09-12 05:36:56,9.0,True
643,100% ASMDL,"Gidara, Central Rift Valley of Ethiopia",08044'55''N,39047'49''E,1112m,sandy loam,,2016-2017,Capsicum annuum L.,,,16.74t/ha,48.23 cm,2.80 kg/m³,https://doi.org/10.7176/jnsr/12-4-01,2025-09-12 05:36:56,9.0,True
644,120% ASMDL,"Gidara, Central Rift Valley of Ethiopia",08044'55''N,39047'49''E,1112m,sandy loam,,2016-2017,Capsicum annuum L.,,,15.82t/ha,46.83 cm,2.75 kg/m³,https://doi.org/10.7176/jnsr/12-4-01,2025-09-12 05:36:56,9.0,True
645,140% ASMDL,"Gidara, Central Rift Valley of Ethiopia",08044'55''N,39047'49''E,1112m,sandy loam,,2016-2017,Capsicum annuum L.,,,15.41t/ha,45.13 cm,2.74 kg/m³,https://doi.org/10.7176/jnsr/12-4-01,2025-09-12 05:36:56,9.0,True
646,Severe Deficit Irrigation (DI 50),"G. B. Pant University of Agriculture and Technology, Horticulture Research Centre, Uttarakhand, India",29.0 N,79.5 E,,Silt Loam,,2019-2020,Guava (Psidium guajava L.),,,,,33.27% improvement in IWP compared with FI 100,https://doi.org/10.3389/fenvs.2022.1044886,2025-09-12 05:38:32,9.0,True
647,Severe Deficit Irrigation (DI 50),"G. B. Pant University of Agriculture and Technology, Horticulture Research Centre, Uttarakhand, India",29.0 N,79.5 E,,Silt Loam,,2020-2021,Guava (Psidium guajava L.),,,,,34.43% improvement in IWP compared with FI 100,https://doi.org/10.3389/fenvs.2022.1044886,2025-09-12 05:38:32,9.0,True
648,Moderate Deficit Irrigation (DI 75),"G. B. Pant University of Agriculture and Technology, Horticulture Research Centre, Uttarakhand, India",29.0 N,79.5 E,,Silt Loam,,2019-2020,Guava (Psidium guajava L.),,"Higher numbers of fruits per plant, higher average fruit weights, higher fruit yields, maximum ascorbic acid contents",44.51 kg/plant,,,https://doi.org/10.3389/fenvs.2022.1044886,2025-09-12 05:38:32,9.0,True
649,Moderate Deficit Irrigation (DI 75),"G. B. Pant University of Agriculture and Technology, Horticulture Research Centre, Uttarakhand, India",29.0 N,79.5 E,,Silt Loam,,2020-2021,Guava (Psidium guajava L.),,"Higher numbers of fruits per plant, higher average fruit weights, higher fruit yields, maximum ascorbic acid contents",42.93 kg/plant,,,https://doi.org/10.3389/fenvs.2022.1044886,2025-09-12 05:38:32,9.0,True
650,Full Irrigation (FI 100),"G. B. Pant University of Agriculture and Technology, Horticulture Research Centre, Uttarakhand, India",29.0 N,79.5 E,,Silt Loam,,2019-2020,Guava (Psidium guajava L.),,,46.64 kg/plant,,,https://doi.org/10.3389/fenvs.2022.1044886,2025-09-12 05:38:32,9.0,True
651,Full Irrigation (FI 100),"G. B. Pant University of Agriculture and Technology, Horticulture Research Centre, Uttarakhand, India",29.0 N,79.5 E,,Silt Loam,,2020-2021,Guava (Psidium guajava L.),,,44.69 kg/plant,,,https://doi.org/10.3389/fenvs.2022.1044886,2025-09-12 05:38:32,9.0,True
652,,"G. B. Pant University of Agriculture and Technology, Horticulture Research Centre, Uttarakhand, India",29.0 N,79.5 E,,Silt Loam,,,Guava (Psidium guajava L.),,,,,,https://doi.org/10.3389/fenvs.2022.1044886,2025-09-12 05:38:32,9.0,True
653,100% ETc (full irrigation),University of Zimbabwe Farm,17° 42' S,31° 04' E,1479 m,coarse sandy clay loam,,2014-04-25 to 2014-08-26,Solanum lycopersicum L. (Galina),4000,,29.0 t/ha,,25.4 kg/m3,https://doi.org/10.17159/wsa/2023.v49.i4.3935,2025-09-12 05:40:13,9.0,True
654,80% ETc,University of Zimbabwe Farm,17° 42' S,31° 04' E,1479 m,coarse sandy clay loam,,2014-04-25 to 2014-08-26,Solanum lycopersicum L. (Galina),4000,,28.2 t/ha,,29.2 kg/m3,https://doi.org/10.17159/wsa/2023.v49.i4.3935,2025-09-12 05:40:13,9.0,True
655,60% ETc,University of Zimbabwe Farm,17° 42' S,31° 04' E,1479 m,coarse sandy clay loam,,2014-04-25 to 2014-08-26,Solanum lycopersicum L. (Galina),4000,,28.2 t/ha,,29.8 kg/m3,https://doi.org/10.17159/wsa/2023.v49.i4.3935,2025-09-12 05:40:13,9.0,True
656,50% ETc,University of Zimbabwe Farm,17° 42' S,31° 04' E,1479 m,coarse sandy clay loam,,2014-04-25 to 2014-08-26,Solanum lycopersicum L. (Galina),4000,,25.4 t/ha,,27.4 kg/m3,https://doi.org/10.17159/wsa/2023.v49.i4.3935,2025-09-12 05:40:13,9.0,True
657,100% ETc (full irrigation),University of Zimbabwe Farm,17° 42' S,31° 04' E,1479 m,coarse sandy clay loam,,2015-04-22 to 2015-08-15,Solanum lycopersicum L. (Shanty),4000,,78.5 t/ha,,38.8 kg/m3,https://doi.org/10.17159/wsa/2023.v49.i4.3935,2025-09-12 05:40:13,9.0,True
658,80% ETc,University of Zimbabwe Farm,17° 42' S,31° 04' E,1479 m,coarse sandy clay loam,,2015-04-22 to 2015-08-15,Solanum lycopersicum L. (Shanty),4000,,53.3 t/ha,,33.1 kg/m3,https://doi.org/10.17159/wsa/2023.v49.i4.3935,2025-09-12 05:40:13,9.0,True
659,60% ETc,University of Zimbabwe Farm,17° 42' S,31° 04' E,1479 m,coarse sandy clay loam,,2015-04-22 to 2015-08-15,Solanum lycopersicum L. (Shanty),4000,,47.4 t/ha,,39.2 kg/m3,https://doi.org/10.17159/wsa/2023.v49.i4.3935,2025-09-12 05:40:13,9.0,True
660,50% ETc,University of Zimbabwe Farm,17° 42' S,31° 04' E,1479 m,coarse sandy clay loam,,2015-04-22 to 2015-08-15,Solanum lycopersicum L. (Shanty),4000,,39.3 t/ha,,38.9 kg/m3,https://doi.org/10.17159/wsa/2023.v49.i4.3935,2025-09-12 05:40:13,9.0,True
661,100% ETc (full irrigation),University of Zimbabwe Farm,17° 42' S,31° 04' E,1479 m,coarse sandy clay loam,,2016-10-01 to 2016-12-23,Solanum lycopersicum L. (Galina),600,,68.0 t/ha,,39.1 kg/m3,https://doi.org/10.17159/wsa/2023.v49.i4.3935,2025-09-12 05:40:13,9.0,True
662,80% ETc,University of Zimbabwe Farm,17° 42' S,31° 04' E,1479 m,coarse sandy clay loam,,2016-10-01 to 2016-12-23,Solanum lycopersicum L. (Galina),600,,58.0 t/ha,,39.2 kg/m3,https://doi.org/10.17159/wsa/2023.v49.i4.3935,2025-09-12 05:40:13,9.0,True
663,60% ETc,University of Zimbabwe Farm,17° 42' S,31° 04' E,1479 m,coarse sandy clay loam,,2016-10-01 to 2016-12-23,Solanum lycopersicum L. (Galina),600,,50.4 t/ha,,40.0 kg/m3,https://doi.org/10.17159/wsa/2023.v49.i4.3935,2025-09-12 05:40:13,9.0,True
664,50% ETc,University of Zimbabwe Farm,17° 42' S,31° 04' E,1479 m,coarse sandy clay loam,,2016-10-01 to 2016-12-23,Solanum lycopersicum L. (Galina),600,,45.6 t/ha,,40.0 kg/m3,https://doi.org/10.17159/wsa/2023.v49.i4.3935,2025-09-12 05:40:13,9.0,True
665,100% ETc (full irrigation),University of Zimbabwe Farm,17° 42' S,31° 04' E,1479 m,coarse sandy clay loam,,2017-09-12 to 2017-12-20,Solanum lycopersicum L. (Galina),400,,39.3 t/ha,,27.1 kg/m3,https://doi.org/10.17159/wsa/2023.v49.i4.3935,2025-09-12 05:40:13,9.0,True
666,80% ETc,University of Zimbabwe Farm,17° 42' S,31° 04' E,1479 m,coarse sandy clay loam,,2017-09-12 to 2017-12-20,Solanum lycopersicum L. (Galina),400,,23.1 t/ha,,21.2 kg/m3,https://doi.org/10.17159/wsa/2023.v49.i4.3935,2025-09-12 05:40:13,9.0,True
667,60% ETc,University of Zimbabwe Farm,17° 42' S,31° 04' E,1479 m,coarse sandy clay loam,,2017-09-12 to 2017-12-20,Solanum lycopersicum L. (Galina),400,,17.6 t/ha,,36.7 kg/m3,https://doi.org/10.17159/wsa/2023.v49.i4.3935,2025-09-12 05:40:13,9.0,True
668,50% ETc,University of Zimbabwe Farm,17° 42' S,31° 04' E,1479 m,coarse sandy clay loam,,2017-09-12 to 2017-12-20,Solanum lycopersicum L. (Galina),400,,10.4 t/ha,,29.7 kg/m3,https://doi.org/10.17159/wsa/2023.v49.i4.3935,2025-09-12 05:40:13,9.0,True
669,ridge furrow rainwater harvesting system with 150 mm deficit irrigation,"Northwest A&F University, Yangling, Shaanxi Province, China",34°20'N,108°24'E,466.7 m,Eum-Orthrosols,,2015-2016,winter wheat,"2,250,000 seeds per ha",,7.53 t ha−1,,23.26 kg ha−1 mm−1,https://doi.org/10.3389/fpls.2017.01408,2025-09-12 06:08:21,9.0,True
670,ridge furrow rainwater harvesting system with 75 mm deficit irrigation,"Northwest A&F University, Yangling, Shaanxi Province, China",34°20'N,108°24'E,466.7 m,Eum-Orthrosols,,2015-2016,winter wheat,"2,250,000 seeds per ha",,7.07 t ha−1,,22.51 kg ha−1 mm−1,https://doi.org/10.3389/fpls.2017.01408,2025-09-12 06:08:21,9.0,True
671,ridge furrow rainwater harvesting system with 0 mm deficit irrigation,"Northwest A&F University, Yangling, Shaanxi Province, China",34°20'N,108°24'E,466.7 m,Eum-Orthrosols,,2015-2016,winter wheat,"2,250,000 seeds per ha",,4.47 t ha−1,,15.05 kg ha−1 mm−1,https://doi.org/10.3389/fpls.2017.01408,2025-09-12 06:08:21,9.0,True
672,traditional flat planting with 150 mm deficit irrigation,"Northwest A&F University, Yangling, Shaanxi Province, China",34°20'N,108°24'E,466.7 m,Eum-Orthrosols,,2015-2016,winter wheat,"2,250,000 seeds per ha",,6.86 t ha−1,,14.22 kg ha−1 mm−1,https://doi.org/10.3389/fpls.2017.01408,2025-09-12 06:08:21,9.0,True
673,traditional flat planting with 75 mm deficit irrigation,"Northwest A&F University, Yangling, Shaanxi Province, China",34°20'N,108°24'E,466.7 m,Eum-Orthrosols,,2015-2016,winter wheat,"2,250,000 seeds per ha",,6.42 t ha−1,,13.85 kg ha−1 mm−1,https://doi.org/10.3389/fpls.2017.01408,2025-09-12 06:08:21,9.0,True
674,traditional flat planting with 0 mm deficit irrigation,"Northwest A&F University, Yangling, Shaanxi Province, China",34°20'N,108°24'E,466.7 m,Eum-Orthrosols,,2015-2016,winter wheat,"2,250,000 seeds per ha",,3.92 t ha−1,,9.30 kg ha−1 mm−1,https://doi.org/10.3389/fpls.2017.01408,2025-09-12 06:08:21,9.0,True
675,ridge furrow rainwater harvesting system with 150 mm deficit irrigation,"Northwest A&F University, Yangling, Shaanxi Province, China",34°20'N,108°24'E,466.7 m,Eum-Orthrosols,,2016-2017,winter wheat,"2,250,000 seeds per ha",,7.79 t ha−1,,23.43 kg ha−1 mm−1,https://doi.org/10.3389/fpls.2017.01408,2025-09-12 06:08:21,9.0,True
676,ridge furrow rainwater harvesting system with 75 mm deficit irrigation,"Northwest A&F University, Yangling, Shaanxi Province, China",34°20'N,108°24'E,466.7 m,Eum-Orthrosols,,2016-2017,winter wheat,"2,250,000 seeds per ha",,6.62 t ha−1,,20.35 kg ha−1 mm−1,https://doi.org/10.3389/fpls.2017.01408,2025-09-12 06:08:21,9.0,True
677,ridge furrow rainwater harvesting system with 0 mm deficit irrigation,"Northwest A&F University, Yangling, Shaanxi Province, China",34°20'N,108°24'E,466.7 m,Eum-Orthrosols,,2016-2017,winter wheat,"2,250,000 seeds per ha",,4.92 t ha−1,,15.85 kg ha−1 mm−1,https://doi.org/10.3389/fpls.2017.01408,2025-09-12 06:08:21,9.0,True
678,traditional flat planting with 150 mm deficit irrigation,"Northwest A&F University, Yangling, Shaanxi Province, China",34°20'N,108°24'E,466.7 m,Eum-Orthrosols,,2016-2017,winter wheat,"2,250,000 seeds per ha",,6.99 t ha−1,,16.24 kg ha−1 mm−1,https://doi.org/10.3389/fpls.2017.01408,2025-09-12 06:08:21,9.0,True
679,traditional flat planting with 75 mm deficit irrigation,"Northwest A&F University, Yangling, Shaanxi Province, China",34°20'N,108°24'E,466.7 m,Eum-Orthrosols,,2016-2017,winter wheat,"2,250,000 seeds per ha",,5.74 t ha−1,,13.55 kg ha−1 mm−1,https://doi.org/10.3389/fpls.2017.01408,2025-09-12 06:08:21,9.0,True
680,traditional flat planting with 0 mm deficit irrigation,"Northwest A&F University, Yangling, Shaanxi Province, China",34°20'N,108°24'E,466.7 m,Eum-Orthrosols,,2016-2017,winter wheat,"2,250,000 seeds per ha",,3.85 t ha−1,,10.22 kg ha−1 mm−1,https://doi.org/10.3389/fpls.2017.01408,2025-09-12 06:08:21,9.0,True
686,Pre-sowing irrigation 120 mm (PSI120),"Punjab Agricultural University, Regional Research Station, Bathinda, Punjab, India",30.09°N,74.55°E,211 m,loamy sand,,2016,Cotton (Gossypium hirsutum L.),19753 plants ha-1,,2549 kg ha-1,161 cm,RCWP: 458 g m-3,https://doi.org/10.1016/j.agwat.2022.107982,2025-09-12 14:23:48,9.0,True
687,Pre-sowing irrigation 75 mm (PSI75),"Punjab Agricultural University, Regional Research Station, Bathinda, Punjab, India",30.09°N,74.55°E,211 m,loamy sand,,2016,Cotton (Gossypium hirsutum L.),19753 plants ha-1,,2183 kg ha-1,148 cm,RCWP: 395 g m-3,https://doi.org/10.1016/j.agwat.2022.107982,2025-09-12 14:23:48,9.0,True
688,Pre-sowing irrigation 120 mm (PSI120),"Punjab Agricultural University, Regional Research Station, Bathinda, Punjab, India",30.09°N,74.55°E,211 m,loamy sand,,2017,Cotton (Gossypium hirsutum L.),19753 plants ha-1,,2040 kg ha-1,132 cm,RCWP: 376 g m-3,https://doi.org/10.1016/j.agwat.2022.107982,2025-09-12 14:23:48,9.0,True
689,Pre-sowing irrigation 75 mm (PSI75),"Punjab Agricultural University, Regional Research Station, Bathinda, Punjab, India",30.09°N,74.55°E,211 m,loamy sand,,2017,Cotton (Gossypium hirsutum L.),19753 plants ha-1,,1719 kg ha-1,118 cm,RCWP: 319 g m-3,https://doi.org/10.1016/j.agwat.2022.107982,2025-09-12 14:23:48,9.0,True
690,Post-sowing first irrigation 21 days after sowing (PSFI 21),"Punjab Agricultural University, Regional Research Station, Bathinda, Punjab, India",30.09°N,74.55°E,211 m,loamy sand,,2016,Cotton (Gossypium hirsutum L.),19753 plants ha-1,,2216 kg ha-1,147 cm,RCWP: 399 g m-3,https://doi.org/10.1016/j.agwat.2022.107982,2025-09-12 14:23:48,9.0,True
691,Post-sowing first irrigation 28 days after sowing (PSFI 28),"Punjab Agricultural University, Regional Research Station, Bathinda, Punjab, India",30.09°N,74.55°E,211 m,loamy sand,,2016,Cotton (Gossypium hirsutum L.),19753 plants ha-1,,2530 kg ha-1,157 cm,RCWP: 457 g m-3,https://doi.org/10.1016/j.agwat.2022.107982,2025-09-12 14:23:48,9.0,True
692,Post-sowing first irrigation 35 days after sowing (PSFI 35),"Punjab Agricultural University, Regional Research Station, Bathinda, Punjab, India",30.09°N,74.55°E,211 m,loamy sand,,2016,Cotton (Gossypium hirsutum L.),19753 plants ha-1,,2491 kg ha-1,158 cm,RCWP: 449 g m-3,https://doi.org/10.1016/j.agwat.2022.107982,2025-09-12 14:23:48,9.0,True
693,Post-sowing first irrigation 42 days after sowing (PSFI 42),"Punjab Agricultural University, Regional Research Station, Bathinda, Punjab, India",30.09°N,74.55°E,211 m,loamy sand,,2016,Cotton (Gossypium hirsutum L.),19753 plants ha-1,,2227 kg ha-1,155 cm,RCWP: 402 g m-3,https://doi.org/10.1016/j.agwat.2022.107982,2025-09-12 14:23:48,9.0,True
694,Post-sowing first irrigation 21 days after sowing (PSFI 21),"Punjab Agricultural University, Regional Research Station, Bathinda, Punjab, India",30.09°N,74.55°E,211 m,loamy sand,,2017,Cotton (Gossypium hirsutum L.),19753 plants ha-1,,1883 kg ha-1,124 cm,RCWP: 349 g m-3,https://doi.org/10.1016/j.agwat.2022.107982,2025-09-12 14:23:48,9.0,True
695,Post-sowing first irrigation 28 days after sowing (PSFI 28),"Punjab Agricultural University, Regional Research Station, Bathinda, Punjab, India",30.09°N,74.55°E,211 m,loamy sand,,2017,Cotton (Gossypium hirsutum L.),19753 plants ha-1,,1996 kg ha-1,133 cm,RCWP: 368 g m-3,https://doi.org/10.1016/j.agwat.2022.107982,2025-09-12 14:23:48,9.0,True
696,Post-sowing first irrigation 35 days after sowing (PSFI 35),"Punjab Agricultural University, Regional Research Station, Bathinda, Punjab, India",30.09°N,74.55°E,211 m,loamy sand,,2017,Cotton (Gossypium hirsutum L.),19753 plants ha-1,,1939 kg ha-1,125 cm,RCWP: 357 g m-3,https://doi.org/10.1016/j.agwat.2022.107982,2025-09-12 14:23:48,9.0,True
697,Post-sowing first irrigation 42 days after sowing (PSFI 42),"Punjab Agricultural University, Regional Research Station, Bathinda, Punjab, India",30.09°N,74.55°E,211 m,loamy sand,,2017,Cotton (Gossypium hirsutum L.),19753 plants ha-1,,1699 kg ha-1,118 cm,RCWP: 315 g m-3,https://doi.org/10.1016/j.agwat.2022.107982,2025-09-12 14:23:48,9.0,True
698,,"Punjab Agricultural University, Regional Research Station, Bathinda, Punjab, India",30.09°N,74.55°E,211 m,loamy sand,,,Cotton (Gossypium hirsutum L.),19753 plants ha-1,,,,,https://doi.org/10.1016/j.agwat.2022.107982,2025-09-12 14:23:48,9.0,True
699,Climate-based through evapotranspiration-water balance,"Biosystems Engineering Department, University of São Paulo, Piracicaba, São Paulo, Brazil",22.7775,-47.2958,,sandy loams,,October 2020 to February 2021,TMG 7067,10,,2.5 Mg ha-1,109.3 cm,0.78 kg m-3,https://doi.org/10.1016/j.agwat.2024.108709,2025-09-12 14:24:35,10.0,True
700,Soil-moisture-based through soil water potential (irrigation initialization based on -20 kPa threshold at 0.1m soil depth),"Biosystems Engineering Department, University of São Paulo, Piracicaba, São Paulo, Brazil",22.7775,-47.2958,,sandy loams,,October 2020 to February 2021,TMG 7067,10,,3.5 Mg ha-1,116.8 cm,0.61 kg m-3,https://doi.org/10.1016/j.agwat.2024.108709,2025-09-12 14:24:35,10.0,True
701,Soil-moisture-based through soil water potential (irrigation initialization based on -20 kPa threshold at 0.3m soil depth),"Biosystems Engineering Department, University of São Paulo, Piracicaba, São Paulo, Brazil",22.7775,-47.2958,,sandy loams,,October 2020 to February 2021,TMG 7067,10,,3.0 Mg ha-1,109.1 cm,0.61 kg m-3,https://doi.org/10.1016/j.agwat.2024.108709,2025-09-12 14:24:35,10.0,True
702,Plant-based through canopy temperature depression (Tc-Tair = 2°C),"Biosystems Engineering Department, University of São Paulo, Piracicaba, São Paulo, Brazil",22.7775,-47.2958,,sandy loams,,October 2020 to February 2021,TMG 7067,10,,2.4 Mg ha-1,92.9 cm,0.78 kg m-3,https://doi.org/10.1016/j.agwat.2024.108709,2025-09-12 14:24:35,10.0,True
703,Plant-based through canopy temperature depression (Tc-Tair = 4°C),"Biosystems Engineering Department, University of São Paulo, Piracicaba, São Paulo, Brazil",22.7775,-47.2958,,sandy loams,,October 2020 to February 2021,TMG 7067,10,,2.0 Mg ha-1,97.6 cm,0.61 kg m-3,https://doi.org/10.1016/j.agwat.2024.108709,2025-09-12 14:24:35,10.0,True
704,Climate-based through evapotranspiration-water balance,"Biosystems Engineering Department, University of São Paulo, Piracicaba, São Paulo, Brazil",22.7775,-47.2958,,sandy loams,,October 2020 to February 2021,58i60RSF IPRO,10,,3.4 Mg ha-1,82.2 cm,0.78 kg m-3,https://doi.org/10.1016/j.agwat.2024.108709,2025-09-12 14:24:35,10.0,True
705,Soil-moisture-based through soil water potential (irrigation initialization based on -20 kPa threshold at 0.1m soil depth),"Biosystems Engineering Department, University of São Paulo, Piracicaba, São Paulo, Brazil",22.7775,-47.2958,,sandy loams,,October 2020 to February 2021,58i60RSF IPRO,10,,4.2 Mg ha-1,95.9 cm,0.61 kg m-3,https://doi.org/10.1016/j.agwat.2024.108709,2025-09-12 14:24:35,10.0,True
706,Soil-moisture-based through soil water potential (irrigation initialization based on -20 kPa threshold at 0.3m soil depth),"Biosystems Engineering Department, University of São Paulo, Piracicaba, São Paulo, Brazil",22.7775,-47.2958,,sandy loams,,October 2020 to February 2021,58i60RSF IPRO,10,,3.4 Mg ha-1,84.1 cm,0.61 kg m-3,https://doi.org/10.1016/j.agwat.2024.108709,2025-09-12 14:24:35,10.0,True
707,Plant-based through canopy temperature depression (Tc-Tair = 2°C),"Biosystems Engineering Department, University of São Paulo, Piracicaba, São Paulo, Brazil",22.7775,-47.2958,,sandy loams,,October 2020 to February 2021,58i60RSF IPRO,10,,2.9 Mg ha-1,70.0 cm,0.78 kg m-3,https://doi.org/10.1016/j.agwat.2024.108709,2025-09-12 14:24:35,10.0,True
708,Plant-based through canopy temperature depression (Tc-Tair = 4°C),"Biosystems Engineering Department, University of São Paulo, Piracicaba, São Paulo, Brazil",22.7775,-47.2958,,sandy loams,,October 2020 to February 2021,58i60RSF IPRO,10,,2.2 Mg ha-1,72.3 cm,0.61 kg m-3,https://doi.org/10.1016/j.agwat.2024.108709,2025-09-12 14:24:35,10.0,True
709,Climate-based through evapotranspiration-water balance,"Biosystems Engineering Department, University of São Paulo, Piracicaba, São Paulo, Brazil",22.7775,-47.2958,,sandy loams,,October 2020 to February 2021,NA 5909,10,,2.6 Mg ha-1,108.7 cm,0.78 kg m-3,https://doi.org/10.1016/j.agwat.2024.108709,2025-09-12 14:24:35,10.0,True
710,Soil-moisture-based through soil water potential (irrigation initialization based on -20 kPa threshold at 0.1m soil depth),"Biosystems Engineering Department, University of São Paulo, Piracicaba, São Paulo, Brazil",22.7775,-47.2958,,sandy loams,,October 2020 to February 2021,NA 5909,10,,3.3 Mg ha-1,115.7 cm,0.61 kg m-3,https://doi.org/10.1016/j.agwat.2024.108709,2025-09-12 14:24:35,10.0,True
711,Soil-moisture-based through soil water potential (irrigation initialization based on -20 kPa threshold at 0.3m soil depth),"Biosystems Engineering Department, University of São Paulo, Piracicaba, São Paulo, Brazil",22.7775,-47.2958,,sandy loams,,October 2020 to February 2021,NA 5909,10,,3.3 Mg ha-1,102.2 cm,0.61 kg m-3,https://doi.org/10.1016/j.agwat.2024.108709,2025-09-12 14:24:35,10.0,True
712,Plant-based through canopy temperature depression (Tc-Tair = 2°C),"Biosystems Engineering Department, University of São Paulo, Piracicaba, São Paulo, Brazil",22.7775,-47.2958,,sandy loams,,October 2020 to February 2021,NA 5909,10,,2.6 Mg ha-1,103.6 cm,0.78 kg m-3,https://doi.org/10.1016/j.agwat.2024.108709,2025-09-12 14:24:35,10.0,True
713,Plant-based through canopy temperature depression (Tc-Tair = 4°C),"Biosystems Engineering Department, University of São Paulo, Piracicaba, São Paulo, Brazil",22.7775,-47.2958,,sandy loams,,October 2020 to February 2021,NA 5909,10,,2.2 Mg ha-1,102.2 cm,0.61 kg m-3,https://doi.org/10.1016/j.agwat.2024.108709,2025-09-12 14:24:35,10.0,True
714,Drip irrigation,"Concentric County, Wuzhong City, Ningxia, China",36°48′2″N,106°21′53″E,1489 m,sandy loam,17.6 m2,April 2019 to October 2020,Potato (Solanum tuberosum L.),40,,46.77 t ha-1,,15.74 kg m-3,https://doi.org/10.3389/fpls.2023.1242074,2025-09-12 14:34:20,9.0,True
715,,"Concentric County, Wuzhong City, Ningxia, China",36°48′2″N,106°21′53″E,1489 m,sandy loam,17.6 m2,April 2019 to October 2020,Potato (Solanum tuberosum L.),40,,,,,https://doi.org/10.3389/fpls.2023.1242074,2025-09-12 14:34:20,9.0,True
716,20 mm irrigation quota at 7 days irrigation cycle,"Concentric County, Wuzhong City, Ningxia, China",36°48′2″N,106°21′53″E,1489 m,sandy loam,17.6 m2,April 2019 to October 2020,Potato (Solanum tuberosum L.),40,,49.76 t ha-1,,13.74 kg m-3,https://doi.org/10.3389/fpls.2023.1242074,2025-09-12 14:34:20,9.0,True
717,20 mm irrigation quota at 5 days irrigation cycle,"Concentric County, Wuzhong City, Ningxia, China",36°48′2″N,106°21′53″E,1489 m,sandy loam,17.6 m2,April 2019 to October 2020,Potato (Solanum tuberosum L.),40,,46.77 t ha-1,,15.74 kg m-3,https://doi.org/10.3389/fpls.2023.1242074,2025-09-12 14:34:20,9.0,True
718,180 mm irrigation quota at 5 days irrigation cycle,"Concentric County, Wuzhong City, Ningxia, China",36°48′2″N,106°21′53″E,1489 m,sandy loam,17.6 m2,April 2019 to October 2020,Potato (Solanum tuberosum L.),40,,43.40 t ha-1,,12.97 kg m-3,https://doi.org/10.3389/fpls.2023.1242074,2025-09-12 14:34:20,9.0,True
719,210 mm irrigation quota at 5 days irrigation cycle,"Concentric County, Wuzhong City, Ningxia, China",36°48′2″N,106°21′53″E,1489 m,sandy loam,17.6 m2,April 2019 to October 2020,Potato (Solanum tuberosum L.),40,,36.99 t ha-1,,11.55 kg m-3,https://doi.org/10.3389/fpls.2023.1242074,2025-09-12 14:34:20,9.0,True
720,210 mm irrigation quota at 7 days irrigation cycle,"Concentric County, Wuzhong City, Ningxia, China",36°48′2″N,106°21′53″E,1489 m,sandy loam,17.6 m2,April 2019 to October 2020,Potato (Solanum tuberosum L.),40,,37.28 t ha-1,,12.12 kg m-3,https://doi.org/10.3389/fpls.2023.1242074,2025-09-12 14:34:20,9.0,True
721,180 mm irrigation quota at 10 days irrigation cycle,"Concentric County, Wuzhong City, Ningxia, China",36°48′2″N,106°21′53″E,1489 m,sandy loam,17.6 m2,April 2019 to October 2020,Potato (Solanum tuberosum L.),40,,34.47 t ha-1,,11.99 kg m-3,https://doi.org/10.3389/fpls.2023.1242074,2025-09-12 14:34:20,9.0,True
722,120 mm irrigation quota at 5 days irrigation cycle,"Concentric County, Wuzhong City, Ningxia, China",36°48′2″N,106°21′53″E,1489 m,sandy loam,17.6 m2,April 2019 to October 2020,Potato (Solanum tuberosum L.),40,,30.25 t ha-1,,10.65 kg m-3,https://doi.org/10.3389/fpls.2023.1242074,2025-09-12 14:34:20,9.0,True
723,120 mm irrigation quota at 7 days irrigation cycle,"Concentric County, Wuzhong City, Ningxia, China",36°48′2″N,106°21′53″E,1489 m,sandy loam,17.6 m2,April 2019 to October 2020,Potato (Solanum tuberosum L.),40,,30.45 t ha-1,,10.86 kg m-3,https://doi.org/10.3389/fpls.2023.1242074,2025-09-12 14:34:20,9.0,True
724,150 mm irrigation quota at 5 days irrigation cycle,"Concentric County, Wuzhong City, Ningxia, China",36°48′2″N,106°21′53″E,1489 m,sandy loam,17.6 m2,April 2019 to October 2020,Potato (Solanum tuberosum L.),40,,34.33 t ha-1,,11.16 kg m-3,https://doi.org/10.3389/fpls.2023.1242074,2025-09-12 14:34:20,9.0,True
725,150 mm irrigation quota at 7 days irrigation cycle,"Concentric County, Wuzhong City, Ningxia, China",36°48′2″N,106°21′53″E,1489 m,sandy loam,17.6 m2,April 2019 to October 2020,Potato (Solanum tuberosum L.),40,,33.50 t ha-1,,11.22 kg m-3,https://doi.org/10.3389/fpls.2023.1242074,2025-09-12 14:34:20,9.0,True
726,150 mm irrigation quota at 10 days irrigation cycle,"Concentric County, Wuzhong City, Ningxia, China",36°48′2″N,106°21′53″E,1489 m,sandy loam,17.6 m2,April 2019 to October 2020,Potato (Solanum tuberosum L.),40,,33.03 t ha-1,,12.01 kg m-3,https://doi.org/10.3389/fpls.2023.1242074,2025-09-12 14:34:20,9.0,True
727,Drip irrigation with water deficit (pF 2.7),"Research and Didactic Station in Psary, Poland",,,,light sandy loam,,2018-05-05 to 2018-07-18,Solanum tuberosum L. (Denar variety),6,,,,0.40 l day−1 (O1) to 0.79 l day−1 (O5),https://doi.org/10.1038/s41598-021-97899-9,2025-09-12 14:41:45,8.0,True
728,Drip irrigation with optimal water level (pF 2.5),"Research and Didactic Station in Psary, Poland",,,,light sandy loam,,2018-05-05 to 2018-07-18,Solanum tuberosum L. (Denar variety),6,,,,0.40 l day−1 (O1) to 0.79 l day−1 (O5),https://doi.org/10.1038/s41598-021-97899-9,2025-09-12 14:41:45,8.0,True
729,Drip irrigation with excess water (pF 2.2),"Research and Didactic Station in Psary, Poland",,,,light sandy loam,,2018-05-05 to 2018-07-18,Solanum tuberosum L. (Denar variety),6,,,,0.40 l day−1 (O1) to 0.79 l day−1 (O5),https://doi.org/10.1038/s41598-021-97899-9,2025-09-12 14:41:45,8.0,True
730,Drip irrigation with water deficit (pF 2.7),"Research and Didactic Station in Psary, Poland",,,,light sandy loam,,2018-05-05 to 2018-07-18,Solanum tuberosum L. (Julinka variety),6,,,,0.49 l day−1 (O1) to 0.92 l day−1 (O5),https://doi.org/10.1038/s41598-021-97899-9,2025-09-12 14:41:45,8.0,True
731,Drip irrigation with optimal water level (pF 2.5),"Research and Didactic Station in Psary, Poland",,,,light sandy loam,,2018-05-05 to 2018-07-18,Solanum tuberosum L. (Julinka variety),6,,,,0.49 l day−1 (O1) to 0.92 l day−1 (O5),https://doi.org/10.1038/s41598-021-97899-9,2025-09-12 14:41:45,8.0,True
732,Drip irrigation with excess water (pF 2.2),"Research and Didactic Station in Psary, Poland",,,,light sandy loam,,2018-05-05 to 2018-07-18,Solanum tuberosum L. (Julinka variety),6,,,,0.49 l day−1 (O1) to 0.92 l day−1 (O5),https://doi.org/10.1038/s41598-021-97899-9,2025-09-12 14:41:45,8.0,True
733,Drip irrigation,"Indian Agricultural Research Institute, New Delhi, India",,,,sandy loam,5 m x 5 m,November 1999 - March 2000,Potato (Solanum tuberosum L.),,reduced grade of tubers,24.95 t/ha,,3 times compared to furrow irrigation,https://doi.org/10.5539/jas.v4n1p71,2025-09-12 14:54:35,8.0,True
734,Drip irrigation with mulch,"Indian Agricultural Research Institute, New Delhi, India",,,,sandy loam,5 m x 5 m,November 1999 - March 2000,Potato (Solanum tuberosum L.),,reduced grade of tubers,26.02 t/ha,,4.5 times compared to furrow irrigation,https://doi.org/10.5539/jas.v4n1p71,2025-09-12 14:54:35,8.0,True
735,Furrow irrigation,"Indian Agricultural Research Institute, New Delhi, India",,,,sandy loam,5 m x 5 m,November 1999 - March 2000,Potato (Solanum tuberosum L.),,,,,,https://doi.org/10.5539/jas.v4n1p71,2025-09-12 14:54:35,8.0,True
736,Furrow irrigation with mulch,"Indian Agricultural Research Institute, New Delhi, India",,,,sandy loam,5 m x 5 m,November 1999 - March 2000,Potato (Solanum tuberosum L.),,,,,,https://doi.org/10.5539/jas.v4n1p71,2025-09-12 14:54:35,8.0,True
737,Alternate Furrow irrigation,"Indian Agricultural Research Institute, New Delhi, India",,,,sandy loam,5 m x 5 m,November 1999 - March 2000,Potato (Solanum tuberosum L.),,,,,"17% water saved, 18% yield reduction",https://doi.org/10.5539/jas.v4n1p71,2025-09-12 14:54:35,8.0,True
738,Alternate Furrow irrigation with mulch,"Indian Agricultural Research Institute, New Delhi, India",,,,sandy loam,5 m x 5 m,November 1999 - March 2000,Potato (Solanum tuberosum L.),,,,,,https://doi.org/10.5539/jas.v4n1p71,2025-09-12 14:54:35,8.0,True
739,"Furrow irrigation, 3 days interval","Halabja, Kurdistan, Iraq",35°02'N,45°58'E,670 m,,5 m X 10 m,15 April 2017,Potato (Solanum tuberosum L.),30,"Protein: 12.2%, Starch: 66.46%",38.4 t.ha-1,,58.24 kg.ha-1.mm-1,https://doi.org/10.24017/science.2018.3.5,2025-09-12 14:55:17,9.0,True
740,"Furrow irrigation, 5 days interval","Halabja, Kurdistan, Iraq",35°02'N,45°58'E,670 m,,5 m X 10 m,15 April 2017,Potato (Solanum tuberosum L.),30,"Protein: 11.6%, Starch: 64.93%",37.16 t.ha-1,,75.84 kg.ha-1.mm-1,https://doi.org/10.24017/science.2018.3.5,2025-09-12 14:55:17,9.0,True
741,"Furrow irrigation, 7 days interval","Halabja, Kurdistan, Iraq",35°02'N,45°58'E,670 m,,5 m X 10 m,15 April 2017,Potato (Solanum tuberosum L.),30,"Protein: 10%, Starch: 61.99%",33.68 t.ha-1,,90 kg.ha-1.mm-1,https://doi.org/10.24017/science.2018.3.5,2025-09-12 14:55:17,9.0,True
742,"Furrow irrigation, 9 days interval","Halabja, Kurdistan, Iraq",35°02'N,45°58'E,670 m,,5 m X 10 m,15 April 2017,Potato (Solanum tuberosum L.),30,"Protein: 9.71%, Starch: 58.81%",31.70 t.ha-1,,100.3 kg.ha-1.mm-1,https://doi.org/10.24017/science.2018.3.5,2025-09-12 14:55:17,9.0,True
743,"Furrow irrigation, 3 days interval","Halabja, Kurdistan, Iraq",35°02'N,45°58'E,670 m,,5 m X 10 m,15 April 2018,Potato (Solanum tuberosum L.),30,"Protein: 11%, Starch: 68.5%",40.73 t.ha-1,,61.71 kg.ha-1.mm-1,https://doi.org/10.24017/science.2018.3.5,2025-09-12 14:55:17,9.0,True
744,"Furrow irrigation, 5 days interval","Halabja, Kurdistan, Iraq",35°02'N,45°58'E,670 m,,5 m X 10 m,15 April 2018,Potato (Solanum tuberosum L.),30,"Protein: 10.3%, Starch: 67.1%",38.5 t.ha-1,,78.6 kg.ha-1.mm-1,https://doi.org/10.24017/science.2018.3.5,2025-09-12 14:55:17,9.0,True
745,"Furrow irrigation, 7 days interval","Halabja, Kurdistan, Iraq",35°02'N,45°58'E,670 m,,5 m X 10 m,15 April 2018,Potato (Solanum tuberosum L.),30,"Protein: 8.46%, Starch: 63.3%",34.1 t.ha-1,,91.17 kg.ha-1.mm-1,https://doi.org/10.24017/science.2018.3.5,2025-09-12 14:55:17,9.0,True
746,"Furrow irrigation, 9 days interval","Halabja, Kurdistan, Iraq",35°02'N,45°58'E,670 m,,5 m X 10 m,15 April 2018,Potato (Solanum tuberosum L.),30,"Protein: 8.03%, Starch: 60.4%",31.2 t.ha-1,,98.94 kg.ha-1.mm-1,https://doi.org/10.24017/science.2018.3.5,2025-09-12 14:55:17,9.0,True
747,Irrigation after 25% discharge of available water (Normal),"Ardabil, Iran",,,,,,2005,Potato (Solanum tuberosum),,,48.5 Mg ha−1,,7.80 kg m−3,https://doi.org/10.1007/s11540-010-9179-5,2025-09-12 14:59:14,8.0,True
748,Irrigation after 35% discharge of available water (Mild stress),"Ardabil, Iran",,,,,,2005,Potato (Solanum tuberosum),,,42.9 Mg ha−1,,7.92 kg m−3,https://doi.org/10.1007/s11540-010-9179-5,2025-09-12 14:59:14,8.0,True
749,Irrigation after 50% discharge of available water (Severe stress),"Ardabil, Iran",,,,,,2005,Potato (Solanum tuberosum),,,37.6 Mg ha−1,,8.88 kg m−3,https://doi.org/10.1007/s11540-010-9179-5,2025-09-12 14:59:14,8.0,True
750,Irrigation after 25% discharge of available water (Normal),"Ardabil, Iran",,,,,,2006,Potato (Solanum tuberosum),,,44.5 Mg ha−1,,7.17 kg m−3,https://doi.org/10.1007/s11540-010-9179-5,2025-09-12 14:59:14,8.0,True
751,Irrigation after 35% discharge of available water (Mild stress),"Ardabil, Iran",,,,,,2006,Potato (Solanum tuberosum),,,40.8 Mg ha−1,,7.54 kg m−3,https://doi.org/10.1007/s11540-010-9179-5,2025-09-12 14:59:14,8.0,True
752,Irrigation after 50% discharge of available water (Severe stress),"Ardabil, Iran",,,,,,2006,Potato (Solanum tuberosum),,,38.6 Mg ha−1,,9.12 kg m−3,https://doi.org/10.1007/s11540-010-9179-5,2025-09-12 14:59:14,8.0,True
753,Traditional Furrow,"Shibin El Kom, Menofia, Egypt",30.32,31.03,17.9 m,clay loam,,2014 spring,Potato (Solanum tuberosum),"47,619 plants ha−1",,30.761 Mg∙ha−1,,0.94,https://doi.org/10.4236/jwarp.2016.83024,2025-09-12 15:03:43,9.0,True
754,Partial Furrow,"Shibin El Kom, Menofia, Egypt",30.32,31.03,17.9 m,clay loam,,2014 spring,Potato (Solanum tuberosum),"47,619 plants ha−1",,33.564 Mg∙ha−1,,0.67,https://doi.org/10.4236/jwarp.2016.83024,2025-09-12 15:03:43,9.0,True
755,Trickle Point,"Shibin El Kom, Menofia, Egypt",30.32,31.03,17.9 m,clay loam,,2014 spring,Potato (Solanum tuberosum),"47,619 plants ha−1",,39.729 Mg∙ha−1,,0.77,https://doi.org/10.4236/jwarp.2016.83024,2025-09-12 15:03:43,9.0,True
756,Trickle Line,"Shibin El Kom, Menofia, Egypt",30.32,31.03,17.9 m,clay loam,,2014 spring,Potato (Solanum tuberosum),"47,619 plants ha−1",,37.032 Mg∙ha−1,,0.84,https://doi.org/10.4236/jwarp.2016.83024,2025-09-12 15:03:43,9.0,True
757,Traditional Furrow,"Shibin El Kom, Menofia, Egypt",30.32,31.03,17.9 m,clay loam,,2014 fall,Potato (Solanum tuberosum),"47,619 plants ha−1",,29.543 Mg∙ha−1,,0.89,https://doi.org/10.4236/jwarp.2016.83024,2025-09-12 15:03:43,9.0,True
758,Partial Furrow,"Shibin El Kom, Menofia, Egypt",30.32,31.03,17.9 m,clay loam,,2014 fall,Potato (Solanum tuberosum),"47,619 plants ha−1",,32.421 Mg∙ha−1,,0.72,https://doi.org/10.4236/jwarp.2016.83024,2025-09-12 15:03:43,9.0,True
759,Trickle Point,"Shibin El Kom, Menofia, Egypt",30.32,31.03,17.9 m,clay loam,,2014 fall,Potato (Solanum tuberosum),"47,619 plants ha−1",,38.39 Mg∙ha−1,,0.79,https://doi.org/10.4236/jwarp.2016.83024,2025-09-12 15:03:43,9.0,True
760,Trickle Line,"Shibin El Kom, Menofia, Egypt",30.32,31.03,17.9 m,clay loam,,2014 fall,Potato (Solanum tuberosum),"47,619 plants ha−1",,35.586 Mg∙ha−1,,0.82,https://doi.org/10.4236/jwarp.2016.83024,2025-09-12 15:03:43,9.0,True
761,,"Shibin El Kom, Menofia, Egypt",30.32,31.03,17.9 m,clay loam,,2014 spring,Potato (Solanum tuberosum),"47,619 plants ha−1",172.73 g,,,,https://doi.org/10.4236/jwarp.2016.83024,2025-09-12 15:03:43,9.0,True
762,,"Shibin El Kom, Menofia, Egypt",30.32,31.03,17.9 m,clay loam,,2014 fall,Potato (Solanum tuberosum),"47,619 plants ha−1",193.49 g,,,,https://doi.org/10.4236/jwarp.2016.83024,2025-09-12 15:03:43,9.0,True
769,Regulated Deficit Irrigation (RDI) at jointing stage,"Heilongjiang Province, China",45.4300900,126.3603500,140 m,loam,,2014-2017,maize,,,,,,https://doi.org/10.3390/agronomy12040810,2025-09-12 15:39:52,9.0,True
770,Regulated Deficit Irrigation (RDI) at filling stage,"Heilongjiang Province, China",45.4300900,126.3603500,140 m,loam,,2014-2017,maize,,,,,,https://doi.org/10.3390/agronomy12040810,2025-09-12 15:39:52,9.0,True
771,Full Irrigation,"Heilongjiang Province, China",45.4300900,126.3603500,140 m,loam,,2014-2017,maize,,,,,,https://doi.org/10.3390/agronomy12040810,2025-09-12 15:39:52,9.0,True
772,0.9 IW/CPE ratio,"Jobner, Rajasthan, India",26.05,75.28,427,loamy sand,,2014-2015,Wheat,,,4.45 Mg ha−1,,,https://doi.org/10.3390/su151310204,2025-09-12 15:44:29,9.0,True
773,0.6 IW/CPE ratio at vegetative + 0.8 IW/CPE ratio at reproductive phase,"Jobner, Rajasthan, India",26.05,75.28,427,loamy sand,,2014-2015,Wheat,,,3.78 Mg ha−1,,,https://doi.org/10.3390/su151310204,2025-09-12 15:44:29,9.0,True
774,0.6 IW/CPE ratio at vegetative + 1.0 IW/CPE ratio at reproductive phase,"Jobner, Rajasthan, India",26.05,75.28,427,loamy sand,,2014-2015,Wheat,,,4.14 Mg ha−1,,,https://doi.org/10.3390/su151310204,2025-09-12 15:44:29,9.0,True
775,0.8 IW/CPE ratio at vegetative + 1.0 IW/CPE ratio at reproductive phase,"Jobner, Rajasthan, India",26.05,75.28,427,loamy sand,,2014-2015,Wheat,,,4.37 Mg ha−1,,,https://doi.org/10.3390/su151310204,2025-09-12 15:44:29,9.0,True
776,0.9 IW/CPE ratio,"Jobner, Rajasthan, India",26.05,75.28,427,loamy sand,,2015-2016,Wheat,,,4.45 Mg ha−1,,,https://doi.org/10.3390/su151310204,2025-09-12 15:44:29,9.0,True
777,0.6 IW/CPE ratio at vegetative + 0.8 IW/CPE ratio at reproductive phase,"Jobner, Rajasthan, India",26.05,75.28,427,loamy sand,,2015-2016,Wheat,,,3.78 Mg ha−1,,,https://doi.org/10.3390/su151310204,2025-09-12 15:44:29,9.0,True
778,0.6 IW/CPE ratio at vegetative + 1.0 IW/CPE ratio at reproductive phase,"Jobner, Rajasthan, India",26.05,75.28,427,loamy sand,,2015-2016,Wheat,,,4.14 Mg ha−1,,,https://doi.org/10.3390/su151310204,2025-09-12 15:44:29,9.0,True
779,0.8 IW/CPE ratio at vegetative + 1.0 IW/CPE ratio at reproductive phase,"Jobner, Rajasthan, India",26.05,75.28,427,loamy sand,,2015-2016,Wheat,,,4.37 Mg ha−1,,,https://doi.org/10.3390/su151310204,2025-09-12 15:44:29,9.0,True
780,,"Jobner, Rajasthan, India",26.05,75.28,427,loamy sand,,2014-2015,Wheat,,,4.57 Mg ha−1,,,https://doi.org/10.3390/su151310204,2025-09-12 15:44:29,9.0,True
781,,"Jobner, Rajasthan, India",26.05,75.28,427,loamy sand,,2015-2016,Wheat,,,4.57 Mg ha−1,,,https://doi.org/10.3390/su151310204,2025-09-12 15:44:29,9.0,True
782,Wetting Front Detector,"Koga irrigation scheme, Northwest Ethiopia",11.10 N to 11.25 N,37.02 E to 37.17 E,1960 m,clay loam,7000 ha,January to April 2016,Potato (Solanum tuberosum L.),80,,58.1 t ha-1,64.0 cm,9.1 kg potato m3 water,https://doi.org/10.1016/j.heliyon.2023.e19762,2025-09-12 15:56:34,9.0,True
783,Crop Water Requirement,"Koga irrigation scheme, Northwest Ethiopia",11.10 N to 11.25 N,37.02 E to 37.17 E,1960 m,clay loam,7000 ha,January to April 2016,Potato (Solanum tuberosum L.),80,,41.9 t ha-1,64.8 cm,7.8 kg potato m3 water,https://doi.org/10.1016/j.heliyon.2023.e19762,2025-09-12 15:56:34,9.0,True
784,Wetting Front Detector,"Koga irrigation scheme, Northwest Ethiopia",11.10 N to 11.25 N,37.02 E to 37.17 E,1960 m,clay loam,7000 ha,January to April 2016,Potato (Solanum tuberosum L.),80,,,65.2 cm,,https://doi.org/10.1016/j.heliyon.2023.e19762,2025-09-12 15:56:34,9.0,True
785,Crop Water Requirement,"Koga irrigation scheme, Northwest Ethiopia",11.10 N to 11.25 N,37.02 E to 37.17 E,1960 m,clay loam,7000 ha,January to April 2016,Potato (Solanum tuberosum L.),80,,,64.8 cm,,https://doi.org/10.1016/j.heliyon.2023.e19762,2025-09-12 15:56:34,9.0,True
786,Wetting Front Detector,"Koga irrigation scheme, Northwest Ethiopia",11.10 N to 11.25 N,37.02 E to 37.17 E,1960 m,clay loam,7000 ha,January to April 2016,Potato (Solanum tuberosum L.),80,,,64.0 cm,10.5 kg potato m3 water,https://doi.org/10.1016/j.heliyon.2023.e19762,2025-09-12 15:56:34,9.0,True
787,Crop Water Requirement,"Koga irrigation scheme, Northwest Ethiopia",11.10 N to 11.25 N,37.02 E to 37.17 E,1960 m,clay loam,7000 ha,January to April 2016,Potato (Solanum tuberosum L.),80,,,60.2 cm,7.8 kg potato m3 water,https://doi.org/10.1016/j.heliyon.2023.e19762,2025-09-12 15:56:34,9.0,True
788,Drip Irrigation (DI) 100% ETc,"Date Palm Research Center of Excellence, King Faisal University, Saudi Arabia",25.2735,49.7079,,,,2020-2021,Date Palm (Khalas cv.),200 palm ha-1,,32.41 kg palm-1,,0.59 kg m-3,https://doi.org/10.3390/agronomy11112256,2025-09-12 15:57:51,9.0,True
789,Drip Irrigation (DI) 75% ETc,"Date Palm Research Center of Excellence, King Faisal University, Saudi Arabia",25.2735,49.7079,,,,2020-2021,Date Palm (Khalas cv.),200 palm ha-1,,26.50 kg palm-1,,0.62 kg m-3,https://doi.org/10.3390/agronomy11112256,2025-09-12 15:57:51,9.0,True
790,Drip Irrigation (DI) 50% ETc,"Date Palm Research Center of Excellence, King Faisal University, Saudi Arabia",25.2735,49.7079,,,,2020-2021,Date Palm (Khalas cv.),200 palm ha-1,,14.23 kg palm-1,,0.52 kg m-3,https://doi.org/10.3390/agronomy11112256,2025-09-12 15:57:51,9.0,True
791,Subsurface Irrigation (SI) 100% ETc,"Date Palm Research Center of Excellence, King Faisal University, Saudi Arabia",25.2735,49.7079,,,,2020-2021,Date Palm (Khalas cv.),200 palm ha-1,,39.03 kg palm-1,,0.71 kg m-3,https://doi.org/10.3390/agronomy11112256,2025-09-12 15:57:51,9.0,True
792,Subsurface Irrigation (SI) 75% ETc,"Date Palm Research Center of Excellence, King Faisal University, Saudi Arabia",25.2735,49.7079,,,,2020-2021,Date Palm (Khalas cv.),200 palm ha-1,,39.40 kg palm-1,,0.88 kg m-3,https://doi.org/10.3390/agronomy11112256,2025-09-12 15:57:51,9.0,True
793,Subsurface Irrigation (SI) 50% ETc,"Date Palm Research Center of Excellence, King Faisal University, Saudi Arabia",25.2735,49.7079,,,,2020-2021,Date Palm (Khalas cv.),200 palm ha-1,,29.87 kg palm-1,,1.09 kg m-3,https://doi.org/10.3390/agronomy11112256,2025-09-12 15:57:51,9.0,True
794,Control (Bubbler Irrigation) 100% ETc,"Date Palm Research Center of Excellence, King Faisal University, Saudi Arabia",25.2735,49.7079,,,,2020-2021,Date Palm (Khalas cv.),200 palm ha-1,,32.41 kg palm-1,,0.59 kg m-3,https://doi.org/10.3390/agronomy11112256,2025-09-12 15:57:51,9.0,True
795,,"Binzhou, China",37.3667,118.0167,,,,,,,,,,,https://doi.org/10.3390/w16172545,2025-09-12 15:58:50,9.0,True
796,,"Wuwei, Gansu Province, China",37.9333,102.6333,,,,,,,,,,,https://doi.org/10.3390/w16172545,2025-09-12 15:58:50,9.0,True
797,,Northwest China,,,,,,,maize,,,,,,https://doi.org/10.3390/w16172545,2025-09-12 15:58:50,9.0,True
798,,"Xinjiang, China",,,,,,,cotton,,,,,,https://doi.org/10.3390/w16172545,2025-09-12 15:58:50,9.0,True
799,,"Inner Mongolia, China",,,,,,,wheat and sunflower,,,,,,https://doi.org/10.3390/w16172545,2025-09-12 15:58:50,9.0,True
800,,"Hetao Irrigation District, Inner Mongolia, China",,,,,,,,,,,,,https://doi.org/10.3390/w16172545,2025-09-12 15:58:50,9.0,True
801,,"Tengger Desert, China",,,,,,,maize,,,,,,https://doi.org/10.3390/w16172545,2025-09-12 15:58:50,9.0,True
802,,"Shandong, China",,,,,,,maize,,,,,,https://doi.org/10.3390/w16172545,2025-09-12 15:58:50,9.0,True
803,Alternate wet and dry irrigation,,,,,,,,Rice,,,,,,https://doi.org/10.3390/plants11131690,2025-09-12 16:01:56,9.0,True
804,Controlled irrigation,,,,,,,,Rice,,,,,,https://doi.org/10.3390/plants11131690,2025-09-12 16:01:56,9.0,True
805,Dry cultivation,,,,,,,,Rice,,,,,,https://doi.org/10.3390/plants11131690,2025-09-12 16:01:56,9.0,True
806,Moist irrigation,,,,,,,,Rice,,,,,,https://doi.org/10.3390/plants11131690,2025-09-12 16:01:56,9.0,True
807,Shallow irrigation and deep storage,,,,,,,,Rice,,,,,,https://doi.org/10.3390/plants11131690,2025-09-12 16:01:56,9.0,True
808,Shallow alternate wet and dry,,,,,,,,Rice,,,,,,https://doi.org/10.3390/plants11131690,2025-09-12 16:01:56,9.0,True
809,,,,,,,,,Rice,,,,,,https://doi.org/10.3390/plants11131690,2025-09-12 16:01:56,9.0,True
810,Soil Moisture-based (100%),"Arba Minch, Ethiopia","6º04""N","37º34""E",1200 m,clay,0.048 ha,May–September 2022,tomato,,,42.70 ton/ha,,15.4 kg/m3,https://doi.org/10.1080/23311932.2023.2214428,2025-09-12 16:03:31,9.0,True
811,Soil Moisture-based (75%),"Arba Minch, Ethiopia","6º04""N","37º34""E",1200 m,clay,0.048 ha,May–September 2022,tomato,,,41.87 ton/ha,,18.5 kg/m3,https://doi.org/10.1080/23311932.2023.2214428,2025-09-12 16:03:31,9.0,True
812,Soil Moisture-based (50%),"Arba Minch, Ethiopia","6º04""N","37º34""E",1200 m,clay,0.048 ha,May–September 2022,tomato,,,29.40 ton/ha,,16.6 kg/m3,https://doi.org/10.1080/23311932.2023.2214428,2025-09-12 16:03:31,9.0,True
813,Evapotranspiration-based (100%),"Arba Minch, Ethiopia","6º04""N","37º34""E",1200 m,clay,0.048 ha,May–September 2022,tomato,,,42.50 ton/ha,,11.6 kg/m3,https://doi.org/10.1080/23311932.2023.2214428,2025-09-12 16:03:31,9.0,True
814,Evapotranspiration-based (75%),"Arba Minch, Ethiopia","6º04""N","37º34""E",1200 m,clay,0.048 ha,May–September 2022,tomato,,,41.63 ton/ha,,13.5 kg/m3,https://doi.org/10.1080/23311932.2023.2214428,2025-09-12 16:03:31,9.0,True
815,Evapotranspiration-based (50%),"Arba Minch, Ethiopia","6º04""N","37º34""E",1200 m,clay,0.048 ha,May–September 2022,tomato,,,28.90 ton/ha,,11.5 kg/m3,https://doi.org/10.1080/23311932.2023.2214428,2025-09-12 16:03:31,9.0,True
816,,"Mymensingh, Bangladesh",,,,,,"23 March, 2010",,,,,,,https://doi.org/10.1007/978-1-4419-6335-2,2025-09-12 16:04:15,8.0,True
817,Soil moisture sensor-based irrigation scheduling,"Stoneville, Mississippi, USA",,,,silt loam,7.5 ha,2015,cotton,,,,,,https://doi.org/10.5539/jas.v10n1p1,2025-09-12 16:11:27,8.0,True
818,Soil moisture sensor-based irrigation scheduling,"Stoneville, Mississippi, USA",,,,silt loam,7.5 ha,2016,cotton,,,,,,https://doi.org/10.5539/jas.v10n1p1,2025-09-12 16:11:27,8.0,True
819,Real Time Soil Moisture Based Irrigation Scheduling,"New Delhi, India",28.6139,77.209,,sandy loam,28 m x 30 m,2020-2021,Green Pea (Pisum sativum L.),,,17.9 t/ha,84.8 cm,11 kg/m3,https://doi.org/10.3390/agronomy12020278,2025-09-12 16:20:50,10.0,True
820,Real Time Soil Moisture Based Irrigation Scheduling,"New Delhi, India",28.6139,77.209,,sandy loam,28 m x 30 m,2020-2021,Green Pea (Pisum sativum L.),,,15.5 t/ha,81.3 cm,,https://doi.org/10.3390/agronomy12020278,2025-09-12 16:20:50,10.0,True
821,Real Time Soil Moisture Based Irrigation Scheduling,"New Delhi, India",28.6139,77.209,,sandy loam,28 m x 30 m,2020-2021,Green Pea (Pisum sativum L.),,,12.5 t/ha,74.5 cm,,https://doi.org/10.3390/agronomy12020278,2025-09-12 16:20:50,10.0,True
822,Real Time Soil Moisture Based Irrigation Scheduling,"New Delhi, India",28.6139,77.209,,sandy loam,28 m x 30 m,2020-2021,Green Pea (Pisum sativum L.),,,,80.2 cm,,https://doi.org/10.3390/agronomy12020278,2025-09-12 16:20:50,10.0,True
823,Real Time Soil Moisture Based Irrigation Scheduling,"New Delhi, India",28.6139,77.209,,sandy loam,28 m x 30 m,2020-2021,Green Pea (Pisum sativum L.),,,,69.2 cm,,https://doi.org/10.3390/agronomy12020278,2025-09-12 16:20:50,10.0,True
824,Real Time Soil Moisture Based Irrigation Scheduling,"New Delhi, India",28.6139,77.209,,sandy loam,28 m x 30 m,2020-2021,Green Pea (Pisum sativum L.),,,,64.3 cm,,https://doi.org/10.3390/agronomy12020278,2025-09-12 16:20:50,10.0,True
825,"Two irrigations per day, 80% ETc","Natabuela, Imbabura Province, Ecuador",0.20016,-78.20065,2430 m.a.s.l.,sandy loam,355.25 m2,September 2019,Solanum Lycopersicum L.,16,,,294 cm,,https://doi.org/10.3390/agronomy12051020,2025-09-12 16:25:36,9.0,True
826,"Two irrigations per day, 100% ETc","Natabuela, Imbabura Province, Ecuador",0.20016,-78.20065,2430 m.a.s.l.,sandy loam,355.25 m2,September 2019,Solanum Lycopersicum L.,16,,11.00 kg/plant,176.32 cm,54.26 kg/m3,https://doi.org/10.3390/agronomy12051020,2025-09-12 16:25:36,9.0,True
827,"Two irrigations per day, 120% ETc","Natabuela, Imbabura Province, Ecuador",0.20016,-78.20065,2430 m.a.s.l.,sandy loam,355.25 m2,September 2019,Solanum Lycopersicum L.,16,,11.95 kg/plant,176.33 cm,49.89 kg/m3,https://doi.org/10.3390/agronomy12051020,2025-09-12 16:25:36,9.0,True
828,"Two irrigations per day, 140% ETc","Natabuela, Imbabura Province, Ecuador",0.20016,-78.20065,2430 m.a.s.l.,sandy loam,355.25 m2,September 2019,Solanum Lycopersicum L.,16,,13.27 kg/plant,179.90 cm,45.97 kg/m3,https://doi.org/10.3390/agronomy12051020,2025-09-12 16:25:36,9.0,True
829,"One irrigation per day, 80% ETc","Natabuela, Imbabura Province, Ecuador",0.20016,-78.20065,2430 m.a.s.l.,sandy loam,355.25 m2,September 2019,Solanum Lycopersicum L.,16,,9.62 kg/plant,172.45 cm,58.32 kg/m3,https://doi.org/10.3390/agronomy12051020,2025-09-12 16:25:36,9.0,True
830,"One irrigation per day, 100% ETc","Natabuela, Imbabura Province, Ecuador",0.20016,-78.20065,2430 m.a.s.l.,sandy loam,355.25 m2,September 2019,Solanum Lycopersicum L.,16,,11.00 kg/plant,174.06 cm,54.26 kg/m3,https://doi.org/10.3390/agronomy12051020,2025-09-12 16:25:36,9.0,True
831,"One irrigation per day, 120% ETc","Natabuela, Imbabura Province, Ecuador",0.20016,-78.20065,2430 m.a.s.l.,sandy loam,355.25 m2,September 2019,Solanum Lycopersicum L.,16,,11.95 kg/plant,176.33 cm,49.89 kg/m3,https://doi.org/10.3390/agronomy12051020,2025-09-12 16:25:36,9.0,True
832,"One irrigation every two days, 100% ETc","Natabuela, Imbabura Province, Ecuador",0.20016,-78.20065,2430 m.a.s.l.,sandy loam,355.25 m2,June 2020,Solanum Lycopersicum L.,16,,8.32 kg/plant,119.00 cm,34.73 kg/m3,https://doi.org/10.3390/agronomy12051020,2025-09-12 16:25:36,9.0,True
833,"One irrigation every two days, 120% ETc","Natabuela, Imbabura Province, Ecuador",0.20016,-78.20065,2430 m.a.s.l.,sandy loam,355.25 m2,June 2020,Solanum Lycopersicum L.,16,,8.25 kg/plant,119.82 cm,34.46 kg/m3,https://doi.org/10.3390/agronomy12051020,2025-09-12 16:25:36,9.0,True
834,"One irrigation every three days, 100% ETc","Natabuela, Imbabura Province, Ecuador",0.20016,-78.20065,2430 m.a.s.l.,sandy loam,355.25 m2,June 2020,Solanum Lycopersicum L.,16,,7.68 kg/plant,119.23 cm,33.45 kg/m3,https://doi.org/10.3390/agronomy12051020,2025-09-12 16:25:36,9.0,True
835,"One irrigation every three days, 120% ETc","Natabuela, Imbabura Province, Ecuador",0.20016,-78.20065,2430 m.a.s.l.,sandy loam,355.25 m2,June 2020,Solanum Lycopersicum L.,16,,7.39 kg/plant,119.23 cm,33.45 kg/m3,https://doi.org/10.3390/agronomy12051020,2025-09-12 16:25:36,9.0,True
836,Subsurface Drip Irrigation,"Angsu Town, Etuokeqian Banner, Ordos City, Inner Mongolia, China",37°38'–38°45'N,106°30'–108°30'E,1300–1400 m,sandy soil,900 m2,,Alfalfa (Grassland No. 2),,,7500–12000 kg/hm2,,1.80–2.50 kg/m3,https://doi.org/10.3390/w15122242,2025-09-12 17:00:17,9.0,True
837,Subsurface Drip Irrigation,"Angsu Town, Etuokeqian Banner, Ordos City, Inner Mongolia, China",37°38'–38°45'N,106°30'–108°30'E,1300–1400 m,sandy soil,900 m2,,Alfalfa (Grassland No. 2),,,7500–12000 kg/hm2,,1.80–2.50 kg/m3,https://doi.org/10.3390/w15122242,2025-09-12 17:00:17,9.0,True
838,Subsurface Drip Irrigation (15.0 mm),"Angsu Town, Etuokeqian Banner, Ordos City, Inner Mongolia, China",37°38'–38°45'N,106°30'–108°30'E,1300–1400 m,sandy soil,900 m2,,Alfalfa (Grassland No. 2),,,7759.0 kg/hm2,36 cm,1.73 kg/m3,https://doi.org/10.3390/w15122242,2025-09-12 17:00:17,9.0,True
839,Subsurface Drip Irrigation (22.5 mm),"Angsu Town, Etuokeqian Banner, Ordos City, Inner Mongolia, China",37°38'–38°45'N,106°30'–108°30'E,1300–1400 m,sandy soil,900 m2,,Alfalfa (Grassland No. 2),,,10585.5 kg/hm2,46 cm,2.14 kg/m3,https://doi.org/10.3390/w15122242,2025-09-12 17:00:17,9.0,True
840,Subsurface Drip Irrigation (30.0 mm),"Angsu Town, Etuokeqian Banner, Ordos City, Inner Mongolia, China",37°38'–38°45'N,106°30'–108°30'E,1300–1400 m,sandy soil,900 m2,,Alfalfa (Grassland No. 2),,,11226.5 kg/hm2,52 cm,2.11 kg/m3,https://doi.org/10.3390/w15122242,2025-09-12 17:00:17,9.0,True
841,"Subsurface Drip Irrigation (15.0 mm, 10 cm depth)","Angsu Town, Etuokeqian Banner, Ordos City, Inner Mongolia, China",37°38'–38°45'N,106°30'–108°30'E,1300–1400 m,sandy soil,900 m2,,Alfalfa (Grassland No. 2),,,7527 kg/hm2,,,https://doi.org/10.3390/w15122242,2025-09-12 17:00:17,9.0,True
842,"Subsurface Drip Irrigation (15.0 mm, 20 cm depth)","Angsu Town, Etuokeqian Banner, Ordos City, Inner Mongolia, China",37°38'–38°45'N,106°30'–108°30'E,1300–1400 m,sandy soil,900 m2,,Alfalfa (Grassland No. 2),,,7930.5 kg/hm2,,,https://doi.org/10.3390/w15122242,2025-09-12 17:00:17,9.0,True
843,"Subsurface Drip Irrigation (15.0 mm, 30 cm depth)","Angsu Town, Etuokeqian Banner, Ordos City, Inner Mongolia, China",37°38'–38°45'N,106°30'–108°30'E,1300–1400 m,sandy soil,900 m2,,Alfalfa (Grassland No. 2),,,7527 kg/hm2,,,https://doi.org/10.3390/w15122242,2025-09-12 17:00:17,9.0,True
844,"Subsurface Drip Irrigation (22.5 mm, 10 cm depth)","Angsu Town, Etuokeqian Banner, Ordos City, Inner Mongolia, China",37°38'–38°45'N,106°30'–108°30'E,1300–1400 m,sandy soil,900 m2,,Alfalfa (Grassland No. 2),,,10369.5 kg/hm2,,,https://doi.org/10.3390/w15122242,2025-09-12 17:00:17,9.0,True
845,"Subsurface Drip Irrigation (22.5 mm, 20 cm depth)","Angsu Town, Etuokeqian Banner, Ordos City, Inner Mongolia, China",37°38'–38°45'N,106°30'–108°30'E,1300–1400 m,sandy soil,900 m2,,Alfalfa (Grassland No. 2),,,10777.5 kg/hm2,,,https://doi.org/10.3390/w15122242,2025-09-12 17:00:17,9.0,True
846,"Subsurface Drip Irrigation (22.5 mm, 30 cm depth)","Angsu Town, Etuokeqian Banner, Ordos City, Inner Mongolia, China",37°38'–38°45'N,106°30'–108°30'E,1300–1400 m,sandy soil,900 m2,,Alfalfa (Grassland No. 2),,,10369.5 kg/hm2,,,https://doi.org/10.3390/w15122242,2025-09-12 17:00:17,9.0,True
847,"Subsurface Drip Irrigation (30.0 mm, 10 cm depth)","Angsu Town, Etuokeqian Banner, Ordos City, Inner Mongolia, China",37°38'–38°45'N,106°30'–108°30'E,1300–1400 m,sandy soil,900 m2,,Alfalfa (Grassland No. 2),,,11101.5 kg/hm2,,,https://doi.org/10.3390/w15122242,2025-09-12 17:00:17,9.0,True
848,"Subsurface Drip Irrigation (30.0 mm, 20 cm depth)","Angsu Town, Etuokeqian Banner, Ordos City, Inner Mongolia, China",37°38'–38°45'N,106°30'–108°30'E,1300–1400 m,sandy soil,900 m2,,Alfalfa (Grassland No. 2),,,11349 kg/hm2,,,https://doi.org/10.3390/w15122242,2025-09-12 17:00:17,9.0,True
849,"Subsurface Drip Irrigation (30.0 mm, 30 cm depth)","Angsu Town, Etuokeqian Banner, Ordos City, Inner Mongolia, China",37°38'–38°45'N,106°30'–108°30'E,1300–1400 m,sandy soil,900 m2,,Alfalfa (Grassland No. 2),,,11101.5 kg/hm2,,,https://doi.org/10.3390/w15122242,2025-09-12 17:00:17,9.0,True
850,Reference Evapotranspiration (ET o),"Vojvodina, Serbia",45.3167,19.8333,84 m,calcareous gleyic chernozem,,2019,Maize (Zea mays L.),75000 plants per hectare,,10.89 t ha−1,,2.41 kg m−3,https://doi.org/10.3390/agriculture13101994,2025-09-12 17:01:12,9.0,True
851,Pan Evaporation (E o),"Vojvodina, Serbia",45.3167,19.8333,84 m,calcareous gleyic chernozem,,2019,Maize (Zea mays L.),75000 plants per hectare,,8.38 t ha−1,,1.00 kg m−3,https://doi.org/10.3390/agriculture13101994,2025-09-12 17:01:12,9.0,True
852,Local Bioclimatic Method (l c),"Vojvodina, Serbia",45.3167,19.8333,84 m,calcareous gleyic chernozem,,2019,Maize (Zea mays L.),75000 plants per hectare,,8.75 t ha−1,,1.34 kg m−3,https://doi.org/10.3390/agriculture13101994,2025-09-12 17:01:12,9.0,True
853,,"Vojvodina, Serbia",45.3167,19.8333,84 m,calcareous gleyic chernozem,,2019,Maize (Zea mays L.),75000 plants per hectare,,7.28 t ha−1,,,https://doi.org/10.3390/agriculture13101994,2025-09-12 17:01:12,9.0,True
854,Reference Evapotranspiration (ET o),"Vojvodina, Serbia",45.3167,19.8333,84 m,calcareous gleyic chernozem,,2020,Maize (Zea mays L.),75000 plants per hectare,,12.89 t ha−1,,2.94 kg m−3,https://doi.org/10.3390/agriculture13101994,2025-09-12 17:01:12,9.0,True
855,Pan Evaporation (E o),"Vojvodina, Serbia",45.3167,19.8333,84 m,calcareous gleyic chernozem,,2020,Maize (Zea mays L.),75000 plants per hectare,,11.11 t ha−1,,1.42 kg m−3,https://doi.org/10.3390/agriculture13101994,2025-09-12 17:01:12,9.0,True
856,Local Bioclimatic Method (l c),"Vojvodina, Serbia",45.3167,19.8333,84 m,calcareous gleyic chernozem,,2020,Maize (Zea mays L.),75000 plants per hectare,,12.20 t ha−1,,2.07 kg m−3,https://doi.org/10.3390/agriculture13101994,2025-09-12 17:01:12,9.0,True
857,,"Vojvodina, Serbia",45.3167,19.8333,84 m,calcareous gleyic chernozem,,2020,Maize (Zea mays L.),75000 plants per hectare,,10.54 t ha−1,,,https://doi.org/10.3390/agriculture13101994,2025-09-12 17:01:12,9.0,True
858,Reference Evapotranspiration (ET o),"Vojvodina, Serbia",45.3167,19.8333,84 m,calcareous gleyic chernozem,,2021,Maize (Zea mays L.),75000 plants per hectare,,9.40 t ha−1,,1.42 kg m−3,https://doi.org/10.3390/agriculture13101994,2025-09-12 17:01:12,9.0,True
859,Pan Evaporation (E o),"Vojvodina, Serbia",45.3167,19.8333,84 m,calcareous gleyic chernozem,,2021,Maize (Zea mays L.),75000 plants per hectare,,9.57 t ha−1,,1.71 kg m−3,https://doi.org/10.3390/agriculture13101994,2025-09-12 17:01:12,9.0,True
860,Local Bioclimatic Method (l c),"Vojvodina, Serbia",45.3167,19.8333,84 m,calcareous gleyic chernozem,,2021,Maize (Zea mays L.),75000 plants per hectare,,8.98 t ha−1,,1.58 kg m−3,https://doi.org/10.3390/agriculture13101994,2025-09-12 17:01:12,9.0,True
861,,"Vojvodina, Serbia",45.3167,19.8333,84 m,calcareous gleyic chernozem,,2021,Maize (Zea mays L.),75000 plants per hectare,,5.98 t ha−1,,,https://doi.org/10.3390/agriculture13101994,2025-09-12 17:01:12,9.0,True
862,2145 m3ha−1 (W1),"Baicheng County, Aksu Region, Xinjiang, China",41°47′37.2′′,81°54′22.6′′,1232.1 m,sandy loam,,2023/4/20 to 2023/9/10,maize (Zea mays L.),,,,,,https://doi.org/10.3390/plants13243492,2025-09-12 17:22:47,9.0,True
863,2685 m3ha−1 (W2),"Baicheng County, Aksu Region, Xinjiang, China",41°47′37.2′′,81°54′22.6′′,1232.1 m,sandy loam,,2023/4/20 to 2023/9/10,maize (Zea mays L.),,,16.96% increase,16.34% increase,6.57% decrease,https://doi.org/10.3390/plants13243492,2025-09-12 17:22:47,9.0,True
864,3360 m3ha−1 (W3),"Baicheng County, Aksu Region, Xinjiang, China",41°47′37.2′′,81°54′22.6′′,1232.1 m,sandy loam,,2023/4/20 to 2023/9/10,maize (Zea mays L.),,,38.08% increase,19.69% increase,11.85% decrease,https://doi.org/10.3390/plants13243492,2025-09-12 17:22:47,9.0,True
865,4200 m3ha−1 (W4),"Baicheng County, Aksu Region, Xinjiang, China",41°47′37.2′′,81°54′22.6′′,1232.1 m,sandy loam,,2023/4/20 to 2023/9/10,maize (Zea mays L.),,,39.24% increase,42.38% increase,28.89% decrease,https://doi.org/10.3390/plants13243492,2025-09-12 17:22:47,9.0,True
866,100% ETc and 4-day interval,"Yangling, Shaanxi, China",34°20′N,108°04′E,521 m,loam,75 m by 7.5 m,31 March 2023,Solanum lycopersicum L.,14,"Total soluble solids, vitamin C, soluble sugar",Yield increased by 8.0% compared to W2D2 and 26.1% compared to W2D3,Increased with decreasing irrigation intervals,Increased by 5.7% compared to W2D2 and 19.3% compared to W2D3,https://doi.org/10.3390/agronomy15051068,2025-09-12 17:23:02,10.0,True
867,100% ETc and 7-day interval,"Yangling, Shaanxi, China",34°20′N,108°04′E,521 m,loam,75 m by 7.5 m,31 March 2023,Solanum lycopersicum L.,14,"Total soluble solids, vitamin C, soluble sugar",Yield increased by 9.1% compared to D3,Increased with decreasing irrigation intervals,Increased with decreasing irrigation intervals,https://doi.org/10.3390/agronomy15051068,2025-09-12 17:23:02,10.0,True
868,100% ETc and 10-day interval,"Yangling, Shaanxi, China",34°20′N,108°04′E,521 m,loam,75 m by 7.5 m,31 March 2023,Solanum lycopersicum L.,14,"Total soluble solids, vitamin C, soluble sugar",Yield decreased compared to D1 and D2,Increased with decreasing irrigation intervals,Lowest among the intervals,https://doi.org/10.3390/agronomy15051068,2025-09-12 17:23:02,10.0,True
869,125% ETc and 4-day interval,"Yangling, Shaanxi, China",34°20′N,108°04′E,521 m,loam,75 m by 7.5 m,31 March 2023,Solanum lycopersicum L.,14,"Total soluble solids, vitamin C, soluble sugar",Yield decreased compared to W2D1,Increased with decreasing irrigation intervals,Decreased compared to W2D1,https://doi.org/10.3390/agronomy15051068,2025-09-12 17:23:02,10.0,True
870,75% ETc and 4-day interval,"Yangling, Shaanxi, China",34°20′N,108°04′E,521 m,loam,75 m by 7.5 m,31 March 2023,Solanum lycopersicum L.,14,"Total soluble solids, vitamin C, soluble sugar",Yield decreased compared to W2D1,Increased with decreasing irrigation intervals,Decreased compared to W2D1,https://doi.org/10.3390/agronomy15051068,2025-09-12 17:23:02,10.0,True
871,50% ETc and 4-day interval,"Yangling, Shaanxi, China",34°20′N,108°04′E,521 m,loam,75 m by 7.5 m,31 March 2023,Solanum lycopersicum L.,14,"Total soluble solids, vitamin C, soluble sugar",Yield decreased compared to W2D1,Increased with decreasing irrigation intervals,Lowest among the irrigation levels,https://doi.org/10.3390/agronomy15051068,2025-09-12 17:23:02,10.0,True
872,,"Yangling, Shaanxi, China",34°20′N,108°04′E,521 m,loam,75 m by 7.5 m,25 August 2023,Solanum lycopersicum L.,14,"Total soluble solids, vitamin C, soluble sugar",Yield decreased compared to spring,Increased with decreasing irrigation intervals,Decreased compared to spring,https://doi.org/10.3390/agronomy15051068,2025-09-12 17:23:02,10.0,True
873,Full irrigation (100%),"Kırşehir Ahi Evran University, Turkey",39°08′02′′N,34°07′08′′E,1082 m,sandy clay loam,,May to August 2022,Tomato (Solanum lycopersicum L.),,,Total yield: 947.9 g pot−1,,Total WUE: 21.9 g L−1,https://doi.org/10.3390/w16081095,2025-09-12 17:23:59,9.0,True
874,75% irrigation (I75),"Kırşehir Ahi Evran University, Turkey",39°08′02′′N,34°07′08′′E,1082 m,sandy clay loam,,May to August 2022,Tomato (Solanum lycopersicum L.),,,Total yield: 700.0 g pot−1,,Total WUE: 19.7 g L−1,https://doi.org/10.3390/w16081095,2025-09-12 17:23:59,9.0,True
875,50% irrigation (I50),"Kırşehir Ahi Evran University, Turkey",39°08′02′′N,34°07′08′′E,1082 m,sandy clay loam,,May to August 2022,Tomato (Solanum lycopersicum L.),,,Total yield: 233.7 g pot−1,,Total WUE: 11.0 g L−1,https://doi.org/10.3390/w16081095,2025-09-12 17:23:59,9.0,True
876,Full irrigation (100%) with 10% vermicompost (VC10),"Kırşehir Ahi Evran University, Turkey",39°08′02′′N,34°07′08′′E,1082 m,sandy clay loam,,May to August 2022,Tomato (Solanum lycopersicum L.),,,Total yield: 908.3 g pot−1,,Total WUE: 19.0 g L−1,https://doi.org/10.3390/w16081095,2025-09-12 17:23:59,9.0,True
877,Full irrigation (100%) with 20% vermicompost (VC20),"Kırşehir Ahi Evran University, Turkey",39°08′02′′N,34°07′08′′E,1082 m,sandy clay loam,,May to August 2022,Tomato (Solanum lycopersicum L.),,,Total yield: 947.9 g pot−1,,Total WUE: 21.9 g L−1,https://doi.org/10.3390/w16081095,2025-09-12 17:23:59,9.0,True
878,75% irrigation (I75) with 10% vermicompost (VC10),"Kırşehir Ahi Evran University, Turkey",39°08′02′′N,34°07′08′′E,1082 m,sandy clay loam,,May to August 2022,Tomato (Solanum lycopersicum L.),,,Total yield: 522.8 g pot−1,,Total WUE: 13.6 g L−1,https://doi.org/10.3390/w16081095,2025-09-12 17:23:59,9.0,True
879,75% irrigation (I75) with 20% vermicompost (VC20),"Kırşehir Ahi Evran University, Turkey",39°08′02′′N,34°07′08′′E,1082 m,sandy clay loam,,May to August 2022,Tomato (Solanum lycopersicum L.),,,Total yield: 700.0 g pot−1,,Total WUE: 19.7 g L−1,https://doi.org/10.3390/w16081095,2025-09-12 17:23:59,9.0,True
880,50% irrigation (I50) with 10% vermicompost (VC10),"Kırşehir Ahi Evran University, Turkey",39°08′02′′N,34°07′08′′E,1082 m,sandy clay loam,,May to August 2022,Tomato (Solanum lycopersicum L.),,,Total yield: 362.0 g pot−1,,Total WUE: 13.1 g L−1,https://doi.org/10.3390/w16081095,2025-09-12 17:23:59,9.0,True
881,50% irrigation (I50) with 20% vermicompost (VC20),"Kırşehir Ahi Evran University, Turkey",39°08′02′′N,34°07′08′′E,1082 m,sandy clay loam,,May to August 2022,Tomato (Solanum lycopersicum L.),,,Total yield: 399.5 g pot−1,,Total WUE: 15.6 g L−1,https://doi.org/10.3390/w16081095,2025-09-12 17:23:59,9.0,True
882,Deficit Irrigation 100% ET0,"El Nubaria, El Behira Governorate, North of Egypt",30°15'N,30°47'E,,sandy,,2020/2021,Potato (Solanum tuberosum),,,2502.00 g/plant,94.00 cm,42.77 kg/m3,https://doi.org/10.36632/mejar/2022.11.2.45,2025-09-12 23:35:45,10.0,True
883,Deficit Irrigation 100% ET0,"El Nubaria, El Behira Governorate, North of Egypt",30°15'N,30°47'E,,sandy,,2021/2022,Potato (Solanum tuberosum),,,2414.00 g/plant,97.33 cm,46.09 kg/m3,https://doi.org/10.36632/mejar/2022.11.2.45,2025-09-12 23:35:45,10.0,True
884,Deficit Irrigation 80% ET0,"El Nubaria, El Behira Governorate, North of Egypt",30°15'N,30°47'E,,sandy,,2020/2021,Potato (Solanum tuberosum),,,2280.00 g/plant,91.00 cm,42.84 kg/m3,https://doi.org/10.36632/mejar/2022.11.2.45,2025-09-12 23:35:45,10.0,True
885,Deficit Irrigation 80% ET0,"El Nubaria, El Behira Governorate, North of Egypt",30°15'N,30°47'E,,sandy,,2021/2022,Potato (Solanum tuberosum),,,2346.00 g/plant,96.00 cm,46.72 kg/m3,https://doi.org/10.36632/mejar/2022.11.2.45,2025-09-12 23:35:45,10.0,True
886,Deficit Irrigation 60% ET0,"El Nubaria, El Behira Governorate, North of Egypt",30°15'N,30°47'E,,sandy,,2020/2021,Potato (Solanum tuberosum),,,1660.00 g/plant,83.33 cm,47.55 kg/m3,https://doi.org/10.36632/mejar/2022.11.2.45,2025-09-12 23:35:45,10.0,True
887,Deficit Irrigation 60% ET0,"El Nubaria, El Behira Governorate, North of Egypt",30°15'N,30°47'E,,sandy,,2021/2022,Potato (Solanum tuberosum),,,1722.00 g/plant,87.58 cm,52.04 kg/m3,https://doi.org/10.36632/mejar/2022.11.2.45,2025-09-12 23:35:45,10.0,True
888,Deficit Irrigation 40% ET0,"El Nubaria, El Behira Governorate, North of Egypt",30°15'N,30°47'E,,sandy,,2020/2021,Potato (Solanum tuberosum),,,1283.00 g/plant,70.00 cm,46.64 kg/m3,https://doi.org/10.36632/mejar/2022.11.2.45,2025-09-12 23:35:45,10.0,True
889,Deficit Irrigation 40% ET0,"El Nubaria, El Behira Governorate, North of Egypt",30°15'N,30°47'E,,sandy,,2021/2022,Potato (Solanum tuberosum),,,1338.00 g/plant,74.05 cm,52.35 kg/m3,https://doi.org/10.36632/mejar/2022.11.2.45,2025-09-12 23:35:45,10.0,True
890,Irrigation Scheduling One Time Per Day,"El Nubaria, El Behira Governorate, North of Egypt",30°15'N,30°47'E,,sandy,,2020/2021,Potato (Solanum tuberosum),,,1931.00 g/plant,84.58 cm,44.95 kg/m3,https://doi.org/10.36632/mejar/2022.11.2.45,2025-09-12 23:35:45,10.0,True
891,Irrigation Scheduling Two Times Per Day,"El Nubaria, El Behira Governorate, North of Egypt",30°15'N,30°47'E,,sandy,,2020/2021,Potato (Solanum tuberosum),,,2172.00 g/plant,90.42 cm,39.20 kg/m3,https://doi.org/10.36632/mejar/2022.11.2.45,2025-09-12 23:35:45,10.0,True
892,Irrigation Scheduling One Time Per Day,"El Nubaria, El Behira Governorate, North of Egypt",30°15'N,30°47'E,,sandy,,2021/2022,Potato (Solanum tuberosum),,,1955.00 g/plant,88.74 cm,49.30 kg/m3,https://doi.org/10.36632/mejar/2022.11.2.45,2025-09-12 23:35:45,10.0,True
893,Irrigation Scheduling Two Times Per Day,"El Nubaria, El Behira Governorate, North of Egypt",30°15'N,30°47'E,,sandy,,2021/2022,Potato (Solanum tuberosum),,,2237.00 g/plant,95.16 cm,43.89 kg/m3,https://doi.org/10.36632/mejar/2022.11.2.45,2025-09-12 23:35:45,10.0,True
894,IW/CPE ratio 1.0,"Instructional Research Farm, Krishi Nagar, Department of Agronomy, College of Agriculture, Jawaharlal Nehru Krishi Vishwa Vidyalaya, Jabalpur (Madhya Pradesh), India",,,,sandy clay loam,,29 November 2020,Wheat + Mustard,,,"3215 kg/ha (Wheat), 1326 kg/ha (Mustard)","72.74 cm (Wheat), 136.42 cm (Mustard)",,http://dx.doi.org/10.5281/zenodo.7790864,2025-09-12 23:36:58,8.0,True
895,IW/CPE ratio 0.8,"Instructional Research Farm, Krishi Nagar, Department of Agronomy, College of Agriculture, Jawaharlal Nehru Krishi Vishwa Vidyalaya, Jabalpur (Madhya Pradesh), India",,,,sandy clay loam,,29 November 2020,Wheat + Mustard,,,"2989 kg/ha (Wheat), 1236 kg/ha (Mustard)","67.70 cm (Wheat), 131.42 cm (Mustard)",,http://dx.doi.org/10.5281/zenodo.7790864,2025-09-12 23:36:58,8.0,True
896,IW/CPE ratio 0.6,"Instructional Research Farm, Krishi Nagar, Department of Agronomy, College of Agriculture, Jawaharlal Nehru Krishi Vishwa Vidyalaya, Jabalpur (Madhya Pradesh), India",,,,sandy clay loam,,29 November 2020,Wheat + Mustard,,,"2595 kg/ha (Wheat), 1104 kg/ha (Mustard)","63.37 cm (Wheat), 126.67 cm (Mustard)",,http://dx.doi.org/10.5281/zenodo.7790864,2025-09-12 23:36:58,8.0,True
897,,"Instructional Research Farm, Krishi Nagar, Department of Agronomy, College of Agriculture, Jawaharlal Nehru Krishi Vishwa Vidyalaya, Jabalpur (Madhya Pradesh), India",,,,sandy clay loam,,29 November 2020,Sole Wheat,,,3426 kg/ha,70.17 cm,,http://dx.doi.org/10.5281/zenodo.7790864,2025-09-12 23:36:58,8.0,True
898,,"Instructional Research Farm, Krishi Nagar, Department of Agronomy, College of Agriculture, Jawaharlal Nehru Krishi Vishwa Vidyalaya, Jabalpur (Madhya Pradesh), India",,,,sandy clay loam,,29 November 2020,Sole Mustard,,,1428 kg/ha,141.78 cm,,http://dx.doi.org/10.5281/zenodo.7790864,2025-09-12 23:36:58,8.0,True
899,,"Instructional Research Farm, Krishi Nagar, Department of Agronomy, College of Agriculture, Jawaharlal Nehru Krishi Vishwa Vidyalaya, Jabalpur (Madhya Pradesh), India",,,,sandy clay loam,,29 November 2020,Wheat + Mustard (4:2),,,"2500 kg/ha (Wheat), 1208 kg/ha (Mustard)","65.14 cm (Wheat), 128.11 cm (Mustard)",,http://dx.doi.org/10.5281/zenodo.7790864,2025-09-12 23:36:58,8.0,True
900,,"Instructional Research Farm, Krishi Nagar, Department of Agronomy, College of Agriculture, Jawaharlal Nehru Krishi Vishwa Vidyalaya, Jabalpur (Madhya Pradesh), India",,,,sandy clay loam,,29 November 2020,Wheat + Mustard (6:2),,,"2755 kg/ha (Wheat), 1135 kg/ha (Mustard)","67.29 cm (Wheat), 127.67 cm (Mustard)",,http://dx.doi.org/10.5281/zenodo.7790864,2025-09-12 23:36:58,8.0,True
901,,"Instructional Research Farm, Krishi Nagar, Department of Agronomy, College of Agriculture, Jawaharlal Nehru Krishi Vishwa Vidyalaya, Jabalpur (Madhya Pradesh), India",,,,sandy clay loam,,29 November 2020,Wheat + Mustard (8:2),,,"3051 kg/ha (Wheat), 1116 kg/ha (Mustard)","69.14 cm (Wheat), 126.44 cm (Mustard)",,http://dx.doi.org/10.5281/zenodo.7790864,2025-09-12 23:36:58,8.0,True
902,Flood irrigation,"Faisalabad, Punjab, Pakistan",,,,sandy loam,,2007-2008,Wheat,,,3212 kg ha−1,,11.8 kg ha−1 mm−1,https://doi.org/10.1007/s10333-022-00911-9,2025-09-12 23:38:02,9.0,True
903,Flood irrigation,"Faisalabad, Punjab, Pakistan",,,,sandy loam,,2008-2009,Wheat,,,3707 kg ha−1,,13.6 kg ha−1 mm−1,https://doi.org/10.1007/s10333-022-00911-9,2025-09-12 23:38:02,9.0,True
904,,"Faisalabad, Punjab, Pakistan",,,,,,2007-2008,Wheat,,,4289 kg ha−1,,12.2 kg ha−1 mm−1,https://doi.org/10.1007/s10333-022-00911-9,2025-09-12 23:38:02,9.0,True
905,,"Faisalabad, Punjab, Pakistan",,,,,,2008-2009,Wheat,,,6297 kg ha−1,,22.7 kg ha−1 mm−1,https://doi.org/10.1007/s10333-022-00911-9,2025-09-12 23:38:02,9.0,True
906,Flood irrigation,"Faisalabad, Punjab, Pakistan",,,,,,2007-2008,Corn,,,,,,https://doi.org/10.1007/s10333-022-00911-9,2025-09-12 23:38:02,9.0,True
907,Flood irrigation,"Faisalabad, Punjab, Pakistan",,,,,,2007-2008,Potato,,,,,,https://doi.org/10.1007/s10333-022-00911-9,2025-09-12 23:38:02,9.0,True
908,Flood irrigation,"Faisalabad, Punjab, Pakistan",,,,,,2007-2008,Wheat,,,3286 kg ha−1,,,https://doi.org/10.1007/s10333-022-00911-9,2025-09-12 23:38:02,9.0,True
909,Flood irrigation,"Faisalabad, Punjab, Pakistan",,,,,,2007-2008,Wheat,,,3467 kg ha−1,,,https://doi.org/10.1007/s10333-022-00911-9,2025-09-12 23:38:02,9.0,True
920,Irrigation at 100 % of ET0 based on FAO Penman-Monteith equation under drip irrigation,"Lovely Professional University, Phagwara, Punjab",31.25° N,75.70° E,280 m,,,10 March to 10 June 2022,Tomato (Lycopersicon esculentum),,,44.6 t ha-1,94.6 cm,1.33 t ha-1-cm,https://doi.org/10.54386/jam.v25i4.2269,2025-09-12 23:41:20,9.0,True
921,Irrigation at 75 % of ET0 based on FAO Penman-Monteith equation under drip irrigation,"Lovely Professional University, Phagwara, Punjab",31.25° N,75.70° E,280 m,,,10 March to 10 June 2022,Tomato (Lycopersicon esculentum),,,42.15 t ha-1,,1.61 t ha-1-cm,https://doi.org/10.54386/jam.v25i4.2269,2025-09-12 23:41:20,9.0,True
922,Irrigation at 100 % of ET0 based on Blaney-Criddle equation under drip irrigation,"Lovely Professional University, Phagwara, Punjab",31.25° N,75.70° E,280 m,,,10 March to 10 June 2022,Tomato (Lycopersicon esculentum),,,37.5 t ha-1,,1.36 t ha-1-cm,https://doi.org/10.54386/jam.v25i4.2269,2025-09-12 23:41:20,9.0,True
923,Irrigation at 85 % of ET0 based on Blaney-Criddle equation under drip irrigation,"Lovely Professional University, Phagwara, Punjab",31.25° N,75.70° E,280 m,,,10 March to 10 June 2022,Tomato (Lycopersicon esculentum),,,30.9 t ha-1,,1.31 t ha-1-cm,https://doi.org/10.54386/jam.v25i4.2269,2025-09-12 23:41:20,9.0,True
924,Irrigation at 100 % of Epan measured through Class A pan evaporimeter under drip irrigation,"Lovely Professional University, Phagwara, Punjab",31.25° N,75.70° E,280 m,,,10 March to 10 June 2022,Tomato (Lycopersicon esculentum),,,42.7 t ha-1,,1.39 t ha-1-cm,https://doi.org/10.54386/jam.v25i4.2269,2025-09-12 23:41:20,9.0,True
925,Irrigation at 90 % of Epan measured through Class A pan evaporimeter under drip irrigation,"Lovely Professional University, Phagwara, Punjab",31.25° N,75.70° E,280 m,,,10 March to 10 June 2022,Tomato (Lycopersicon esculentum),,,38.5 t ha-1,,1.40 t ha-1-cm,https://doi.org/10.54386/jam.v25i4.2269,2025-09-12 23:41:20,9.0,True
926,Control: Irrigation through drip irrigation (At 50% depletion in field capacity),"Lovely Professional University, Phagwara, Punjab",31.25° N,75.70° E,280 m,,,10 March to 10 June 2022,Tomato (Lycopersicon esculentum),,,28.0 t ha-1,,0.58 t ha-1-cm,https://doi.org/10.54386/jam.v25i4.2269,2025-09-12 23:41:20,9.0,True
927,60% of ASMDL,"Debre Zeit Agricultural Research Center, Oromia region, East Shoa zone, Ethiopia",08°45’51” N,39°00’29” E,1610-1908 m,clay,,2016,Garlic (Allium sativum L.),333000,,7.08 t/ha,52.17 cm,3.08 kg/m3,https://doi.org/10.26855/ijfsa.2021.06.015,2025-09-12 23:41:52,9.0,True
928,80% of ASMDL,"Debre Zeit Agricultural Research Center, Oromia region, East Shoa zone, Ethiopia",08°45’51” N,39°00’29” E,1610-1908 m,clay,,2016,Garlic (Allium sativum L.),333000,,7.44 t/ha,55.77 cm,3.17 kg/m3,https://doi.org/10.26855/ijfsa.2021.06.015,2025-09-12 23:41:52,9.0,True
929,100% of ASMDL,"Debre Zeit Agricultural Research Center, Oromia region, East Shoa zone, Ethiopia",08°45’51” N,39°00’29” E,1610-1908 m,clay,,2016,Garlic (Allium sativum L.),333000,,7.04 t/ha,51.00 cm,2.76 kg/m3,https://doi.org/10.26855/ijfsa.2021.06.015,2025-09-12 23:41:52,9.0,True
930,120% of ASMDL,"Debre Zeit Agricultural Research Center, Oromia region, East Shoa zone, Ethiopia",08°45’51” N,39°00’29” E,1610-1908 m,clay,,2016,Garlic (Allium sativum L.),333000,,6.35 t/ha,45.53 cm,2.71 kg/m3,https://doi.org/10.26855/ijfsa.2021.06.015,2025-09-12 23:41:52,9.0,True
931,140% of ASMDL,"Debre Zeit Agricultural Research Center, Oromia region, East Shoa zone, Ethiopia",08°45’51” N,39°00’29” E,1610-1908 m,clay,,2016,Garlic (Allium sativum L.),333000,,5.02 t/ha,43.00 cm,2.70 kg/m3,https://doi.org/10.26855/ijfsa.2021.06.015,2025-09-12 23:41:52,9.0,True
932,60% of ASMDL,"Debre Zeit Agricultural Research Center, Oromia region, East Shoa zone, Ethiopia",08°45’51” N,39°00’29” E,1610-1908 m,clay,,2017,Garlic (Allium sativum L.),333000,,6.26 t/ha,54.57 cm,1.83 kg/m3,https://doi.org/10.26855/ijfsa.2021.06.015,2025-09-12 23:41:52,9.0,True
933,80% of ASMDL,"Debre Zeit Agricultural Research Center, Oromia region, East Shoa zone, Ethiopia",08°45’51” N,39°00’29” E,1610-1908 m,clay,,2017,Garlic (Allium sativum L.),333000,,5.94 t/ha,57.00 cm,1.90 kg/m3,https://doi.org/10.26855/ijfsa.2021.06.015,2025-09-12 23:41:52,9.0,True
934,100% of ASMDL,"Debre Zeit Agricultural Research Center, Oromia region, East Shoa zone, Ethiopia",08°45’51” N,39°00’29” E,1610-1908 m,clay,,2017,Garlic (Allium sativum L.),333000,,5.94 t/ha,50.00 cm,1.73 kg/m3,https://doi.org/10.26855/ijfsa.2021.06.015,2025-09-12 23:41:52,9.0,True
935,120% of ASMDL,"Debre Zeit Agricultural Research Center, Oromia region, East Shoa zone, Ethiopia",08°45’51” N,39°00’29” E,1610-1908 m,clay,,2017,Garlic (Allium sativum L.),333000,,4.34 t/ha,41.00 cm,0.73 kg/m3,https://doi.org/10.26855/ijfsa.2021.06.015,2025-09-12 23:41:52,9.0,True
936,140% of ASMDL,"Debre Zeit Agricultural Research Center, Oromia region, East Shoa zone, Ethiopia",08°45’51” N,39°00’29” E,1610-1908 m,clay,,2017,Garlic (Allium sativum L.),333000,,4.34 t/ha,41.00 cm,0.73 kg/m3,https://doi.org/10.26855/ijfsa.2021.06.015,2025-09-12 23:41:52,9.0,True
937,60% of ASMDL,"Debre Zeit Agricultural Research Center, Oromia region, East Shoa zone, Ethiopia",08°45’51” N,39°00’29” E,1610-1908 m,clay,,2018,Garlic (Allium sativum L.),333000,,6.67 t/ha,53.36 cm,1.90 kg/m3,https://doi.org/10.26855/ijfsa.2021.06.015,2025-09-12 23:41:52,9.0,True
938,80% of ASMDL,"Debre Zeit Agricultural Research Center, Oromia region, East Shoa zone, Ethiopia",08°45’51” N,39°00’29” E,1610-1908 m,clay,,2018,Garlic (Allium sativum L.),333000,,7.45 t/ha,56.38 cm,2.42 kg/m3,https://doi.org/10.26855/ijfsa.2021.06.015,2025-09-12 23:41:52,9.0,True
939,100% of ASMDL,"Debre Zeit Agricultural Research Center, Oromia region, East Shoa zone, Ethiopia",08°45’51” N,39°00’29” E,1610-1908 m,clay,,2018,Garlic (Allium sativum L.),333000,,6.49 t/ha,50.50 cm,1.70 kg/m3,https://doi.org/10.26855/ijfsa.2021.06.015,2025-09-12 23:41:52,9.0,True
940,120% of ASMDL,"Debre Zeit Agricultural Research Center, Oromia region, East Shoa zone, Ethiopia",08°45’51” N,39°00’29” E,1610-1908 m,clay,,2018,Garlic (Allium sativum L.),333000,,4.68 t/ha,42.00 cm,0.78 kg/m3,https://doi.org/10.26855/ijfsa.2021.06.015,2025-09-12 23:41:52,9.0,True
941,140% of ASMDL,"Debre Zeit Agricultural Research Center, Oromia region, East Shoa zone, Ethiopia",08°45’51” N,39°00’29” E,1610-1908 m,clay,,2018,Garlic (Allium sativum L.),333000,,4.68 t/ha,42.00 cm,0.78 kg/m3,https://doi.org/10.26855/ijfsa.2021.06.015,2025-09-12 23:41:52,9.0,True
942,Drip irrigation under plastic film,"Xixia town, Yinchuan, Ningxia, China",38° 26′ N,106° 03′ E,1123 m,light grey soil,,2018,Oryza sativa L.,30 seeds per hole,,7751.64 kg ha−1,,2.00 kg·m−3,https://doi.org/10.1038/s41598-022-20652-3,2025-09-12 23:43:19,10.0,True
943,Drip irrigation under plastic film,"Xixia town, Yinchuan, Ningxia, China",38° 26′ N,106° 03′ E,1123 m,light grey soil,,2019,Oryza sativa L.,30 seeds per hole,,7245.41 kg ha−1,,1.49 kg·m−3,https://doi.org/10.1038/s41598-022-20652-3,2025-09-12 23:43:19,10.0,True
944,Drip irrigation under plastic film,"Xixia town, Yinchuan, Ningxia, China",38° 26′ N,106° 03′ E,1123 m,light grey soil,,2020,Oryza sativa L.,30 seeds per hole,,8758.25 kg ha−1,,1.96 kg·m−3,https://doi.org/10.1038/s41598-022-20652-3,2025-09-12 23:43:19,10.0,True
945,Drip irrigation under plastic film,"Hongguang town, Yinchuan, Ningxia, China",38° 42′ N,106° 20′ E,1105 m,irrigation silty soil,,2020,Oryza sativa L.,30 seeds per hole,,,,,https://doi.org/10.1038/s41598-022-20652-3,2025-09-12 23:43:19,10.0,True
946,,"Xixia town, Yinchuan, Ningxia, China",38° 26′ N,106° 03′ E,1123 m,light grey soil,,2018,Oryza sativa L.,30 seeds per hole,,7566.53 kg ha−1,,2.22 kg·m−3,https://doi.org/10.1038/s41598-022-20652-3,2025-09-12 23:43:19,10.0,True
947,,"Xixia town, Yinchuan, Ningxia, China",38° 26′ N,106° 03′ E,1123 m,light grey soil,,2019,Oryza sativa L.,30 seeds per hole,,6665.86 kg ha−1,,1.45 kg·m−3,https://doi.org/10.1038/s41598-022-20652-3,2025-09-12 23:43:19,10.0,True
948,,"Xixia town, Yinchuan, Ningxia, China",38° 26′ N,106° 03′ E,1123 m,light grey soil,,2020,Oryza sativa L.,30 seeds per hole,,8431.13 kg ha−1,,1.99 kg·m−3,https://doi.org/10.1038/s41598-022-20652-3,2025-09-12 23:43:19,10.0,True
949,,"Xixia town, Yinchuan, Ningxia, China",38° 26′ N,106° 03′ E,1123 m,light grey soil,,2018,Oryza sativa L.,30 seeds per hole,,7129.71 kg ha−1,,2.15 kg·m−3,https://doi.org/10.1038/s41598-022-20652-3,2025-09-12 23:43:19,10.0,True
950,,"Xixia town, Yinchuan, Ningxia, China",38° 26′ N,106° 03′ E,1123 m,light grey soil,,2019,Oryza sativa L.,30 seeds per hole,,5950.73 kg ha−1,,1.45 kg·m−3,https://doi.org/10.1038/s41598-022-20652-3,2025-09-12 23:43:19,10.0,True
951,,"Xixia town, Yinchuan, Ningxia, China",38° 26′ N,106° 03′ E,1123 m,light grey soil,,2020,Oryza sativa L.,30 seeds per hole,,7066.46 kg ha−1,,1.97 kg·m−3,https://doi.org/10.1038/s41598-022-20652-3,2025-09-12 23:43:19,10.0,True
952,,"Xixia town, Yinchuan, Ningxia, China",38° 26′ N,106° 03′ E,1123 m,light grey soil,,2018,Oryza sativa L.,30 seeds per hole,,6566.18 kg ha−1,,2.16 kg·m−3,https://doi.org/10.1038/s41598-022-20652-3,2025-09-12 23:43:19,10.0,True
953,,"Xixia town, Yinchuan, Ningxia, China",38° 26′ N,106° 03′ E,1123 m,light grey soil,,2019,Oryza sativa L.,30 seeds per hole,,5324.88 kg ha−1,,1.43 kg·m−3,https://doi.org/10.1038/s41598-022-20652-3,2025-09-12 23:43:19,10.0,True
954,,"Xixia town, Yinchuan, Ningxia, China",38° 26′ N,106° 03′ E,1123 m,light grey soil,,2020,Oryza sativa L.,30 seeds per hole,,6039.50 kg ha−1,,1.80 kg·m−3,https://doi.org/10.1038/s41598-022-20652-3,2025-09-12 23:43:19,10.0,True
955,,"Xixia town, Yinchuan, Ningxia, China",38° 26′ N,106° 03′ E,1123 m,light grey soil,,2018,Oryza sativa L.,30 seeds per hole,,6003.51 kg ha−1,,2.24 kg·m−3,https://doi.org/10.1038/s41598-022-20652-3,2025-09-12 23:43:19,10.0,True
956,,"Xixia town, Yinchuan, Ningxia, China",38° 26′ N,106° 03′ E,1123 m,light grey soil,,2019,Oryza sativa L.,30 seeds per hole,,4213.45 kg ha−1,,1.26 kg·m−3,https://doi.org/10.1038/s41598-022-20652-3,2025-09-12 23:43:19,10.0,True
957,,"Xixia town, Yinchuan, Ningxia, China",38° 26′ N,106° 03′ E,1123 m,light grey soil,,2020,Oryza sativa L.,30 seeds per hole,,5118.60 kg ha−1,,1.69 kg·m−3,https://doi.org/10.1038/s41598-022-20652-3,2025-09-12 23:43:19,10.0,True
958,,"Xixia town, Yinchuan, Ningxia, China",38° 26′ N,106° 03′ E,1123 m,light grey soil,,2018,Oryza sativa L.,30 seeds per hole,,4907.81 kg ha−1,,2.01 kg·m−3,https://doi.org/10.1038/s41598-022-20652-3,2025-09-12 23:43:19,10.0,True
959,,"Xixia town, Yinchuan, Ningxia, China",38° 26′ N,106° 03′ E,1123 m,light grey soil,,2019,Oryza sativa L.,30 seeds per hole,,3710.26 kg ha−1,,1.21 kg·m−3,https://doi.org/10.1038/s41598-022-20652-3,2025-09-12 23:43:19,10.0,True
960,,"Xixia town, Yinchuan, Ningxia, China",38° 26′ N,106° 03′ E,1123 m,light grey soil,,2020,Oryza sativa L.,30 seeds per hole,,3868.60 kg ha−1,,1.38 kg·m−3,https://doi.org/10.1038/s41598-022-20652-3,2025-09-12 23:43:19,10.0,True
961,,"Hongguang town, Yinchuan, Ningxia, China",38° 42′ N,106° 20′ E,1105 m,irrigation silty soil,,2018,Oryza sativa L.,30 seeds per hole,,6986.26 kg ha−1,,2.27 kg·m−3,https://doi.org/10.1038/s41598-022-20652-3,2025-09-12 23:43:19,10.0,True
962,,"Hongguang town, Yinchuan, Ningxia, China",38° 42′ N,106° 20′ E,1105 m,irrigation silty soil,,2019,Oryza sativa L.,30 seeds per hole,,5949.62 kg ha−1,,1.51 kg·m−3,https://doi.org/10.1038/s41598-022-20652-3,2025-09-12 23:43:19,10.0,True
963,,"Hongguang town, Yinchuan, Ningxia, China",38° 42′ N,106° 20′ E,1105 m,irrigation silty soil,,2020,Oryza sativa L.,30 seeds per hole,,7234.55 kg ha−1,,2.03 kg·m−3,https://doi.org/10.1038/s41598-022-20652-3,2025-09-12 23:43:19,10.0,True
964,,"Hongguang town, Yinchuan, Ningxia, China",38° 42′ N,106° 20′ E,1105 m,irrigation silty soil,,2018,Oryza sativa L.,30 seeds per hole,,6443.30 kg ha−1,,2.22 kg·m−3,https://doi.org/10.1038/s41598-022-20652-3,2025-09-12 23:43:19,10.0,True
965,,"Hongguang town, Yinchuan, Ningxia, China",38° 42′ N,106° 20′ E,1105 m,irrigation silty soil,,2019,Oryza sativa L.,30 seeds per hole,,5693.35 kg ha−1,,1.49 kg·m−3,https://doi.org/10.1038/s41598-022-20652-3,2025-09-12 23:43:19,10.0,True
966,,"Hongguang town, Yinchuan, Ningxia, China",38° 42′ N,106° 20′ E,1105 m,irrigation silty soil,,2020,Oryza sativa L.,30 seeds per hole,,7127.18 kg ha−1,,2.06 kg·m−3,https://doi.org/10.1038/s41598-022-20652-3,2025-09-12 23:43:19,10.0,True
967,,"Hongguang town, Yinchuan, Ningxia, China",38° 42′ N,106° 20′ E,1105 m,irrigation silty soil,,2018,Oryza sativa L.,30 seeds per hole,,6295.82 kg ha−1,,2.18 kg·m−3,https://doi.org/10.1038/s41598-022-20652-3,2025-09-12 23:43:19,10.0,True
968,,"Hongguang town, Yinchuan, Ningxia, China",38° 42′ N,106° 20′ E,1105 m,irrigation silty soil,,2019,Oryza sativa L.,30 seeds per hole,,5428.94 kg ha−1,,1.45 kg·m−3,https://doi.org/10.1038/s41598-022-20652-3,2025-09-12 23:43:19,10.0,True
969,,"Hongguang town, Yinchuan, Ningxia, China",38° 42′ N,106° 20′ E,1105 m,irrigation silty soil,,2020,Oryza sativa L.,30 seeds per hole,,7015.22 kg ha−1,,2.08 kg·m−3,https://doi.org/10.1038/s41598-022-20652-3,2025-09-12 23:43:19,10.0,True
970,,"Hongguang town, Yinchuan, Ningxia, China",38° 42′ N,106° 20′ E,1105 m,irrigation silty soil,,2018,Oryza sativa L.,30 seeds per hole,,6530.92 kg ha−1,,2.14 kg·m−3,https://doi.org/10.1038/s41598-022-20652-3,2025-09-12 23:43:19,10.0,True
971,,"Hongguang town, Yinchuan, Ningxia, China",38° 42′ N,106° 20′ E,1105 m,irrigation silty soil,,2019,Oryza sativa L.,30 seeds per hole,,5927.83 kg ha−1,,1.56 kg·m−3,https://doi.org/10.1038/s41598-022-20652-3,2025-09-12 23:43:19,10.0,True
972,,"Hongguang town, Yinchuan, Ningxia, China",38° 42′ N,106° 20′ E,1105 m,irrigation silty soil,,2020,Oryza sativa L.,30 seeds per hole,,7179.55 kg ha−1,,2.15 kg·m−3,https://doi.org/10.1038/s41598-022-20652-3,2025-09-12 23:43:19,10.0,True
973,60% Maximum Allowable Depletion,"Burlington, Michigan",,,,Oshtemo/Spinks sandy loam,24.3 ha,2021,Corn,,,"14,681 kg/ha",,,https://doi.org/10.3389/fagro.2025.1496198,2025-09-12 23:44:02,9.0,True
974,50% Maximum Allowable Depletion,"Burlington, Michigan",,,,Oshtemo/Spinks sandy loam,24.3 ha,2021,Corn,,,"15,183 kg/ha",,,https://doi.org/10.3389/fagro.2025.1496198,2025-09-12 23:44:02,9.0,True
975,30% Maximum Allowable Depletion,"Burlington, Michigan",,,,Oshtemo/Spinks sandy loam,24.3 ha,2021,Corn,,,"13,740 kg/ha",,,https://doi.org/10.3389/fagro.2025.1496198,2025-09-12 23:44:02,9.0,True
976,,"Burlington, Michigan",,,,Oshtemo/Spinks sandy loam,24.3 ha,2021,Non-irrigated Corn,,,"12,108 kg/ha",,,https://doi.org/10.3389/fagro.2025.1496198,2025-09-12 23:44:02,9.0,True
977,60% Maximum Allowable Depletion,"Union City, Michigan",,,,Oshtemo sandy loam,15.4 ha,2022,Soybean,,,"4,127 kg/ha",,,https://doi.org/10.3389/fagro.2025.1496198,2025-09-12 23:44:02,9.0,True
978,50% Maximum Allowable Depletion,"Union City, Michigan",,,,Oshtemo sandy loam,15.4 ha,2022,Soybean,,,"4,315 kg/ha",,,https://doi.org/10.3389/fagro.2025.1496198,2025-09-12 23:44:02,9.0,True
979,30% Maximum Allowable Depletion,"Union City, Michigan",,,,Oshtemo sandy loam,15.4 ha,2022,Soybean,,,"4,356 kg/ha",,,https://doi.org/10.3389/fagro.2025.1496198,2025-09-12 23:44:02,9.0,True
980,,"Union City, Michigan",,,,Oshtemo sandy loam,15.4 ha,2022,Non-irrigated Soybean,,,"3,569 kg/ha",,,https://doi.org/10.3389/fagro.2025.1496198,2025-09-12 23:44:02,9.0,True
981,60% Maximum Allowable Depletion,"Parkville, Michigan",,,,Oshtemo sandy loam,12.9 ha,2023,Soybean,,,"4,127 kg/ha",,,https://doi.org/10.3389/fagro.2025.1496198,2025-09-12 23:44:02,9.0,True
982,50% Maximum Allowable Depletion,"Parkville, Michigan",,,,Oshtemo sandy loam,12.9 ha,2023,Soybean,,,"4,315 kg/ha",,,https://doi.org/10.3389/fagro.2025.1496198,2025-09-12 23:44:02,9.0,True
983,30% Maximum Allowable Depletion,"Parkville, Michigan",,,,Oshtemo sandy loam,12.9 ha,2023,Soybean,,,"4,356 kg/ha",,,https://doi.org/10.3389/fagro.2025.1496198,2025-09-12 23:44:02,9.0,True
984,,"Parkville, Michigan",,,,Oshtemo sandy loam,12.9 ha,2023,Non-irrigated Soybean,,,"3,569 kg/ha",,,https://doi.org/10.3389/fagro.2025.1496198,2025-09-12 23:44:02,9.0,True
985,60% Maximum Allowable Depletion,"Sturgis, Michigan",,,,Oshtemo sandy loam,12.1 ha,2021,Corn,,,"14,681 kg/ha",,,https://doi.org/10.3389/fagro.2025.1496198,2025-09-12 23:44:02,9.0,True
986,50% Maximum Allowable Depletion,"Sturgis, Michigan",,,,Oshtemo sandy loam,12.1 ha,2021,Corn,,,"15,183 kg/ha",,,https://doi.org/10.3389/fagro.2025.1496198,2025-09-12 23:44:02,9.0,True
987,30% Maximum Allowable Depletion,"Sturgis, Michigan",,,,Oshtemo sandy loam,12.1 ha,2021,Corn,,,"13,740 kg/ha",,,https://doi.org/10.3389/fagro.2025.1496198,2025-09-12 23:44:02,9.0,True
988,,"Sturgis, Michigan",,,,Oshtemo sandy loam,12.1 ha,2021,Non-irrigated Corn,,,"12,108 kg/ha",,,https://doi.org/10.3389/fagro.2025.1496198,2025-09-12 23:44:02,9.0,True
989,Non-stressed irrigation (I1),"Shiraz Agricultural Research Station, Iran",29°50'N,52°46'E,1810 m,silty clay,,2006-2007,winter wheat,,,5503 kg/ha,,0.96 kg/m³,https://doi.org/10.2166/ws.2021.246,2025-09-12 23:48:15,9.0,True
990,Post-anthesis water stress (I2),"Shiraz Agricultural Research Station, Iran",29°50'N,52°46'E,1810 m,silty clay,,2006-2007,winter wheat,,,4272 kg/ha,,0.95 kg/m³,https://doi.org/10.2166/ws.2021.246,2025-09-12 23:48:15,9.0,True
991,Non-stressed irrigation (I1),"Shiraz Agricultural Research Station, Iran",29°50'N,52°46'E,1810 m,silty clay,,2007-2008,winter wheat,,,4802 kg/ha,,0.94 kg/m³,https://doi.org/10.2166/ws.2021.246,2025-09-12 23:48:15,9.0,True
992,Post-anthesis water stress (I2),"Shiraz Agricultural Research Station, Iran",29°50'N,52°46'E,1810 m,silty clay,,2007-2008,winter wheat,,,4485 kg/ha,,0.85 kg/m³,https://doi.org/10.2166/ws.2021.246,2025-09-12 23:48:15,9.0,True
993,,United States,,,,,,,,,,,,,https://doi.org/10.13031/trans.14110,2025-09-12 23:57:48,8.0,True
994,80~100% FI,"Xinjiang, China",,,,loam,,,cotton,,,−7.46%,,8.41%,https://doi.org/10.3390/plants13050640,2025-09-13 00:00:24,9.0,True
995,60~80% FI,"Xinjiang, China",,,,loam,,,cotton,,,−20.21%,,3.83%,https://doi.org/10.3390/plants13050640,2025-09-13 00:00:24,9.0,True
996,40~60% FI,"Xinjiang, China",,,,loam,,,cotton,,,−17.74%,,25.95%,https://doi.org/10.3390/plants13050640,2025-09-13 00:00:24,9.0,True
997,"one film, two tubes, six rows","Xinjiang, China",,,,,,,cotton,,,−7.65%,,28.10%,https://doi.org/10.3390/plants13050640,2025-09-13 00:00:24,9.0,True
998,<10 times,"Xinjiang, China",,,,,,,cotton,,,−15.29%,,5.83%,https://doi.org/10.3390/plants13050640,2025-09-13 00:00:24,9.0,True
999,>=10 times,"Xinjiang, China",,,,,,,cotton,,,−12.08%,,13.90%,https://doi.org/10.3390/plants13050640,2025-09-13 00:00:24,9.0,True
1000,≤200 kg·ha−1,"Xinjiang, China",,,,,,,cotton,,,−14.95%,,5.31%,https://doi.org/10.3390/plants13050640,2025-09-13 00:00:24,9.0,True
1001,200~300 kg·ha−1,"Xinjiang, China",,,,,,,cotton,,,−15.46%,,7.56%,https://doi.org/10.3390/plants13050640,2025-09-13 00:00:24,9.0,True
1002,300~400 kg·ha−1,"Xinjiang, China",,,,,,,cotton,,,−13.91%,,10.55%,https://doi.org/10.3390/plants13050640,2025-09-13 00:00:24,9.0,True
1003,>400 kg·ha−1,"Xinjiang, China",,,,,,,cotton,,,−17.60%,,−4.19%,https://doi.org/10.3390/plants13050640,2025-09-13 00:00:24,9.0,True
1004,"<240,000 plants/ha","Xinjiang, China",,,,,,,cotton,,,−19.04%,,,https://doi.org/10.3390/plants13050640,2025-09-13 00:00:24,9.0,True
1005,">=240,000 plants/ha","Xinjiang, China",,,,,,,cotton,,,−6.36%,,,https://doi.org/10.3390/plants13050640,2025-09-13 00:00:24,9.0,True
1006,average annual temperature >10°C,"Xinjiang, China",,,,,,,cotton,,,−8.15%,,17.80%,https://doi.org/10.3390/plants13050640,2025-09-13 00:00:24,9.0,True
1007,average annual temperature ≤10°C,"Xinjiang, China",,,,,,,cotton,,,−15.31%,,1.99%,https://doi.org/10.3390/plants13050640,2025-09-13 00:00:24,9.0,True
1008,annual evaporation 1500~2000 mm,"Xinjiang, China",,,,,,,cotton,,,−14.90%,,−3.03%,https://doi.org/10.3390/plants13050640,2025-09-13 00:00:24,9.0,True
1009,annual evaporation >2000 mm,"Xinjiang, China",,,,,,,cotton,,,−10.88%,,14.84%,https://doi.org/10.3390/plants13050640,2025-09-13 00:00:24,9.0,True
1010,annual precipitation <60 mm,"Xinjiang, China",,,,,,,cotton,,,−8.32%,,18.43%,https://doi.org/10.3390/plants13050640,2025-09-13 00:00:24,9.0,True
1011,annual precipitation 60~200 mm,"Xinjiang, China",,,,,,,cotton,,,−15.42%,,2.27%,https://doi.org/10.3390/plants13050640,2025-09-13 00:00:24,9.0,True
1012,annual precipitation >200 mm,"Xinjiang, China",,,,,,,cotton,,,−18.72%,,−1.14%,https://doi.org/10.3390/plants13050640,2025-09-13 00:00:24,9.0,True
1013,sandy soil,"Xinjiang, China",,,,sandy soil,,,cotton,,,−13.98%,,8.83%,https://doi.org/10.3390/plants13050640,2025-09-13 00:00:24,9.0,True
1014,sandy loam soil,"Xinjiang, China",,,,sandy loam,,,cotton,,,−17.63%,,7.93%,https://doi.org/10.3390/plants13050640,2025-09-13 00:00:24,9.0,True
1015,loam soil,"Xinjiang, China",,,,loam,,,cotton,,,−8.73%,,13.51%,https://doi.org/10.3390/plants13050640,2025-09-13 00:00:24,9.0,True
1016,initial soil organic carbon 5.8~11.6 g·kg−1,"Xinjiang, China",,,,,,,cotton,,,,,3.41%,https://doi.org/10.3390/plants13050640,2025-09-13 00:00:24,9.0,True
1017,soil available nitrogen ≤60 mg·kg−1,"Xinjiang, China",,,,,,,cotton,,,−14%,,3.11%,https://doi.org/10.3390/plants13050640,2025-09-13 00:00:24,9.0,True
1018,soil available nitrogen 60~120 mg·kg−1,"Xinjiang, China",,,,,,,cotton,,,−17.37%,,0.69%,https://doi.org/10.3390/plants13050640,2025-09-13 00:00:24,9.0,True
1019,100% ETc (W1.0),"Korla, Xinjiang, China",40°53'N,86°56'E,900 m,sandy loam,,2018-04-12,Gossypium hirstum L.,"225,000 plants ha−1",,6218.07 kg ha−1,,2.60 kg m−3,https://doi.org/10.3390/agronomy15071674,2025-09-13 00:18:02,9.0,True
1020,120% ETc (W1.2),"Korla, Xinjiang, China",40°53'N,86°56'E,900 m,sandy loam,,2018-04-12,Gossypium hirstum L.,"225,000 plants ha−1",,5660.59 kg ha−1,,1.58 kg m−3,https://doi.org/10.3390/agronomy15071674,2025-09-13 00:18:02,9.0,True
1021,80% ETc (W0.8),"Korla, Xinjiang, China",40°53'N,86°56'E,900 m,silt loam,,2018-04-12,Gossypium hirstum L.,"225,000 plants ha−1",,,,,https://doi.org/10.3390/agronomy15071674,2025-09-13 00:18:02,9.0,True
1022,60% ETc (W0.6),"Korla, Xinjiang, China",40°53'N,86°56'E,900 m,sandy loam,,2018-04-12,Gossypium hirstum L.,"225,000 plants ha−1",,,,2.53 kg m−3,https://doi.org/10.3390/agronomy15071674,2025-09-13 00:18:02,9.0,True
1023,Deficit Irrigation,,,,,sandy clay,,,vegetables,,,82.1% yield decline,,,https://doi.org/10.1038/s41598-021-01433-w,2025-09-13 00:19:30,8.0,True
1024,Deficit Irrigation,,,,,loam,,,vegetables,,,26.9% yield decline,,,https://doi.org/10.1038/s41598-021-01433-w,2025-09-13 00:19:30,8.0,True
1025,Deficit Irrigation,,,,,silt loam,,,vegetables,,,38.2% yield decline,,,https://doi.org/10.1038/s41598-021-01433-w,2025-09-13 00:19:30,8.0,True
1026,Deficit Irrigation,,,,,clay loam,,,vegetables,,,44.1% yield decline,,,https://doi.org/10.1038/s41598-021-01433-w,2025-09-13 00:19:30,8.0,True
1027,Deficit Irrigation,,,,,,,,potato,,,,,23.2% gain in WP,https://doi.org/10.1038/s41598-021-01433-w,2025-09-13 00:19:30,8.0,True
1028,Deficit Irrigation,,,,,,,,tomato,,,,,33.3% gain in WP,https://doi.org/10.1038/s41598-021-01433-w,2025-09-13 00:19:30,8.0,True
1029,Deficit Irrigation,,,,,,,,pepper,,,,,44.2% gain in WP,https://doi.org/10.1038/s41598-021-01433-w,2025-09-13 00:19:30,8.0,True
1030,Deficit Irrigation,,,,,,,,eggplant,,,,,49.3% gain in WP,https://doi.org/10.1038/s41598-021-01433-w,2025-09-13 00:19:30,8.0,True
1031,Deficit Irrigation,,,,,,,,onion,,,,,1.08 gain in WP,https://doi.org/10.1038/s41598-021-01433-w,2025-09-13 00:19:30,8.0,True
1032,Deficit Irrigation,,,,,,,,cucumber,,,,,15.8% gain in WP,https://doi.org/10.1038/s41598-021-01433-w,2025-09-13 00:19:30,8.0,True
1033,Deficit Irrigation,,,,,,,,muskmelon,,,,,,https://doi.org/10.1038/s41598-021-01433-w,2025-09-13 00:19:30,8.0,True
1034,Deficit Irrigation,,,,,,,,watermelon,,,,,47.3% gain in WP,https://doi.org/10.1038/s41598-021-01433-w,2025-09-13 00:19:30,8.0,True
1035,Drip irrigation,"Muzaffargarh, Punjab, Pakistan",29.9382,70.1155,,,1 acre,January to May 2024,Maize,,,6728.3 kg/ha,254.6 cm,15.62 kg/ha-mm,https://doi.org/10.1016/j.agwat.2022.107829,2025-11-24 23:32:48,9.0,True
1036,Sprinkler irrigation,"Muzaffargarh, Punjab, Pakistan",29.9382,70.1155,,,1 acre,January to May 2024,Maize,,,6296.6 kg/ha,244.2 cm,12.12 kg/ha-mm,https://doi.org/10.1016/j.agwat.2022.107829,2025-11-24 23:32:48,9.0,True
1037,Furrow irrigation,"Muzaffargarh, Punjab, Pakistan",29.9382,70.1155,,,1 acre,January to May 2024,Maize,,,5563.2 kg/ha,243 cm,6.12 kg/ha-mm,https://doi.org/10.1016/j.agwat.2022.107829,2025-11-24 23:32:48,9.0,True
1038,Flood irrigation,"Muzaffargarh, Punjab, Pakistan",29.9382,70.1155,,,1 acre,January to May 2024,Maize,,,6135.2 kg/ha,248.1 cm,5.13 kg/ha-mm,https://doi.org/10.1016/j.agwat.2022.107829,2025-11-24 23:32:48,9.0,True
1069,Sensor-based irrigation,"Dookie campus, The University of Melbourne, Australia",-36.5,145.5,,,,,Kale (Brassica oleracea var. acephala),,,1.9 kg/m² at 35% EVC,,80.98 g/L at 17.5% EVC,https://doi.org/10.1016/j.agwat.2019.06.005,2025-11-24 23:38:30,8.0,True
1070,Gravimetric irrigation,"Dookie campus, The University of Melbourne, Australia",-36.5,145.5,,,,,Kale (Brassica oleracea var. acephala),,,1.8 kg/m² at 35% EVC,,57.98 g/L at 35% EVC,https://doi.org/10.1016/j.agwat.2019.06.005,2025-11-24 23:38:30,8.0,True
1071,Sensor-based irrigation,"Dookie campus, The University of Melbourne, Australia",-36.5,145.5,,,,,Kale (Brassica oleracea var. acephala),,,0.8 kg/m² at 7.5% EVC,,62.34 g/L at 7.5% EVC,https://doi.org/10.1016/j.agwat.2019.06.005,2025-11-24 23:38:30,8.0,True
1072,Gravimetric irrigation,"Dookie campus, The University of Melbourne, Australia",-36.5,145.5,,,,,Kale (Brassica oleracea var. acephala),,,0.7 kg/m² at 7.5% EVC,,51.83 g/L at 7.5% EVC,https://doi.org/10.1016/j.agwat.2019.06.005,2025-11-24 23:38:30,8.0,True
1073,Sensor-based irrigation,"Dookie campus, The University of Melbourne, Australia",-36.5,145.5,,,,,Kale (Brassica oleracea var. acephala),,,1.89 kg/m² at 17.5% EVC,,80.98 g/L at 17.5% EVC,https://doi.org/10.1016/j.agwat.2019.06.005,2025-11-24 23:38:30,8.0,True
1074,Gravimetric irrigation,"Dookie campus, The University of Melbourne, Australia",-36.5,145.5,,,,,Kale (Brassica oleracea var. acephala),,,1.8 kg/m² at 35% EVC,,57.98 g/L at 35% EVC,https://doi.org/10.1016/j.agwat.2019.06.005,2025-11-24 23:38:30,8.0,True
1075,50% field capacity,"Montcalm Research Center, Michigan, USA",43°21′14.76″N,85°10′44.76″W,290 m,sandy loam,,2023,Potato,,,38.547 ton ha−1,,,https://doi.org/10.1016/j.agwat.2012.04.001,2025-11-24 23:40:32,9.0,True
1076,70% field capacity,"Montcalm Research Center, Michigan, USA",43°21′14.76″N,85°10′44.76″W,290 m,sandy loam,,2023,Potato,,,45.495 ton ha−1,,,https://doi.org/10.1016/j.agwat.2012.04.001,2025-11-24 23:40:32,9.0,True
1077,50% field capacity,"Mecosta, Michigan, USA",,,,loamy sand,,2023,Potato,,,,,,https://doi.org/10.1016/j.agwat.2012.04.001,2025-11-24 23:40:32,9.0,True
1078,70% field capacity,"Mecosta, Michigan, USA",,,,loamy sand,,2023,Potato,,,,,,https://doi.org/10.1016/j.agwat.2012.04.001,2025-11-24 23:40:32,9.0,True
1079,,"Montcalm Research Center, Michigan, USA",43°21′14.76″N,85°10′44.76″W,290 m,sandy loam,,2014-2024,Potato,,,,,,https://doi.org/10.1016/j.agwat.2012.04.001,2025-11-24 23:40:32,9.0,True
1080,,"Mecosta, Michigan, USA",,,,loamy sand,,2014-2024,Potato,,,,,,https://doi.org/10.1016/j.agwat.2012.04.001,2025-11-24 23:40:32,9.0,True
1081,,,,,,,,2025-04-23,tomato,,,,,,https://doi.org/10.1016/j.agwat.2019.105787,2025-11-24 23:44:19,8.0,True
1082,Pressure Irrigation Systems,,,,,,,2013,Corn,,,,,,https://doi.org/10.1016/j.agwat.2012.06.012,2025-11-24 23:45:43,8.0,True
1083,Pressure Irrigation Systems,,,,,,,2013,Soybeans,,,,,,https://doi.org/10.1016/j.agwat.2012.06.012,2025-11-24 23:45:43,8.0,True
1084,Scientiﬁc Irrigation Scheduling Practices,,,,,,,2013,Corn,,,,,,https://doi.org/10.1016/j.agwat.2012.06.012,2025-11-24 23:45:43,8.0,True
1085,Scientiﬁc Irrigation Scheduling Practices,,,,,,,2013,Soybeans,,,,,,https://doi.org/10.1016/j.agwat.2012.06.012,2025-11-24 23:45:43,8.0,True
1090,Traditional irrigation (4500 m3ha−1) and nitrogen (300 kg ha−1),"Shihezi University, Xinjiang Uyghur Autonomous Region, China",,,,light loam,30 m2,2021-04-06,Triticum aestivum L. Xinchun 39,,,8015 kg ha−1,,13.5 kg mm−1 (2021) / 13.9 kg mm−1 (2022),https://doi.org/10.1016/j.agwat.2020.106002,2025-11-24 23:54:19,9.0,True
1091,Water stress-based irrigation (K=1),"Greeley, Colorado, USA",40.45°N,104.64°W,,,,2008-2010,Corn (Zea mays L.),81000 seeds per hectare,,10325 kg ha−1,,30.5% water savings in 2008,https://doi.org/10.1016/j.agwat.2005.02.016,2025-11-25 00:01:15,9.0,True
1092,Water stress-based irrigation (K=1),"Greeley, Colorado, USA",40.45°N,104.64°W,,,,2008-2010,Corn (Zea mays L.),81000 seeds per hectare,,10355 kg ha−1,,17.3% water savings in 2009,https://doi.org/10.1016/j.agwat.2005.02.016,2025-11-25 00:01:15,9.0,True
1093,Water stress-based irrigation (K=1),"Greeley, Colorado, USA",40.45°N,104.64°W,,,,2008-2010,Corn (Zea mays L.),81000 seeds per hectare,,8713 kg ha−1,,7.1% water savings in 2010,https://doi.org/10.1016/j.agwat.2005.02.016,2025-11-25 00:01:15,9.0,True
1094,Water stress-based irrigation (K=0.6),"Greeley, Colorado, USA",40.45°N,104.64°W,,,,2008-2010,Corn (Zea mays L.),81000 seeds per hectare,,10324 kg ha−1,,35% water savings in 2008,https://doi.org/10.1016/j.agwat.2005.02.016,2025-11-25 00:01:15,9.0,True
1095,Water stress-based irrigation (K=0.6),"Greeley, Colorado, USA",40.45°N,104.64°W,,,,2008-2010,Corn (Zea mays L.),81000 seeds per hectare,,10353 kg ha−1,,28.1% water savings in 2009,https://doi.org/10.1016/j.agwat.2005.02.016,2025-11-25 00:01:15,9.0,True
1096,Water stress-based irrigation (K=0.6),"Greeley, Colorado, USA",40.45°N,104.64°W,,,,2008-2010,Corn (Zea mays L.),81000 seeds per hectare,,8636 kg ha−1,,24.6% water savings in 2010,https://doi.org/10.1016/j.agwat.2005.02.016,2025-11-25 00:01:15,9.0,True
1097,Water stress-based irrigation (K=0.3),"Noxubee County, Mississippi, USA",,,,Vaiden,,2014,Soybean (Glycine max (L.) Merr.),296525 seeds per hectare,,6594 kg ha−1,,,https://doi.org/10.1016/j.agwat.2005.02.016,2025-11-25 00:01:15,9.0,True
1098,Water stress-based irrigation (K=0.4),"Noxubee County, Mississippi, USA",,,,Vaiden,,2014,Soybean (Glycine max (L.) Merr.),296525 seeds per hectare,,6594 kg ha−1,,,https://doi.org/10.1016/j.agwat.2005.02.016,2025-11-25 00:01:15,9.0,True
1099,Water stress-based irrigation (K=0.5),"Noxubee County, Mississippi, USA",,,,Vaiden,,2014,Soybean (Glycine max (L.) Merr.),296525 seeds per hectare,,6607 kg ha−1,,,https://doi.org/10.1016/j.agwat.2005.02.016,2025-11-25 00:01:15,9.0,True
1100,Water stress-based irrigation (K=0.6),"Noxubee County, Mississippi, USA",,,,Vaiden,,2014,Soybean (Glycine max (L.) Merr.),296525 seeds per hectare,,6591 kg ha−1,,,https://doi.org/10.1016/j.agwat.2005.02.016,2025-11-25 00:01:15,9.0,True
1101,Water stress-based irrigation (K=0.7),"Noxubee County, Mississippi, USA",,,,Vaiden,,2014,Soybean (Glycine max (L.) Merr.),296525 seeds per hectare,,6587 kg ha−1,,,https://doi.org/10.1016/j.agwat.2005.02.016,2025-11-25 00:01:15,9.0,True
1102,Water stress-based irrigation (K=0.8),"Noxubee County, Mississippi, USA",,,,Vaiden,,2014,Soybean (Glycine max (L.) Merr.),296525 seeds per hectare,,6594 kg ha−1,,,https://doi.org/10.1016/j.agwat.2005.02.016,2025-11-25 00:01:15,9.0,True
1103,Water stress-based irrigation (K=0.9),"Noxubee County, Mississippi, USA",,,,Vaiden,,2014,Soybean (Glycine max (L.) Merr.),296525 seeds per hectare,,6591 kg ha−1,,,https://doi.org/10.1016/j.agwat.2005.02.016,2025-11-25 00:01:15,9.0,True
1104,Water stress-based irrigation (K=1),"Noxubee County, Mississippi, USA",,,,Vaiden,,2014,Soybean (Glycine max (L.) Merr.),296525 seeds per hectare,,6595 kg ha−1,,,https://doi.org/10.1016/j.agwat.2005.02.016,2025-11-25 00:01:15,9.0,True
1105,Subsurface irrigation (50% of ET C),"Yinchuan, Ningxia, China",38°40′N,106°18′E,1100 m,sandy soil,12.5 m2,2022,Medicago sativa L.,,,"1.85 t/ha (N0), 2.46 t/ha (N1), 2.69 t/ha (N2), 2.81 t/ha (N3), 2.20 t/ha (N4)","41.60 cm (N0), 48.12 cm (N1), 48.5 cm (N2), 49.2 cm (N3), 41.10 cm (N4)","CWP: 21.35 kg/m3 (W2N2), 26.69 kg/m3 (W1N3), 11.02 kg/m3 (W3N4)",https://doi.org/10.1016/j.agwat.2020.106440,2025-11-25 00:03:28,8.0,True
1106,Subsurface irrigation (75% of ET C),"Yinchuan, Ningxia, China",38°40′N,106°18′E,1100 m,sandy soil,12.5 m2,2022,Medicago sativa L.,,,"2.14 t/ha (N0), 3.60 t/ha (N1), 4.29 t/ha (N2), 3.41 t/ha (N3), 2.82 t/ha (N4)","48.25 cm (N0), 51.36 cm (N1), 53.33 cm (N2), 54.50 cm (N3), 51.70 cm (N4)","CWP: 21.35 kg/m3 (W2N2), 26.04 kg/m3 (W2N2), 11.02 kg/m3 (W3N4)",https://doi.org/10.1016/j.agwat.2020.106440,2025-11-25 00:03:28,8.0,True
1107,Subsurface irrigation (100% of ET C),"Yinchuan, Ningxia, China",38°40′N,106°18′E,1100 m,sandy soil,12.5 m2,2022,Medicago sativa L.,,,"3.18 t/ha (N0), 3.75 t/ha (N1), 3.92 t/ha (N2), 3.50 t/ha (N3), 1.97 t/ha (N4)","45.33 cm (N0), 47.50 cm (N1), 45.00 cm (N2), 45.67 cm (N3), 40.63 cm (N4)","CWP: 21.35 kg/m3 (W2N2), 26.69 kg/m3 (W1N3), 11.02 kg/m3 (W3N4)",https://doi.org/10.1016/j.agwat.2020.106440,2025-11-25 00:03:28,8.0,True
1117,high-frequency deficit irrigation to 50% pot capacity,"University of Reading, UK",51.436944,-0.941944,,,,31st March 2022,Solanum tuberosum (Maris Piper),18,,,,,https://doi.org/10.1007/s40502-015-0202-3,2025-11-25 00:13:17,8.0,True
1118,high-frequency deficit irrigation to 50% pot capacity,"University of Reading, UK",51.436944,-0.941944,,,,12th September 2022,Solanum tuberosum (Désirée),18,,,,,https://doi.org/10.1007/s40502-015-0202-3,2025-11-25 00:13:17,8.0,True
1119,,"University of Reading, UK",51.436944,-0.941944,,,,12th May 2022,Solanum tuberosum (Pentland Javelin),40,,,,,https://doi.org/10.1007/s40502-015-0202-3,2025-11-25 00:13:17,8.0,True
1120,,"University of Reading, UK",51.436944,-0.941944,,,,8th August 2022,Solanum tuberosum (Pentland Javelin),,,,,,https://doi.org/10.1007/s40502-015-0202-3,2025-11-25 00:13:17,8.0,True
1121,,"University of Reading, UK",51.436944,-0.941944,,,,17th December 2022,Solanum tuberosum (Désirée),,,,,,https://doi.org/10.1007/s40502-015-0202-3,2025-11-25 00:13:17,8.0,True
1122,,"University of Reading, UK",51.436944,-0.941944,,,,4th July 2022,Solanum tuberosum (Maris Piper),,,,,,https://doi.org/10.1007/s40502-015-0202-3,2025-11-25 00:13:17,8.0,True
1123,Sprinkler irrigation for 0.5 hours every three days,"Sidera Village, Sigi-Biromaru Regency, Central Sulawesi Province, Indonesia",,,120 m ASL,,,June - November 2015,Shallot (Lembah Palu variety),119 plants per plot,,8.76 t.ha-1,,,https://doi.org/10.22069/ijpp.2017.3428,2025-11-25 00:16:05,8.0,True
1124,Sprinkler irrigation for 1.0 hours every three days,"Sidera Village, Sigi-Biromaru Regency, Central Sulawesi Province, Indonesia",,,120 m ASL,,,June - November 2015,Shallot (Lembah Palu variety),119 plants per plot,,8.66 t.ha-1,,,https://doi.org/10.22069/ijpp.2017.3428,2025-11-25 00:16:05,8.0,True
1125,Sprinkler irrigation for 1.5 hours every three days,"Sidera Village, Sigi-Biromaru Regency, Central Sulawesi Province, Indonesia",,,120 m ASL,,,June - November 2015,Shallot (Lembah Palu variety),119 plants per plot,,6.41 t.ha-1,,,https://doi.org/10.22069/ijpp.2017.3428,2025-11-25 00:16:05,8.0,True
1126,,"Sidera Village, Sigi-Biromaru Regency, Central Sulawesi Province, Indonesia",,,120 m ASL,,,June - November 2015,Shallot (Lembah Palu variety),119 plants per plot,,,,,https://doi.org/10.22069/ijpp.2017.3428,2025-11-25 00:16:05,8.0,True
1127,,"Sidera Village, Sigi-Biromaru Regency, Central Sulawesi Province, Indonesia",,,120 m ASL,,,June - November 2015,Shallot (Lembah Palu variety),119 plants per plot,,,,,https://doi.org/10.22069/ijpp.2017.3428,2025-11-25 00:16:05,8.0,True
1128,Subsurface Drip Irrigation,"Gyeongsang National University, Gajwa, Jinju, Gyeongsangnam-do, Korea",19°41′41.4′′N,117°59′37.6′′E,,sandy loam,800 m²,2021-03-11,Solanum Tuberosum L.,,,K 50 treatment increased yield by 61% compared to control and 19% compared to irrigation treatment,,243 tons ha-1 irrigation amount,https://doi.org/10.1007/978-3-030-39157-7_13,2025-11-25 00:18:15,8.0,True
1129,Subsurface Drip Irrigation,"Gyeongsang National University, Gajwa, Jinju, Gyeongsangnam-do, Korea",19°41′41.4′′N,117°59′37.6′′E,,sandy loam,800 m²,2022-03-02,Solanum Tuberosum L.,,,K 50 treatment increased yield by 76% compared to control and 13% compared to irrigation treatment,,243 tons ha-1 irrigation amount,https://doi.org/10.1007/978-3-030-39157-7_13,2025-11-25 00:18:15,8.0,True
1130,,"Gyeongsang National University, Gajwa, Jinju, Gyeongsangnam-do, Korea",19°41′41.4′′N,117°59′37.6′′E,,sandy loam,800 m²,2021-03-11,Solanum Tuberosum L.,,,,,,https://doi.org/10.1007/978-3-030-39157-7_13,2025-11-25 00:18:15,8.0,True
1131,,"Gyeongsang National University, Gajwa, Jinju, Gyeongsangnam-do, Korea",19°41′41.4′′N,117°59′37.6′′E,,sandy loam,800 m²,2022-03-02,Solanum Tuberosum L.,,,,,,https://doi.org/10.1007/978-3-030-39157-7_13,2025-11-25 00:18:15,8.0,True
1138,Deficit Irrigation (DI) 75% ETC,"Saida, Tunisia",37°N,10°EST,28 m,clay-loam,,02 March 2017,Solanum tuberosum cv. Spunta,41667 plants ha-1,,,,4.87 kg m-3,https://doi.org/10.1016/j.eja.2010.04.003,2025-11-25 00:21:09,8.0,True
1139,Partial Root-Zone Drying (PRD) 50,"Saida, Tunisia",37°N,10°EST,28 m,clay-loam,,02 March 2017,Solanum tuberosum cv. Spunta,41667 plants ha-1,,,,4.92 kg m-3,https://doi.org/10.1016/j.eja.2010.04.003,2025-11-25 00:21:09,8.0,True
1140,Full Irrigation (FI) 100% ETC,"Saida, Tunisia",37°N,10°EST,28 m,clay-loam,,02 March 2017,Solanum tuberosum cv. Spunta,41667 plants ha-1,,20.35 t ha-2,,4.15 kg m-3,https://doi.org/10.1016/j.eja.2010.04.003,2025-11-25 00:21:09,8.0,True
1141,Deficit Irrigation (DI) 75% ETC,"Saida, Tunisia",37°N,10°EST,28 m,clay-loam,,02 March 2017,Solanum tuberosum cv. Spunta,41667 plants ha-1,,20.73 t ha-2,,4.45 kg m-3,https://doi.org/10.1016/j.eja.2010.04.003,2025-11-25 00:21:09,8.0,True
1142,Partial Root-Zone Drying (PRD) 50,"Saida, Tunisia",37°N,10°EST,28 m,clay-loam,,02 March 2017,Solanum tuberosum cv. Spunta,41667 plants ha-1,,13.01 t ha-2,,4.92 kg m-3,https://doi.org/10.1016/j.eja.2010.04.003,2025-11-25 00:21:09,8.0,True
1143,Full Irrigation (FI) 100% ETC,"Saida, Tunisia",37°N,10°EST,28 m,clay-loam,,02 March 2017,Solanum tuberosum cv. Spunta,41667 plants ha-1,,20.73 t ha-2,,4.15 kg m-3,https://doi.org/10.1016/j.eja.2010.04.003,2025-11-25 00:21:09,8.0,True
1144,Deficit Irrigation (DI) 75% ETC,"Saida, Tunisia",37°N,10°EST,28 m,clay-loam,,02 March 2017,Solanum tuberosum cv. Spunta,41667 plants ha-1,,16.84 t ha-2,,4.45 kg m-3,https://doi.org/10.1016/j.eja.2010.04.003,2025-11-25 00:21:09,8.0,True
1145,Partial Root-Zone Drying (PRD) 50,"Saida, Tunisia",37°N,10°EST,28 m,clay-loam,,02 March 2017,Solanum tuberosum cv. Spunta,41667 plants ha-1,,14.64 t ha-2,,4.47 kg m-3,https://doi.org/10.1016/j.eja.2010.04.003,2025-11-25 00:21:09,8.0,True
1146,Full Irrigation (FI) 100% ETC,"Saida, Tunisia",37°N,10°EST,28 m,clay-loam,,02 March 2017,Solanum tuberosum cv. Spunta,41667 plants ha-1,,22.04 t ha-2,,3.95 kg m-3,https://doi.org/10.1016/j.eja.2010.04.003,2025-11-25 00:21:09,8.0,True
1147,Deficit Irrigation (DI) 75% ETC,"Saida, Tunisia",37°N,10°EST,28 m,clay-loam,,02 March 2017,Solanum tuberosum cv. Spunta,41667 plants ha-1,,17.67 t ha-2,,4.71 kg m-3,https://doi.org/10.1016/j.eja.2010.04.003,2025-11-25 00:21:09,8.0,True
1148,Partial Root-Zone Drying (PRD) 50,"Saida, Tunisia",37°N,10°EST,28 m,clay-loam,,02 March 2017,Solanum tuberosum cv. Spunta,41667 plants ha-1,,14.21 t ha-2,,4.25 kg m-3,https://doi.org/10.1016/j.eja.2010.04.003,2025-11-25 00:21:09,8.0,True
1159,Micro sprinkler irrigation,"Malheur Experiment Station, Ontario, Oregon, USA","43˚58'55""N","117˚01'27""W",683 m,silt loam,,2001-2004,Hybrid poplar (Populus deltoides x P. nigra),,,,,,http://dx.doi.org/10.1007/BF02851697,2025-11-25 00:24:25,8.0,True
1160,Drip irrigation,"Malheur Experiment Station, Ontario, Oregon, USA","43˚58'44""N","117˚01'03""W",676 m,Owyhee silt loam,,2002-2002,Potato (Solanum tuberosum),,,,,,http://dx.doi.org/10.1007/BF02851697,2025-11-25 00:24:25,8.0,True
1161,Furrow irrigation,"Malheur Experiment Station, Ontario, Oregon, USA","43˚58'48""N","117˚01'01""W",675 m,Owyhee silt loam,1.25 ha,2004-2004,Onion (Allium cepa),,,,,,http://dx.doi.org/10.1007/BF02851697,2025-11-25 00:24:25,8.0,True
1162,Furrow irrigation,"Malheur Experiment Station, Ontario, Oregon, USA","43˚58'04""N","117˚01'17""W",675 m,Greenleaf silt loam,0.6 ha,2003-2003,Onion (Allium cepa),,,,,,http://dx.doi.org/10.1007/BF02851697,2025-11-25 00:24:25,8.0,True
1163,Full irrigation (I100),"Médenine, Tunisia",33.8333,10.64,30 m,sandy soil,,2010,Solanum tuberosum L. cv. Spunta,,,22.72 t/ha,,4.89 kg/m3,http://dx.doi.org/10.1016/S0378-3774(02)00110-5,2025-11-25 00:26:16,9.0,True
1164,Deficit irrigation (I60),"Médenine, Tunisia",33.8333,10.64,30 m,sandy soil,,2010,Solanum tuberosum L. cv. Spunta,,,15.94 t/ha,,7.07 kg/m3,http://dx.doi.org/10.1016/S0378-3774(02)00110-5,2025-11-25 00:26:16,9.0,True
1165,Deficit irrigation (I30),"Médenine, Tunisia",33.8333,10.64,30 m,sandy soil,,2010,Solanum tuberosum L. cv. Spunta,,,9.24 t/ha,,9.16 kg/m3,http://dx.doi.org/10.1016/S0378-3774(02)00110-5,2025-11-25 00:26:16,9.0,True
1166,Full irrigation (I100),"Médenine, Tunisia",33.8333,10.64,30 m,sandy soil,,2011,Solanum tuberosum L. cv. Spunta,,,25.12 t/ha,,5.90 kg/m3,http://dx.doi.org/10.1016/S0378-3774(02)00110-5,2025-11-25 00:26:16,9.0,True
1167,Deficit irrigation (I60),"Médenine, Tunisia",33.8333,10.64,30 m,sandy soil,,2011,Solanum tuberosum L. cv. Spunta,,,19.70 t/ha,,8.14 kg/m3,http://dx.doi.org/10.1016/S0378-3774(02)00110-5,2025-11-25 00:26:16,9.0,True
1168,Deficit irrigation (I30),"Médenine, Tunisia",33.8333,10.64,30 m,sandy soil,,2011,Solanum tuberosum L. cv. Spunta,,,11.91 t/ha,,12.31 kg/m3,http://dx.doi.org/10.1016/S0378-3774(02)00110-5,2025-11-25 00:26:16,9.0,True
1173,Farmer custom based irrigation (control),"Tulkarm, Palestine","32°18'52.6""N","35°01'19.1""E",,loam clay,1000 square meters,November 2017 to April 2018,Tomato (Lycopersicon esculentum L.),520,,146.5 kg,,13 kg/m3,https://doi.org/10.1016/S0378-3774(00)00089-5,2025-11-25 00:40:48,9.0,True
1174,Sensor based irrigation (-20 kPa),"Tulkarm, Palestine","32°18'52.6""N","35°01'19.1""E",,loam clay,1000 square meters,November 2017 to April 2018,Tomato (Lycopersicon esculentum L.),520,,196.0 kg,,63 kg/m3,https://doi.org/10.1016/S0378-3774(00)00089-5,2025-11-25 00:40:48,9.0,True
1175,Sensor based irrigation (-40 kPa),"Tulkarm, Palestine","32°18'52.6""N","35°01'19.1""E",,loam clay,1000 square meters,November 2017 to April 2018,Tomato (Lycopersicon esculentum L.),520,,250.5 kg,,167 kg/m3,https://doi.org/10.1016/S0378-3774(00)00089-5,2025-11-25 00:40:48,9.0,True
1176,Sensor based irrigation (-60 kPa),"Tulkarm, Palestine","32°18'52.6""N","35°01'19.1""E",,loam clay,1000 square meters,November 2017 to April 2018,Tomato (Lycopersicon esculentum L.),520,,144.4 kg,,120 kg/m3,https://doi.org/10.1016/S0378-3774(00)00089-5,2025-11-25 00:40:48,9.0,True
1222,Full Irrigation (FI) at 100% crop evapotranspiration (ETc),"University of Padova, Legnaro, Italy",45.35° N,11.95° E,7 m a.s.l.,silty loam,,June to September 2022,Lycopersicum esculentum L.,2.5 plants m²,,45.94 Mg ha⁻¹,,1.77 kg m⁻³,https://doi.org/10.1016/j.agwat.2020.106154,2025-11-25 00:57:24,9.0,True
1223,Deficit Irrigation (DI) at 75% of Full Irrigation,"University of Padova, Legnaro, Italy",45.35° N,11.95° E,7 m a.s.l.,silty loam,,June to September 2022,Lycopersicum esculentum L.,2.5 plants m²,,41.94 Mg ha⁻¹,,1.62 kg m⁻³,https://doi.org/10.1016/j.agwat.2020.106154,2025-11-25 00:57:24,9.0,True
1329,Conventional Tillage with 3 Irrigations,"Rajshahi, Bangladesh",24.22 N,88.39 E,12 m,clay,,2016,Puddled Transplanted Rice,,,,,,https://doi.org/10.1016/j.agwat.2006.01.001,2025-11-25 01:10:02,8.0,True
1330,Conventional Tillage with 3 Irrigations,"Rajshahi, Bangladesh",24.22 N,88.39 E,12 m,clay,,2017,Conventional Tilled Wheat,,,,,,https://doi.org/10.1016/j.agwat.2006.01.001,2025-11-25 01:10:02,8.0,True
1331,Conventional Tillage with 3 Irrigations,"Rajshahi, Bangladesh",24.22 N,88.39 E,12 m,clay,,2016,CT Mungbean,,,,,,https://doi.org/10.1016/j.agwat.2006.01.001,2025-11-25 01:10:02,8.0,True
1332,Zero Tillage with 3 Irrigations,"Dinajpur, Bangladesh",25.89 N,88.76 E,41 m,sandy loam,,2017,Unpuddled Transplanted Rice,,,,,,https://doi.org/10.1016/j.agwat.2006.01.001,2025-11-25 01:10:02,8.0,True
1333,Zero Tillage with 3 Irrigations,"Dinajpur, Bangladesh",25.89 N,88.76 E,41 m,sandy loam,,2018,ZT Wheat,,,,,,https://doi.org/10.1016/j.agwat.2006.01.001,2025-11-25 01:10:02,8.0,True
1334,Zero Tillage with 2 Irrigations,"Dinajpur, Bangladesh",25.89 N,88.76 E,41 m,sandy loam,,2018,ZT Mungbean,,,,,,https://doi.org/10.1016/j.agwat.2006.01.001,2025-11-25 01:10:02,8.0,True
1335,Zero Tillage with 1 Irrigation,"Dinajpur, Bangladesh",25.89 N,88.76 E,41 m,sandy loam,,2018,ZT Mungbean,,,,,,https://doi.org/10.1016/j.agwat.2006.01.001,2025-11-25 01:10:02,8.0,True
1336,Rainfed System,"Dinajpur, Bangladesh",25.89 N,88.76 E,41 m,sandy loam,,2018,Rainfed Unpuddled Transplanted Rice,,,,,,https://doi.org/10.1016/j.agwat.2006.01.001,2025-11-25 01:10:02,8.0,True
1346,Irrigation every 4 days,"Balouza Research Station, North Sinai, Egypt",,,,sandy,,2018-10-12,Foeniculum vulgare,1,,22.86 g/plant,113.76 cm,,https://doi.org/10.36632/mejar/2021.10.1.25,2025-11-25 01:11:57,8.0,True
1347,Irrigation every 6 days,"Balouza Research Station, North Sinai, Egypt",,,,sandy,,2018-10-12,Foeniculum vulgare,1,,31.20 g/plant,129.36 cm,,https://doi.org/10.36632/mejar/2021.10.1.25,2025-11-25 01:11:57,8.0,True
1348,Irrigation every 8 days,"Balouza Research Station, North Sinai, Egypt",,,,sandy,,2018-10-12,Foeniculum vulgare,1,,28.00 g/plant,93.13 cm,,https://doi.org/10.36632/mejar/2021.10.1.25,2025-11-25 01:11:57,8.0,True
1349,Irrigation every 4 days with 10 mg/L sodium selenate,"Balouza Research Station, North Sinai, Egypt",,,,sandy,,2018-10-12,Foeniculum vulgare,1,,27.03 g/plant,129.36 cm,,https://doi.org/10.36632/mejar/2021.10.1.25,2025-11-25 01:11:57,8.0,True
1350,Irrigation every 6 days with 10 mg/L sodium selenate,"Balouza Research Station, North Sinai, Egypt",,,,sandy,,2018-10-12,Foeniculum vulgare,1,,36.46 g/plant,123.86 cm,,https://doi.org/10.36632/mejar/2021.10.1.25,2025-11-25 01:11:57,8.0,True
1351,Irrigation every 8 days with 10 mg/L sodium selenate,"Balouza Research Station, North Sinai, Egypt",,,,sandy,,2018-10-12,Foeniculum vulgare,1,,34.60 g/plant,118.40 cm,,https://doi.org/10.36632/mejar/2021.10.1.25,2025-11-25 01:11:57,8.0,True
1352,Irrigation every 4 days with 20 mg/L sodium selenate,"Balouza Research Station, North Sinai, Egypt",,,,sandy,,2018-10-12,Foeniculum vulgare,1,,31.10 g/plant,142.13 cm,,https://doi.org/10.36632/mejar/2021.10.1.25,2025-11-25 01:11:57,8.0,True
1353,Irrigation every 6 days with 20 mg/L sodium selenate,"Balouza Research Station, North Sinai, Egypt",,,,sandy,,2018-10-12,Foeniculum vulgare,1,,43.53 g/plant,140.30 cm,,https://doi.org/10.36632/mejar/2021.10.1.25,2025-11-25 01:11:57,8.0,True
1354,Irrigation every 8 days with 20 mg/L sodium selenate,"Balouza Research Station, North Sinai, Egypt",,,,sandy,,2018-10-12,Foeniculum vulgare,1,,41.96 g/plant,132.16 cm,,https://doi.org/10.36632/mejar/2021.10.1.25,2025-11-25 01:11:57,8.0,True
1355,Irrigation every 4 days with 30 mg/L sodium selenate,"Balouza Research Station, North Sinai, Egypt",,,,sandy,,2018-10-12,Foeniculum vulgare,1,,37.26 g/plant,159.26 cm,,https://doi.org/10.36632/mejar/2021.10.1.25,2025-11-25 01:11:57,8.0,True
1356,Irrigation every 6 days with 30 mg/L sodium selenate,"Balouza Research Station, North Sinai, Egypt",,,,sandy,,2018-10-12,Foeniculum vulgare,1,,46.20 g/plant,151.70 cm,,https://doi.org/10.36632/mejar/2021.10.1.25,2025-11-25 01:11:57,8.0,True
1357,Irrigation every 8 days with 30 mg/L sodium selenate,"Balouza Research Station, North Sinai, Egypt",,,,sandy,,2018-10-12,Foeniculum vulgare,1,,44.73 g/plant,143.83 cm,,https://doi.org/10.36632/mejar/2021.10.1.25,2025-11-25 01:11:57,8.0,True
1358,Soil Water Storage Capacity 40%,"Szarvas, Hungary",,,,clay,,"April 29, 2020 - September 3, 2020",maize,,,135.068 g,,,https://doi.org/10.2134/agronj2003.8360,2025-11-25 01:13:28,8.0,True
1359,Soil Water Storage Capacity 60%,"Szarvas, Hungary",,,,clay,,"April 29, 2020 - September 3, 2020",maize,,,184.191 g,,,https://doi.org/10.2134/agronj2003.8360,2025-11-25 01:13:28,8.0,True
1360,Soil Water Storage Capacity 80%,"Szarvas, Hungary",,,,clay,,"April 29, 2020 - September 3, 2020",maize,,,218.291 g,,,https://doi.org/10.2134/agronj2003.8360,2025-11-25 01:13:28,8.0,True
1361,,"Szarvas, Hungary",,,,clay,,"April 29, 2020 - September 3, 2020",maize,,,,,,https://doi.org/10.2134/agronj2003.8360,2025-11-25 01:13:28,8.0,True
1362,Surface drip irrigation,"Department of Southern Area Crop Science, National Institute of Crop Science, Republic of Korea",35°29'N,128°44'E,14 m,sandy loam,2 × 2 m,"November 6-7, 2019",,,,,,,https://doi.org/10.1016/j.agwat.2018.05.010,2025-11-25 01:15:19,8.0,True
1363,Surface drip irrigation,"Department of Southern Area Crop Science, National Institute of Crop Science, Republic of Korea",35°29'N,128°44'E,14 m,sandy loam,2 × 2 m,"November 6-7, 2019",,,,,,,https://doi.org/10.1016/j.agwat.2018.05.010,2025-11-25 01:15:19,8.0,True
1364,Surface drip irrigation,"Department of Southern Area Crop Science, National Institute of Crop Science, Republic of Korea",35°29'N,128°44'E,14 m,sandy loam,2 × 2 m,"November 6-7, 2019",,,,,,,https://doi.org/10.1016/j.agwat.2018.05.010,2025-11-25 01:15:19,8.0,True
1365,,"Fuchu, Tokyo, Japan",,,,burnt red clay,,"September 28, 2016 to January 23, 2017",tomato,,,36.06 g,680 mm,WUE calculated as fruit weight to crop water absorption ratio,https://doi.org/10.1016/j.agwat.2018.10.020,2025-11-25 01:16:04,9.0,True
1366,,"Fuchu, Tokyo, Japan",,,,burnt red clay,,"September 28, 2016 to January 23, 2017",tomato,,,32.14 g,580 mm,WUE calculated as fruit weight to crop water absorption ratio,https://doi.org/10.1016/j.agwat.2018.10.020,2025-11-25 01:16:04,9.0,True
1367,Deficit Irrigation (DI),Mediterranean area,,,,,,,Almond (Prunus dulcis),,,Yield reductions below 20% with 30% water savings,,,https://doi.org/10.1007/BF00195000,2025-11-25 01:18:32,9.0,True
1368,Regulated Deficit Irrigation (RDI),Mediterranean area,,,,,,,Almond (Prunus dulcis),,,Yield reductions of 7% with 28% water savings,,Improved WUE with 30% less irrigation water,https://doi.org/10.1007/BF00195000,2025-11-25 01:18:32,9.0,True
1369,Sustained Deficit Irrigation (SDI),Mediterranean area,,,,,,,Almond (Prunus dulcis),,,Similar productions to full irrigated trees,,Lower yield reductions compared to RDI,https://doi.org/10.1007/BF00195000,2025-11-25 01:18:32,9.0,True
1370,Low-Frequency Deficit Irrigation (LFDI),Mediterranean area,,,,,,,Almond (Prunus dulcis),,,Similar yields to non-stressed control trees,,Significant improvements in WUE,https://doi.org/10.1007/BF00195000,2025-11-25 01:18:32,9.0,True
1371,Partial Root Drying (PRD),Mediterranean area,,,,,,,Almond (Prunus dulcis),,,Similar yields to RDI with less water,,,https://doi.org/10.1007/BF00195000,2025-11-25 01:18:32,9.0,True
1372,,"California, USA",,,,,"400,000 ha",,Almond (Prunus dulcis),,,"1.5 Mt with average productivity of 3,500-4,000 kg ha-1",,,https://doi.org/10.1007/BF00195000,2025-11-25 01:18:32,9.0,True
1373,,South Spain,,,,,"700,000 ha",,Almond (Prunus dulcis),,,"200,000 t with average productivity of 300 kg ha-1",,,https://doi.org/10.1007/BF00195000,2025-11-25 01:18:32,9.0,True
1374,75% ETc,Aksum University Selekleka Research and Technology Transfer Center,"14 08' 57""N","38 17' 02""E",1945 meters,vertisol,,December 2018 to May 2019,Tomato (Solanum lycopersicum L.),,,29.90 Mg/ha,53.07 cm,47.02 +1.60 kg/mm,https://doi.org/10.1016/j.agwat.2009.08.021,2025-11-25 01:19:20,8.0,True
1375,75% ETc,Aksum University Selekleka Research and Technology Transfer Center,"14 08' 57""N","38 17' 02""E",1945 meters,vertisol,,December 2018 to May 2019,Tomato (Solanum lycopersicum L.),,,219 +27.30 kg/kg,,50.88 +3.51 kg/mm,https://doi.org/10.1016/j.agwat.2009.08.021,2025-11-25 01:19:20,8.0,True
1376,100% ETc,Aksum University Selekleka Research and Technology Transfer Center,"14 08' 57""N","38 17' 02""E",1945 meters,vertisol,,December 2018 to May 2019,Tomato (Solanum lycopersicum L.),,,25.57 Mg/ha,52.83 cm,,https://doi.org/10.1016/j.agwat.2009.08.021,2025-11-25 01:19:20,8.0,True
1377,50% ETc,Aksum University Selekleka Research and Technology Transfer Center,"14 08' 57""N","38 17' 02""E",1945 meters,vertisol,,December 2018 to May 2019,Tomato (Solanum lycopersicum L.),,,13.70 Mg/ha,40.03 cm,,https://doi.org/10.1016/j.agwat.2009.08.021,2025-11-25 01:19:20,8.0,True
1378,,Aksum University Selekleka Research and Technology Transfer Center,"14 08' 57""N","38 17' 02""E",1945 meters,vertisol,,December 2018 to May 2019,Tomato (Solanum lycopersicum L.),,,,,,https://doi.org/10.1016/j.agwat.2009.08.021,2025-11-25 01:19:20,8.0,True
1379,sprinkler irrigation,"Nebraska, USA",40.25,-97.0,,,,1979-2018,C4 crops (corn),,,271±75 mm year-1,,,https://doi.org/10.1016/j.cj.2018.10.008,2025-11-25 01:21:31,9.0,True
1380,,"Nebraska, USA",40.25,-97.0,,,,1979-2018,C3 crops (wheat),,,,,,https://doi.org/10.1016/j.cj.2018.10.008,2025-11-25 01:21:31,9.0,True
1381,,"Nebraska, USA",40.25,-97.0,,,,1979-2018,shrubs (orchards),,,,,,https://doi.org/10.1016/j.cj.2018.10.008,2025-11-25 01:21:31,9.0,True
1402,Soil Moisture-based (SM) 100%,"Arba Minch, Ethiopia",6°040’ N,37°33’02’’ E,1203 m,loam,,2021,Carrot (Daucus carota),,,43.3 t/ha,,18.1 kg/m³,https://doi.org/10.1080/07011784.2014.872864,2025-11-25 01:29:52,10.0,True
1403,Soil Moisture-based (SM) 75%,"Arba Minch, Ethiopia",6°040’ N,37°33’02’’ E,1203 m,loam,,2021,Carrot (Daucus carota),,,43.1 t/ha,,22.9 kg/m³,https://doi.org/10.1080/07011784.2014.872864,2025-11-25 01:29:52,10.0,True
1404,Soil Moisture-based (SM) 50%,"Arba Minch, Ethiopia",6°040’ N,37°33’02’’ E,1203 m,loam,,2021,Carrot (Daucus carota),,,42.9 t/ha,,31.4 kg/m³,https://doi.org/10.1080/07011784.2014.872864,2025-11-25 01:29:52,10.0,True
1405,Soil Moisture-based (SM) 25%,"Arba Minch, Ethiopia",6°040’ N,37°33’02’’ E,1203 m,loam,,2021,Carrot (Daucus carota),,,14.4 t/ha,,16.5 kg/m³,https://doi.org/10.1080/07011784.2014.872864,2025-11-25 01:29:52,10.0,True
1406,Evapotranspiration-based (ET) 100%,"Arba Minch, Ethiopia",6°040’ N,37°33’02’’ E,1203 m,loam,,2021,Carrot (Daucus carota),,,43.2 t/ha,,14.6 kg/m³,https://doi.org/10.1080/07011784.2014.872864,2025-11-25 01:29:52,10.0,True
1407,Evapotranspiration-based (ET) 75%,"Arba Minch, Ethiopia",6°040’ N,37°33’02’’ E,1203 m,loam,,2021,Carrot (Daucus carota),,,43.0 t/ha,,18.7 kg/m³,https://doi.org/10.1080/07011784.2014.872864,2025-11-25 01:29:52,10.0,True
1408,Evapotranspiration-based (ET) 50%,"Arba Minch, Ethiopia",6°040’ N,37°33’02’’ E,1203 m,loam,,2021,Carrot (Daucus carota),,,42.9 t/ha,,25.8 kg/m³,https://doi.org/10.1080/07011784.2014.872864,2025-11-25 01:29:52,10.0,True
1409,Evapotranspiration-based (ET) 25%,"Arba Minch, Ethiopia",6°040’ N,37°33’02’’ E,1203 m,loam,,2021,Carrot (Daucus carota),,,14.4 t/ha,,13.9 kg/m³,https://doi.org/10.1080/07011784.2014.872864,2025-11-25 01:29:52,10.0,True
1410,Soil Moisture-based (SM) 100%,"Arba Minch, Ethiopia",6°040’ N,37°33’02’’ E,1203 m,loam,,2022,Carrot (Daucus carota),,,42.3 t/ha,,13.82 kg/m³,https://doi.org/10.1080/07011784.2014.872864,2025-11-25 01:29:52,10.0,True
1411,Soil Moisture-based (SM) 75%,"Arba Minch, Ethiopia",6°040’ N,37°33’02’’ E,1203 m,loam,,2022,Carrot (Daucus carota),,,42.1 t/ha,,17.62 kg/m³,https://doi.org/10.1080/07011784.2014.872864,2025-11-25 01:29:52,10.0,True
1412,Soil Moisture-based (SM) 50%,"Arba Minch, Ethiopia",6°040’ N,37°33’02’’ E,1203 m,loam,,2022,Carrot (Daucus carota),,,41.9 t/ha,,24.50 kg/m³,https://doi.org/10.1080/07011784.2014.872864,2025-11-25 01:29:52,10.0,True
1413,Soil Moisture-based (SM) 25%,"Arba Minch, Ethiopia",6°040’ N,37°33’02’’ E,1203 m,loam,,2022,Carrot (Daucus carota),,,13.4 t/ha,,12.88 kg/m³,https://doi.org/10.1080/07011784.2014.872864,2025-11-25 01:29:52,10.0,True
1414,Evapotranspiration-based (ET) 100%,"Arba Minch, Ethiopia",6°040’ N,37°33’02’’ E,1203 m,loam,,2022,Carrot (Daucus carota),,,42.2 t/ha,,11.59 kg/m³,https://doi.org/10.1080/07011784.2014.872864,2025-11-25 01:29:52,10.0,True
1415,Evapotranspiration-based (ET) 75%,"Arba Minch, Ethiopia",6°040’ N,37°33’02’’ E,1203 m,loam,,2022,Carrot (Daucus carota),,,42.0 t/ha,,12.02 kg/m³,https://doi.org/10.1080/07011784.2014.872864,2025-11-25 01:29:52,10.0,True
1416,Evapotranspiration-based (ET) 50%,"Arba Minch, Ethiopia",6°040’ N,37°33’02’’ E,1203 m,loam,,2022,Carrot (Daucus carota),,,41.9 t/ha,,21.16 kg/m³,https://doi.org/10.1080/07011784.2014.872864,2025-11-25 01:29:52,10.0,True
1417,Evapotranspiration-based (ET) 25%,"Arba Minch, Ethiopia",6°040’ N,37°33’02’’ E,1203 m,loam,,2022,Carrot (Daucus carota),,,13.4 t/ha,,11.55 kg/m³,https://doi.org/10.1080/07011784.2014.872864,2025-11-25 01:29:52,10.0,True
1436,Deficit irrigation (40% ETc),"Yucheng Experimental Station, North China Plain",36° 50′ N,116° 34′ E,28 m,silt loam,3.14 m2,1998-2003,Wheat,,,1848 kg ha-1,,,https://doi.org/10.1016/j.agwat.2009.07.009,2025-11-25 01:40:27,9.0,True
1437,Deficit irrigation (60% ETc),"Yucheng Experimental Station, North China Plain",36° 50′ N,116° 34′ E,28 m,silt loam,3.14 m2,1998-2003,Wheat,,,4829 kg ha-1,,,https://doi.org/10.1016/j.agwat.2009.07.009,2025-11-25 01:40:27,9.0,True
1438,Deficit irrigation (80% ETc),"Yucheng Experimental Station, North China Plain",36° 50′ N,116° 34′ E,28 m,silt loam,3.14 m2,1998-2003,Wheat,,,,,,https://doi.org/10.1016/j.agwat.2009.07.009,2025-11-25 01:40:27,9.0,True
1439,Deficit irrigation (100% ETc),"Yucheng Experimental Station, North China Plain",36° 50′ N,116° 34′ E,28 m,silt loam,3.14 m2,1998-2003,Wheat,,,4751 kg ha-1,,7.7 kg ha-1 mm-1,https://doi.org/10.1016/j.agwat.2009.07.009,2025-11-25 01:40:27,9.0,True
1440,Deficit irrigation (40% ETc),"Yucheng Experimental Station, North China Plain",36° 50′ N,116° 34′ E,28 m,silt loam,3.14 m2,1998-2003,Maize,,,5175 kg ha-1,,,https://doi.org/10.1016/j.agwat.2009.07.009,2025-11-25 01:40:27,9.0,True
1441,Deficit irrigation (60% ETc),"Yucheng Experimental Station, North China Plain",36° 50′ N,116° 34′ E,28 m,silt loam,3.14 m2,1998-2003,Maize,,,5716 kg ha-1,,14.2 kg ha-1 mm-1,https://doi.org/10.1016/j.agwat.2009.07.009,2025-11-25 01:40:27,9.0,True
1442,Deficit irrigation (80% ETc),"Yucheng Experimental Station, North China Plain",36° 50′ N,116° 34′ E,28 m,silt loam,3.14 m2,1998-2003,Maize,,,5629 kg ha-1,,14.4 kg ha-1 mm-1,https://doi.org/10.1016/j.agwat.2009.07.009,2025-11-25 01:40:27,9.0,True
1443,Deficit irrigation (100% ETc),"Yucheng Experimental Station, North China Plain",36° 50′ N,116° 34′ E,28 m,silt loam,3.14 m2,1998-2003,Maize,,,5715 kg ha-1,,14.3 kg ha-1 mm-1,https://doi.org/10.1016/j.agwat.2009.07.009,2025-11-25 01:40:27,9.0,True
1488,Full Irrigation (FI),"Deir Al-Hajar Agricultural Experiment Station, near Damascus, Syria",33°20′ N,36°26′ E,600 m,clay loam,,2014,Gossypium hirsutum L.,67000 holes ha-1,,4500 kg ha-1,,0.588 kg m-3,https://doi.org/10.1111/j.1439-037X.2008.00340.x,2025-11-25 02:02:35,8.0,True
1489,Full Irrigation (FI),"Deir Al-Hajar Agricultural Experiment Station, near Damascus, Syria",33°20′ N,36°26′ E,600 m,clay loam,,2015,Gossypium hirsutum L.,67000 holes ha-1,,4827 kg ha-1,,0.593 kg m-3,https://doi.org/10.1111/j.1439-037X.2008.00340.x,2025-11-25 02:02:35,8.0,True
1490,Fixed Partial Rootzone Drying Irrigation (FPRD80),"Deir Al-Hajar Agricultural Experiment Station, near Damascus, Syria",33°20′ N,36°26′ E,600 m,clay loam,,2014,Gossypium hirsutum L.,67000 holes ha-1,,3091.1 kg ha-1,,0.513 kg m-3,https://doi.org/10.1111/j.1439-037X.2008.00340.x,2025-11-25 02:02:35,8.0,True
1491,Fixed Partial Rootzone Drying Irrigation (FPRD80),"Deir Al-Hajar Agricultural Experiment Station, near Damascus, Syria",33°20′ N,36°26′ E,600 m,clay loam,,2015,Gossypium hirsutum L.,67000 holes ha-1,,3133.4 kg ha-1,,0.492 kg m-3,https://doi.org/10.1111/j.1439-037X.2008.00340.x,2025-11-25 02:02:35,8.0,True
1492,Alternate Partial Rootzone Drying Irrigation (APRD80),"Deir Al-Hajar Agricultural Experiment Station, near Damascus, Syria",33°20′ N,36°26′ E,600 m,clay loam,,2014,Gossypium hirsutum L.,67000 holes ha-1,,2740.2 kg ha-1,,0.457 kg m-3,https://doi.org/10.1111/j.1439-037X.2008.00340.x,2025-11-25 02:02:35,8.0,True
1493,Alternate Partial Rootzone Drying Irrigation (APRD80),"Deir Al-Hajar Agricultural Experiment Station, near Damascus, Syria",33°20′ N,36°26′ E,600 m,clay loam,,2015,Gossypium hirsutum L.,67000 holes ha-1,,2412.1 kg ha-1,,0.375 kg m-3,https://doi.org/10.1111/j.1439-037X.2008.00340.x,2025-11-25 02:02:35,8.0,True
1508,Traditional assessment of the crop,University of Georgia’s Tifton Campus,,,,,2.3 ha,27 April 2004,Round-Up Ready 555 DPL cotton,,,,,,https://doi.org/10.1016/j.compag.2007.05.009,2025-11-25 02:10:55,8.0,True
1509,Smart sensor array,University of Georgia’s Tifton Campus,,,,,2.3 ha,27 April 2004,Round-Up Ready 555 DPL cotton,,,,,,https://doi.org/10.1016/j.compag.2007.05.009,2025-11-25 02:10:55,8.0,True
1512,Full irrigation (100% ETc),"Les Borges Blanques, Spain",41.508861,0.853250,323 m,clay-loam,,29 June 2022,Almond,,,4.61 mm d-1,5.82 m,,https://doi.org/10.1016/j.agwat.2006.11.002,2025-11-25 02:13:22,9.0,True
1513,Mild stress (50% ETc),"Les Borges Blanques, Spain",41.508861,0.853250,323 m,clay-loam,,29 June 2022,Almond,,,3.80 mm d-1,5.42 m,,https://doi.org/10.1016/j.agwat.2006.11.002,2025-11-25 02:13:22,9.0,True
1514,Severe stress (20% ETc),"Les Borges Blanques, Spain",41.508861,0.853250,323 m,clay-loam,,29 June 2022,Almond,,,1.30 mm d-1,5.01 m,,https://doi.org/10.1016/j.agwat.2006.11.002,2025-11-25 02:13:22,9.0,True
1515,Full irrigation (100% ETc),"Les Borges Blanques, Spain",41.508861,0.853250,323 m,clay-loam,,19 August 2022,Almond,,,4.61 mm d-1,5.82 m,,https://doi.org/10.1016/j.agwat.2006.11.002,2025-11-25 02:13:22,9.0,True
1516,Mild stress (50% ETc),"Les Borges Blanques, Spain",41.508861,0.853250,323 m,clay-loam,,19 August 2022,Almond,,,6.96 mmol m-2 s-1,5.42 m,,https://doi.org/10.1016/j.agwat.2006.11.002,2025-11-25 02:13:22,9.0,True
1517,Severe stress (20% ETc),"Les Borges Blanques, Spain",41.508861,0.853250,323 m,clay-loam,,19 August 2022,Almond,,,5.24 mmol m-2 s-1,4.18 m,,https://doi.org/10.1016/j.agwat.2006.11.002,2025-11-25 02:13:22,9.0,True
1522,Conventional Deficit Irrigation (CDI) at 80% of crop water requirement,"Savannah Agricultural Research Institute (SARI), Nyankpala, Northern Ghana","9°30'0""N","1°30'0""W",,Sandy Loam,,"April to July, 2023",Sweet Corn (Zea mays L. var saccharate),,,,,Increased by 5.4% compared to full irrigation,https://doi.org/10.3390/agronomy11020228,2025-11-25 02:19:35,8.0,True
1523,Conventional Deficit Irrigation (CDI) at 60% of crop water requirement,"Savannah Agricultural Research Institute (SARI), Nyankpala, Northern Ghana","9°30'0""N","1°30'0""W",,Sandy Loam,,"April to July, 2023",Sweet Corn (Zea mays L. var saccharate),,,,,,https://doi.org/10.3390/agronomy11020228,2025-11-25 02:19:35,8.0,True
1524,Alternate Partial Rootzone Drying (APRD) at 80% of crop water requirement,"Savannah Agricultural Research Institute (SARI), Nyankpala, Northern Ghana","9°30'0""N","1°30'0""W",,Sandy Loam,,"April to July, 2023",Sweet Corn (Zea mays L. var saccharate),,,,,,https://doi.org/10.3390/agronomy11020228,2025-11-25 02:19:35,8.0,True
1525,Alternate Partial Rootzone Drying (APRD) at 60% of crop water requirement,"Savannah Agricultural Research Institute (SARI), Nyankpala, Northern Ghana","9°30'0""N","1°30'0""W",,Sandy Loam,,"April to July, 2023",Sweet Corn (Zea mays L. var saccharate),,,,,,https://doi.org/10.3390/agronomy11020228,2025-11-25 02:19:35,8.0,True
1526,Fixed Partial Rootzone Drying (FPRD) at 80% of crop water requirement,"Savannah Agricultural Research Institute (SARI), Nyankpala, Northern Ghana","9°30'0""N","1°30'0""W",,Sandy Loam,,"April to July, 2023",Sweet Corn (Zea mays L. var saccharate),,,,,,https://doi.org/10.3390/agronomy11020228,2025-11-25 02:19:35,8.0,True
1527,Fixed Partial Rootzone Drying (FPRD) at 60% of crop water requirement,"Savannah Agricultural Research Institute (SARI), Nyankpala, Northern Ghana","9°30'0""N","1°30'0""W",,Sandy Loam,,"April to July, 2023",Sweet Corn (Zea mays L. var saccharate),,,,,,https://doi.org/10.3390/agronomy11020228,2025-11-25 02:19:35,8.0,True
1528,Full Irrigation (FI),"Savannah Agricultural Research Institute (SARI), Nyankpala, Northern Ghana","9°30'0""N","1°30'0""W",,Sandy Loam,,"April to July, 2023",Sweet Corn (Zea mays L. var saccharate),,,,,,https://doi.org/10.3390/agronomy11020228,2025-11-25 02:19:35,8.0,True
1529,Deficit irrigation at 25% of ETc,"Viçosa, Brazil",20º45′ S,42°52′ W,648 m,Argissol,7.0 × 24.0 m,September 2014,Coriandrum sativum L.,,,,0.2 to 0.3 m,6.0 kg m-3,https://doi.org/10.1016/j.agwat.2017.01.014,2025-11-25 02:21:14,8.0,True
1530,Deficit irrigation at 50% of ETc,"Viçosa, Brazil",20º45′ S,42°52′ W,648 m,Argissol,7.0 × 24.0 m,September 2014,Coriandrum sativum L.,,,,0.2 to 0.3 m,,https://doi.org/10.1016/j.agwat.2017.01.014,2025-11-25 02:21:14,8.0,True
1531,Deficit irrigation at 75% of ETc,"Viçosa, Brazil",20º45′ S,42°52′ W,648 m,Argissol,7.0 × 24.0 m,September 2014,Coriandrum sativum L.,,,,0.2 to 0.3 m,,https://doi.org/10.1016/j.agwat.2017.01.014,2025-11-25 02:21:14,8.0,True
1532,Deficit irrigation at 100% of ETc,"Viçosa, Brazil",20º45′ S,42°52′ W,648 m,Argissol,7.0 × 24.0 m,September 2014,Coriandrum sativum L.,,,,0.2 to 0.3 m,,https://doi.org/10.1016/j.agwat.2017.01.014,2025-11-25 02:21:14,8.0,True
1533,Deficit irrigation at 125% of ETc,"Viçosa, Brazil",20º45′ S,42°52′ W,648 m,Argissol,7.0 × 24.0 m,September 2014,Coriandrum sativum L.,,,,0.2 to 0.3 m,7.5 kg m-3,https://doi.org/10.1016/j.agwat.2017.01.014,2025-11-25 02:21:14,8.0,True
1534,,"Viçosa, Brazil",20º45′ S,42°52′ W,648 m,Argissol,7.0 × 24.0 m,September 2014,Coriandrum sativum L.,,,,,,https://doi.org/10.1016/j.agwat.2017.01.014,2025-11-25 02:21:14,8.0,True
1570,100% ET,"Saiwusu, Inner Mongolia, China",38° 56′ N,106° 49′ E,,sandy loam,,2014,Medicago sativa,,,13.4 Mg ha-1,,21.8 kg ha-1 mm-1,https://doi.org/10.1002/ird.59,2025-11-25 02:28:41,9.0,True
1571,80% ET,"Saiwusu, Inner Mongolia, China",38° 56′ N,106° 49′ E,,sandy loam,,2014,Medicago sativa,,,13.5 Mg ha-1,,26.8 kg ha-1 mm-1,https://doi.org/10.1002/ird.59,2025-11-25 02:28:41,9.0,True
1572,60% ET,"Saiwusu, Inner Mongolia, China",38° 56′ N,106° 49′ E,,sandy loam,,2014,Medicago sativa,,,12.1 Mg ha-1,,29.8 kg ha-1 mm-1,https://doi.org/10.1002/ird.59,2025-11-25 02:28:41,9.0,True
1573,100% ET,"Saiwusu, Inner Mongolia, China",38° 56′ N,106° 49′ E,,sandy loam,,2015,Medicago sativa,,,13.7 Mg ha-1,,21.9 kg ha-1 mm-1,https://doi.org/10.1002/ird.59,2025-11-25 02:28:41,9.0,True
1574,80% ET,"Saiwusu, Inner Mongolia, China",38° 56′ N,106° 49′ E,,sandy loam,,2015,Medicago sativa,,,13.7 Mg ha-1,,27.3 kg ha-1 mm-1,https://doi.org/10.1002/ird.59,2025-11-25 02:28:41,9.0,True
1575,60% ET,"Saiwusu, Inner Mongolia, China",38° 56′ N,106° 49′ E,,sandy loam,,2015,Medicago sativa,,,12.2 Mg ha-1,,29.6 kg ha-1 mm-1,https://doi.org/10.1002/ird.59,2025-11-25 02:28:41,9.0,True
1576,Regulated Deficit Irrigation (10% deficit),"Valle del Fuerte Experimental Station, Sinaloa, Mexico",25° 48’ 39.6’’ N,109° 01’ 30’’ W,20 masl,clay,1.72 ha,2012-12-12,Corn (Zea mays),"100,000 seeds/ha",,11.04 t/ha,,2.29 kg/m3,https://doi.org/10.1016/j.agwat.2004.10.004,2025-11-25 02:30:00,9.0,True
1577,Regulated Deficit Irrigation (20% deficit),"Valle del Fuerte Experimental Station, Sinaloa, Mexico",25° 48’ 39.6’’ N,109° 01’ 30’’ W,20 masl,clay,1.72 ha,2012-12-12,Corn (Zea mays),"100,000 seeds/ha",,11.05 t/ha,,2.29 kg/m3,https://doi.org/10.1016/j.agwat.2004.10.004,2025-11-25 02:30:00,9.0,True
1578,Regulated Deficit Irrigation (30% deficit),"Valle del Fuerte Experimental Station, Sinaloa, Mexico",25° 48’ 39.6’’ N,109° 01’ 30’’ W,20 masl,clay,1.72 ha,2012-12-12,Corn (Zea mays),"100,000 seeds/ha",,11.44 t/ha,,2.29 kg/m3,https://doi.org/10.1016/j.agwat.2004.10.004,2025-11-25 02:30:00,9.0,True
1579,Full Irrigation (Control),"Valle del Fuerte Experimental Station, Sinaloa, Mexico",25° 48’ 39.6’’ N,109° 01’ 30’’ W,20 masl,clay,1.72 ha,2012-12-12,Corn (Zea mays),"100,000 seeds/ha",,11.87 t/ha,,1.61 kg/m3,https://doi.org/10.1016/j.agwat.2004.10.004,2025-11-25 02:30:00,9.0,True
1580,Full Irrigation (FI),"Irrigated Agriculture Research and Extension Center, Washington State University, Washington, USA","46°17'49""N","119°44'07""W",354 m,Warden silt loam,,2019-08-28 to 2019-09-11,Vitis vinifera L. cv. Riesling,,,,,,https://doi.org/10.1016/j.agwat.2017.06.022,2025-11-25 02:31:31,9.0,True
1581,Regulated Deficit Irrigation (RDI),"Irrigated Agriculture Research and Extension Center, Washington State University, Washington, USA","46°17'49""N","119°44'07""W",354 m,Warden silt loam,,2019-08-28 to 2019-09-11,Vitis vinifera L. cv. Riesling,,,,,,https://doi.org/10.1016/j.agwat.2017.06.022,2025-11-25 02:31:31,9.0,True
1582,Full Irrigation (FI),"Irrigated Agriculture Research and Extension Center, Washington State University, Washington, USA","46°17'49""N","119°44'07""W",354 m,Warden silt loam,,2020-07-02 to 2020-09-02,Vitis vinifera L. cv. Riesling,,,,,,https://doi.org/10.1016/j.agwat.2017.06.022,2025-11-25 02:31:31,9.0,True
1583,Regulated Deficit Irrigation (RDI),"Irrigated Agriculture Research and Extension Center, Washington State University, Washington, USA","46°17'49""N","119°44'07""W",354 m,Warden silt loam,,2020-07-02 to 2020-09-02,Vitis vinifera L. cv. Riesling,,,,,,https://doi.org/10.1016/j.agwat.2017.06.022,2025-11-25 02:31:31,9.0,True
1584,Full irrigation with 100% ETM,"Private farm ‘El Khir’, Tunisia",36° 37’ N,10° 08’ 25” E,,clay,,2005/2006,Triticum durum Desf,,,1487 g m-2,,1.55 g MJ-1,https://doi.org/10.5539/sar.v4n1p26,2025-11-25 02:36:28,8.0,True
1585,70% ETM,"Private farm ‘El Khir’, Tunisia",36° 37’ N,10° 08’ 25” E,,clay,,2005/2006,Triticum durum Desf,,,,,,https://doi.org/10.5539/sar.v4n1p26,2025-11-25 02:36:28,8.0,True
1586,40% ETM,"Private farm ‘El Khir’, Tunisia",36° 37’ N,10° 08’ 25” E,,clay,,2005/2006,Triticum durum Desf,,,930 g m-2,,1.24 g MJ-1,https://doi.org/10.5539/sar.v4n1p26,2025-11-25 02:36:28,8.0,True
1587,Full irrigation with 100% ETM,"Private farm ‘El Khir’, Tunisia",36° 37’ N,10° 08’ 25” E,,clay,,2006/2007,Triticum durum Desf,,,,,1.5 g MJ-1,https://doi.org/10.5539/sar.v4n1p26,2025-11-25 02:36:28,8.0,True
1588,70% ETM,"Private farm ‘El Khir’, Tunisia",36° 37’ N,10° 08’ 25” E,,clay,,2006/2007,Triticum durum Desf,,,,,,https://doi.org/10.5539/sar.v4n1p26,2025-11-25 02:36:28,8.0,True
1589,40% ETM,"Private farm ‘El Khir’, Tunisia",36° 37’ N,10° 08’ 25” E,,clay,,2006/2007,Triticum durum Desf,,,,,,https://doi.org/10.5539/sar.v4n1p26,2025-11-25 02:36:28,8.0,True
1590,Full irrigation with 100% ETM,"Private farm ‘El Khir’, Tunisia",36° 37’ N,10° 08’ 25” E,,clay,,2007/2008,Triticum durum Desf,,,,,1.56 g MJ-1,https://doi.org/10.5539/sar.v4n1p26,2025-11-25 02:36:28,8.0,True
1591,70% ETM,"Private farm ‘El Khir’, Tunisia",36° 37’ N,10° 08’ 25” E,,clay,,2007/2008,Triticum durum Desf,,,,,,https://doi.org/10.5539/sar.v4n1p26,2025-11-25 02:36:28,8.0,True
1592,40% ETM,"Private farm ‘El Khir’, Tunisia",36° 37’ N,10° 08’ 25” E,,clay,,2007/2008,Triticum durum Desf,,,,,,https://doi.org/10.5539/sar.v4n1p26,2025-11-25 02:36:28,8.0,True
1593,,"Saam-ri, Chuncheon-si, Gangwon-do, Korea",,,,,0.15 ha,2021-07-13,Peach,,,,,,https://doi.org/10.1061/(ASCE)IR.1943-4774.0000736,2025-11-25 02:38:56,9.0,True
1594,,"Saam-ri, Chuncheon-si, Gangwon-do, Korea",,,,,0.15 ha,2021-08-31,Peach,,,,,,https://doi.org/10.1061/(ASCE)IR.1943-4774.0000736,2025-11-25 02:38:56,9.0,True
1595,,"Saam-ri, Chuncheon-si, Gangwon-do, Korea",,,,,0.15 ha,2021-10-29,Peach,,,,,,https://doi.org/10.1061/(ASCE)IR.1943-4774.0000736,2025-11-25 02:38:56,9.0,True
1596,Automatic irrigation based on water stress,"Saam-ri, Chuncheon-si, Gangwon-do, Korea",,,,,0.15 ha,2021-05-26,Peach,,,,,,https://doi.org/10.1061/(ASCE)IR.1943-4774.0000736,2025-11-25 02:38:56,9.0,True
1597,Design A: unrestricted irrigation system,"Tillman and Kiowa counties, Oklahoma, USA",,,436 meters,"Tipton Sandy Loam, Tipton Loam","67,868 acres (27,465 ha)",,Cotton,,,,,,https://doi.org/10.1016/j.jhydrol.2006.03.016,2025-11-25 02:40:05,8.0,True
1598,Design B: restricted irrigation system (50% area at a time),"Tillman and Kiowa counties, Oklahoma, USA",,,436 meters,"Tipton Sandy Loam, Tipton Loam","67,868 acres (27,465 ha)",,Cotton,,,,,,https://doi.org/10.1016/j.jhydrol.2006.03.016,2025-11-25 02:40:05,8.0,True
1599,Design C: restricted irrigation system (50% area at a time),"Tillman and Kiowa counties, Oklahoma, USA",,,436 meters,"Tipton Sandy Loam, Tipton Loam","67,868 acres (27,465 ha)",,Cotton,,,,,,https://doi.org/10.1016/j.jhydrol.2006.03.016,2025-11-25 02:40:05,8.0,True
1600,Design D: restricted irrigation system (25% area at a time),"Tillman and Kiowa counties, Oklahoma, USA",,,436 meters,"Tipton Sandy Loam, Tipton Loam","67,868 acres (27,465 ha)",,Cotton,,,,,,https://doi.org/10.1016/j.jhydrol.2006.03.016,2025-11-25 02:40:05,8.0,True
1601,"0.8 ETc, 2 days irrigation frequency","Junagadh Agricultural University, Junagadh, Gujarat, India",,,,sandy loam,,2018-19,Wheat (Triticum aestivum L.),,,4825 kg ha-1,115.01 cm,,https://doi.org/10.1016/j.agwat.2006.04.008,2025-11-25 02:41:44,9.0,True
1602,"0.8 ETc, 3 days irrigation frequency","Junagadh Agricultural University, Junagadh, Gujarat, India",,,,sandy loam,,2018-19,Wheat (Triticum aestivum L.),,,4015 kg ha-1,93.97 cm,,https://doi.org/10.1016/j.agwat.2006.04.008,2025-11-25 02:41:44,9.0,True
1603,"0.8 ETc, 5 days irrigation frequency","Junagadh Agricultural University, Junagadh, Gujarat, India",,,,sandy loam,,2018-19,Wheat (Triticum aestivum L.),,,2960 kg ha-1,74.34 cm,,https://doi.org/10.1016/j.agwat.2006.04.008,2025-11-25 02:41:44,9.0,True
1604,"1.0 ETc, 2 days irrigation frequency","Junagadh Agricultural University, Junagadh, Gujarat, India",,,,sandy loam,,2018-19,Wheat (Triticum aestivum L.),,,4195 kg ha-1,79.96 cm,,https://doi.org/10.1016/j.agwat.2006.04.008,2025-11-25 02:41:44,9.0,True
1605,"1.0 ETc, 3 days irrigation frequency","Junagadh Agricultural University, Junagadh, Gujarat, India",,,,sandy loam,,2018-19,Wheat (Triticum aestivum L.),,,4180 kg ha-1,99.78 cm,,https://doi.org/10.1016/j.agwat.2006.04.008,2025-11-25 02:41:44,9.0,True
1606,"1.0 ETc, 5 days irrigation frequency","Junagadh Agricultural University, Junagadh, Gujarat, India",,,,sandy loam,,2018-19,Wheat (Triticum aestivum L.),,,3750 kg ha-1,82.24 cm,,https://doi.org/10.1016/j.agwat.2006.04.008,2025-11-25 02:41:44,9.0,True
1614,IW/CPE ratio of 0.60,"Sugarcane Research Institute, Pusa, Bihar, India",25.9833,85.6667,52.1m,sandy loam,90 m2,2016-03-10,sugarcane,"150,000 buds/ha",,79.2 t/ha,303.4 cm,11.50 Rs/m3,https://doi.org/10.1016/j.agwat.2020.106549,2025-11-25 02:46:41,9.0,True
1615,IW/CPE ratio of 0.80,"Sugarcane Research Institute, Pusa, Bihar, India",25.9833,85.6667,52.1m,sandy loam,90 m2,2017-03-08,sugarcane,"150,000 buds/ha",,94.9 t/ha,332.0 cm,15.77 Rs/m3,https://doi.org/10.1016/j.agwat.2020.106549,2025-11-25 02:46:41,9.0,True
1616,IW/CPE ratio of 1.00,"Sugarcane Research Institute, Pusa, Bihar, India",25.9833,85.6667,52.1m,sandy loam,90 m2,2018-03-05,sugarcane,"150,000 buds/ha",,103.9 t/ha,342.1 cm,16.18 Rs/m3,https://doi.org/10.1016/j.agwat.2020.106549,2025-11-25 02:46:41,9.0,True
1617,Conventional flat planting with trash mulching,"Sugarcane Research Institute, Pusa, Bihar, India",25.9833,85.6667,52.1m,sandy loam,90 m2,2016-03-10,sugarcane,"150,000 buds/ha",,86.4 t/ha,302.8 cm,12.62 Rs/m3,https://doi.org/10.1016/j.agwat.2020.106549,2025-11-25 02:46:41,9.0,True
1618,Conventional flat planting without trash mulching,"Sugarcane Research Institute, Pusa, Bihar, India",25.9833,85.6667,52.1m,sandy loam,90 m2,2017-03-08,sugarcane,"150,000 buds/ha",,81.7 t/ha,295.7 cm,11.70 Rs/m3,https://doi.org/10.1016/j.agwat.2020.106549,2025-11-25 02:46:41,9.0,True
1619,Paired row trench planting with trash mulching,"Sugarcane Research Institute, Pusa, Bihar, India",25.9833,85.6667,52.1m,sandy loam,90 m2,2018-03-05,sugarcane,"150,000 buds/ha",,103.5 t/ha,360.1 cm,17.15 Rs/m3,https://doi.org/10.1016/j.agwat.2020.106549,2025-11-25 02:46:41,9.0,True
1620,Paired row trench planting without trash mulching,"Sugarcane Research Institute, Pusa, Bihar, India",25.9833,85.6667,52.1m,sandy loam,90 m2,2017-03-08,sugarcane,"150,000 buds/ha",,99.1 t/ha,344.8 cm,16.46 Rs/m3,https://doi.org/10.1016/j.agwat.2020.106549,2025-11-25 02:46:41,9.0,True
1621,"100 % Field Capacity (FC), based on soil moisture sensor under automated drip irrigation with 100 % RDF through fertigation in equal splits at 2 day interval","Plasticulture Farm, MPUAT Udaipur, Rajasthan, India",24°35’31.5” to 24°35’38.5” North,73°44’18.2” to 73°44’21.1” East,582.17 meters,sandy loam,,"February 27, 2019",Abelmoschus esculentus L.,,,8.0 t ha-1,103.5 cm,0.177 t ha-1-cm,https://doi.org/10.54386/jam.v23i4.142,2025-11-25 02:48:22,9.0,True
1622,80 % Volume of crop water requirement based on Pan Evaporation (Epan) under automated drip irrigation with 100 % RDF through fertigation in equal splits at 2 day interval,"Plasticulture Farm, MPUAT Udaipur, Rajasthan, India",24°35’31.5” to 24°35’38.5” North,73°44’18.2” to 73°44’21.1” East,582.17 meters,sandy loam,,"February 27, 2019",Abelmoschus esculentus L.,,,6.3 t ha-1,,0.109 t ha-1-cm,https://doi.org/10.54386/jam.v23i4.142,2025-11-25 02:48:22,9.0,True
1623,"100 % Field Capacity (FC), based on soil moisture sensor under automated drip irrigation with 100 % RDF through fertigation in equal splits at 4 day interval","Plasticulture Farm, MPUAT Udaipur, Rajasthan, India",24°35’31.5” to 24°35’38.5” North,73°44’18.2” to 73°44’21.1” East,582.17 meters,sandy loam,,"February 27, 2019",Abelmoschus esculentus L.,,,9.8 t ha-1,103.5 cm,0.215 t ha-1-cm,https://doi.org/10.54386/jam.v23i4.142,2025-11-25 02:48:22,9.0,True
1624,80 % Volume of crop water requirement based on Epan under automated drip irrigation with 100 % RDF through fertigation in equal splits at 4 day interval,"Plasticulture Farm, MPUAT Udaipur, Rajasthan, India",24°35’31.5” to 24°35’38.5” North,73°44’18.2” to 73°44’21.1” East,582.17 meters,sandy loam,,"February 27, 2019",Abelmoschus esculentus L.,,,6.4 t ha-1,,0.100 t ha-1-cm,https://doi.org/10.54386/jam.v23i4.142,2025-11-25 02:48:22,9.0,True
1625,100 % Volume of crop water requirement based on Epan under conventional (manual) drip irrigation with 100 % RDF through fertigation in equal splits at 6 day interval,"Plasticulture Farm, MPUAT Udaipur, Rajasthan, India",24°35’31.5” to 24°35’38.5” North,73°44’18.2” to 73°44’21.1” East,582.17 meters,sandy loam,,"February 27, 2019",Abelmoschus esculentus L.,,,4.6 t ha-1,,0.045 t ha-1-cm,https://doi.org/10.54386/jam.v23i4.142,2025-11-25 02:48:22,9.0,True
1626,"50 % depletion in FC, under flood irrigation with 100 % RDF through farmer’s practice (control)","Plasticulture Farm, MPUAT Udaipur, Rajasthan, India",24°35’31.5” to 24°35’38.5” North,73°44’18.2” to 73°44’21.1” East,582.17 meters,sandy loam,,"February 27, 2019",Abelmoschus esculentus L.,,,4.6 t ha-1,,0.045 t ha-1-cm,https://doi.org/10.54386/jam.v23i4.142,2025-11-25 02:48:22,9.0,True
1630,,,,,,,,,,,,,,,https://doi.org/10.1016/j.agwat.2014.07.031,2025-11-25 02:53:46,8.0,True
1631,,"Manchester, Michigan, USA",,,,sandy loam,,,corn,,,"20-28 cm of water applied, 224 kg/ha of nitrogen",,,https://doi.org/10.3389/frwa.2024.1353597,2025-11-25 02:55:26,9.0,True
1632,,"West Olive, Michigan, USA",,,,loamy sand,approximately 20 acres,,blueberry,,"total yield per plant: 552g (farmer's method), 722g (recommended method); 50-berry weights: 87.7g (farmer's method), 93.7g (recommended method)",,,,https://doi.org/10.3389/frwa.2024.1353597,2025-11-25 02:55:26,9.0,True
1633,automation irrigation trigger,"Hart, Michigan, USA",,,,,,,tomato,8 plants per replication,no statistical differences in marketable tomatoes and their weights,30% less water applied compared to farmer's method,,,https://doi.org/10.3389/frwa.2024.1353597,2025-11-25 02:55:26,9.0,True
1634,,,,,,sand,,,,,,,,,https://doi.org/10.3389/frwa.2024.1353597,2025-11-25 02:55:26,9.0,True
1635,,,,,,loamy sand,,,,,,,,,https://doi.org/10.3389/frwa.2024.1353597,2025-11-25 02:55:26,9.0,True
1642,Deficit irrigation,High Plains Aquifer region,,,,,,2023,maize,,,,,,https://doi.org/10.1002/agj2.21064,2025-11-25 03:05:15,9.0,True
1643,Full irrigation,High Plains Aquifer region,,,,,,2023,maize,,,,,,https://doi.org/10.1002/agj2.21064,2025-11-25 03:05:15,9.0,True
1644,Limited irrigation,High Plains Aquifer region,,,,,,2023,maize,,,,,,https://doi.org/10.1002/agj2.21064,2025-11-25 03:05:15,9.0,True
1645,Irrigation based on recommendation,"University of Jember, Indonesia","8°09'45.1"" S","113°42'58.2"" E",101 m a.s.l,sandy clay,,2021-12-13,Glycine max (L.) Merril,14,,2.737 t ha-1,,1.92 kg m-3,https://doi.org/10.1002/ird.2073,2025-11-25 03:07:28,8.0,True
1646,Irrigation 95 - 105% FC,"University of Jember, Indonesia","8°09'45.1"" S","113°42'58.2"" E",101 m a.s.l,sandy clay,,2021-12-13,Glycine max (L.) Merril,14,,2.716 t ha-1,,1.47 kg m-3,https://doi.org/10.1002/ird.2073,2025-11-25 03:07:28,8.0,True
1647,Irrigation 75 - 85% FC,"University of Jember, Indonesia","8°09'45.1"" S","113°42'58.2"" E",101 m a.s.l,sandy clay,,2021-12-13,Glycine max (L.) Merril,14,,2.674 t ha-1,,1.96 kg m-3,https://doi.org/10.1002/ird.2073,2025-11-25 03:07:28,8.0,True
1648,Irrigation 55 - 65% FC,"University of Jember, Indonesia","8°09'45.1"" S","113°42'58.2"" E",101 m a.s.l,sandy clay,,2021-12-13,Glycine max (L.) Merril,14,,2.359 t ha-1,,2.75 kg m-3,https://doi.org/10.1002/ird.2073,2025-11-25 03:07:28,8.0,True
1649,,Global,,,,,,1986-2016,Maize (Zea mays L.),,,10.1 t ha⁻¹ yr⁻¹,,728.0 m³ t⁻¹ yr⁻¹,https://doi.org/10.1016/j.agwat.2011.08.023,2025-11-25 03:08:07,8.0,True
1650,Surface irrigation,Northern Africa,,,,,,2012-2016,Maize (Zea mays L.),,,,,1035.5 m³ t⁻¹ yr⁻¹,https://doi.org/10.1016/j.agwat.2011.08.023,2025-11-25 03:08:07,8.0,True
1651,,Eastern Africa,,,,,,2012-2016,Maize (Zea mays L.),,,,,2763.5 m³ t⁻¹ yr⁻¹,https://doi.org/10.1016/j.agwat.2011.08.023,2025-11-25 03:08:07,8.0,True
1652,,Middle Africa,,,,,,2012-2016,Maize (Zea mays L.),,,,,3157.9 m³ t⁻¹ yr⁻¹,https://doi.org/10.1016/j.agwat.2011.08.023,2025-11-25 03:08:07,8.0,True
1653,,Southern Africa,,,,,,2012-2016,Maize (Zea mays L.),,,,,1067.3 m³ t⁻¹ yr⁻¹,https://doi.org/10.1016/j.agwat.2011.08.023,2025-11-25 03:08:07,8.0,True
1654,,Western Africa,,,,,,2012-2016,Maize (Zea mays L.),,,,,2008.9 m³ t⁻¹ yr⁻¹,https://doi.org/10.1016/j.agwat.2011.08.023,2025-11-25 03:08:07,8.0,True
1655,,Northern America,,,,,,2012-2016,Maize (Zea mays L.),,,10.1 t ha⁻¹ yr⁻¹,,483.1 m³ t⁻¹ yr⁻¹,https://doi.org/10.1016/j.agwat.2011.08.023,2025-11-25 03:08:07,8.0,True
1656,,Eastern Asia,,,,,,2012-2016,Maize (Zea mays L.),,,5.9 t ha⁻¹ yr⁻¹,,615.7 m³ t⁻¹ yr⁻¹,https://doi.org/10.1016/j.agwat.2011.08.023,2025-11-25 03:08:07,8.0,True
1657,,Western Europe,,,,,,2012-2016,Maize (Zea mays L.),,,,,433.2 m³ t⁻¹ yr⁻¹,https://doi.org/10.1016/j.agwat.2011.08.023,2025-11-25 03:08:07,8.0,True
1658,,Southern Europe,,,,,,2012-2016,Maize (Zea mays L.),,,,,562.5 m³ t⁻¹ yr⁻¹,https://doi.org/10.1016/j.agwat.2011.08.023,2025-11-25 03:08:07,8.0,True
1659,,Australia and New Zealand,,,,,,2012-2016,Maize (Zea mays L.),,,,,529.8 m³ t⁻¹ yr⁻¹,https://doi.org/10.1016/j.agwat.2011.08.023,2025-11-25 03:08:07,8.0,True
1660,,Oceania,,,,,,2012-2016,Maize (Zea mays L.),,,,,530.7 m³ t⁻¹ yr⁻¹,https://doi.org/10.1016/j.agwat.2011.08.023,2025-11-25 03:08:07,8.0,True
1667,Fixed Rate Irrigation (FRI),"Clay Center, Nebraska, USA",40.34° N,98.13° W,552 m,Crete silt loam,2.3 ha,2015,Maize (Zea mays L.),"84,500 plants/ha",,342 mm,,,https://doi.org/10.1061/(ASCE)IR.1943-4774.0000826,2025-11-25 03:17:40,9.0,True
1668,Variable Rate Irrigation (VRI),"Clay Center, Nebraska, USA",40.34° N,98.13° W,552 m,Crete silt loam,2.3 ha,2015,Maize (Zea mays L.),"84,500 plants/ha",,378 mm,,,https://doi.org/10.1061/(ASCE)IR.1943-4774.0000826,2025-11-25 03:17:40,9.0,True
1669,No Irrigation (NI),"Clay Center, Nebraska, USA",40.34° N,98.13° W,552 m,Crete silt loam,2.3 ha,2015,Maize (Zea mays L.),"84,500 plants/ha",,374 mm,,,https://doi.org/10.1061/(ASCE)IR.1943-4774.0000826,2025-11-25 03:17:40,9.0,True
1670,Fixed Rate Irrigation (FRI),"Clay Center, Nebraska, USA",40.34° N,98.13° W,552 m,Hastings silty clay loam,2.3 ha,2016,Maize (Zea mays L.),"84,500 plants/ha",,525 mm,,,https://doi.org/10.1061/(ASCE)IR.1943-4774.0000826,2025-11-25 03:17:40,9.0,True
1671,Variable Rate Irrigation (VRI),"Clay Center, Nebraska, USA",40.34° N,98.13° W,552 m,Hastings silty clay loam,2.3 ha,2016,Maize (Zea mays L.),"84,500 plants/ha",,356 mm,,,https://doi.org/10.1061/(ASCE)IR.1943-4774.0000826,2025-11-25 03:17:40,9.0,True
1672,No Irrigation (NI),"Clay Center, Nebraska, USA",40.34° N,98.13° W,552 m,Hastings silty clay loam,2.3 ha,2016,Maize (Zea mays L.),"84,500 plants/ha",,395 mm,,,https://doi.org/10.1061/(ASCE)IR.1943-4774.0000826,2025-11-25 03:17:40,9.0,True
1673,Fixed Rate Irrigation (FRI),"Clay Center, Nebraska, USA",40.34° N,98.13° W,552 m,Hastings silt loam,2.3 ha,2017,Maize (Zea mays L.),"84,500 plants/ha",,603 mm,,,https://doi.org/10.1061/(ASCE)IR.1943-4774.0000826,2025-11-25 03:17:40,9.0,True
1674,Variable Rate Irrigation (VRI),"Clay Center, Nebraska, USA",40.34° N,98.13° W,552 m,Hastings silt loam,2.3 ha,2017,Maize (Zea mays L.),"84,500 plants/ha",,605 mm,,,https://doi.org/10.1061/(ASCE)IR.1943-4774.0000826,2025-11-25 03:17:40,9.0,True
1675,No Irrigation (NI),"Clay Center, Nebraska, USA",40.34° N,98.13° W,552 m,Hastings silt loam,2.3 ha,2017,Maize (Zea mays L.),"84,500 plants/ha",,409 mm,,,https://doi.org/10.1061/(ASCE)IR.1943-4774.0000826,2025-11-25 03:17:40,9.0,True
1689,no irrigation (W0),"Henan Agricultural University, Zhengzhou, China",34.7853,113.6398,,loam,,2012-2013,winter wheat (Triticum aestivum L.),240 kg ha-1,,2055 kg ha-1,,,https://doi.org/10.1016/j.fcr.2016.07.009,2025-11-25 03:40:54,9.0,True
1690,irrigation at jointing and flowering (W2),"Henan Agricultural University, Zhengzhou, China",34.7853,113.6398,,loam,,2012-2013,winter wheat (Triticum aestivum L.),240 kg ha-1,,2952 kg ha-1,,,https://doi.org/10.1016/j.fcr.2016.07.009,2025-11-25 03:40:54,9.0,True
1691,no irrigation (W0),"Henan Agricultural University, Zhengzhou, China",34.7853,113.6398,,loam,,2013-2014,winter wheat (Triticum aestivum L.),240 kg ha-1,,3613.9 kg ha-1,,,https://doi.org/10.1016/j.fcr.2016.07.009,2025-11-25 03:40:54,9.0,True
1692,irrigation at jointing and flowering (W2),"Henan Agricultural University, Zhengzhou, China",34.7853,113.6398,,loam,,2013-2014,winter wheat (Triticum aestivum L.),240 kg ha-1,,3522.5 kg ha-1,,,https://doi.org/10.1016/j.fcr.2016.07.009,2025-11-25 03:40:54,9.0,True
1693,no irrigation (W0),"Henan Agricultural University, Zhengzhou, China",34.7853,113.6398,,loam,,2012-2013,winter wheat (Triticum aestivum L.),240 kg ha-1,,4001 kg ha-1,,,https://doi.org/10.1016/j.fcr.2016.07.009,2025-11-25 03:40:54,9.0,True
1694,irrigation at jointing and flowering (W2),"Henan Agricultural University, Zhengzhou, China",34.7853,113.6398,,loam,,2012-2013,winter wheat (Triticum aestivum L.),240 kg ha-1,,6578 kg ha-1,,,https://doi.org/10.1016/j.fcr.2016.07.009,2025-11-25 03:40:54,9.0,True
1695,no irrigation (W0),"Henan Agricultural University, Zhengzhou, China",34.7853,113.6398,,loam,,2013-2014,winter wheat (Triticum aestivum L.),240 kg ha-1,,7070.8 kg ha-1,,,https://doi.org/10.1016/j.fcr.2016.07.009,2025-11-25 03:40:54,9.0,True
1696,irrigation at jointing and flowering (W2),"Henan Agricultural University, Zhengzhou, China",34.7853,113.6398,,loam,,2013-2014,winter wheat (Triticum aestivum L.),240 kg ha-1,,7168.9 kg ha-1,,,https://doi.org/10.1016/j.fcr.2016.07.009,2025-11-25 03:40:54,9.0,True
1697,no irrigation (W0),"Henan Agricultural University, Zhengzhou, China",34.7853,113.6398,,loam,,2012-2013,winter wheat (Triticum aestivum L.),240 kg ha-1,,3019 kg ha-1,,,https://doi.org/10.1016/j.fcr.2016.07.009,2025-11-25 03:40:54,9.0,True
1698,irrigation at jointing and flowering (W2),"Henan Agricultural University, Zhengzhou, China",34.7853,113.6398,,loam,,2012-2013,winter wheat (Triticum aestivum L.),240 kg ha-1,,7190 kg ha-1,,,https://doi.org/10.1016/j.fcr.2016.07.009,2025-11-25 03:40:54,9.0,True
1699,no irrigation (W0),"Henan Agricultural University, Zhengzhou, China",34.7853,113.6398,,loam,,2013-2014,winter wheat (Triticum aestivum L.),240 kg ha-1,,6773.3 kg ha-1,,,https://doi.org/10.1016/j.fcr.2016.07.009,2025-11-25 03:40:54,9.0,True
1700,irrigation at jointing and flowering (W2),"Henan Agricultural University, Zhengzhou, China",34.7853,113.6398,,loam,,2013-2014,winter wheat (Triticum aestivum L.),240 kg ha-1,,8137.4 kg ha-1,,,https://doi.org/10.1016/j.fcr.2016.07.009,2025-11-25 03:40:54,9.0,True
1701,no irrigation (W0),"Henan Agricultural University, Zhengzhou, China",34.7853,113.6398,,loam,,2012-2013,winter wheat (Triticum aestivum L.),240 kg ha-1,,2902 kg ha-1,,,https://doi.org/10.1016/j.fcr.2016.07.009,2025-11-25 03:40:54,9.0,True
1702,irrigation at jointing and flowering (W2),"Henan Agricultural University, Zhengzhou, China",34.7853,113.6398,,loam,,2013-2014,winter wheat (Triticum aestivum L.),240 kg ha-1,,7215.8 kg ha-1,,,https://doi.org/10.1016/j.fcr.2016.07.009,2025-11-25 03:40:54,9.0,True
1703,Sustained Deficit Irrigation (33%ETc),"Wagga Wagga, Riverina region, New South Wales, Australia",,,,sandy loam,,2019-2020,Soybean (Glycine max L.),33 plants m²,,2.33 t ha⁻¹,77 cm,5.3 kg ha⁻¹ mm⁻¹,https://doi.org/10.2134/agronj2011.0150,2025-11-25 03:42:26,9.0,True
1704,Sustained Deficit Irrigation (66%ETc),"Wagga Wagga, Riverina region, New South Wales, Australia",,,,sandy loam,,2019-2020,Soybean (Glycine max L.),33 plants m²,,3.06 t ha⁻¹,92 cm,4.5 kg ha⁻¹ mm⁻¹,https://doi.org/10.2134/agronj2011.0150,2025-11-25 03:42:26,9.0,True
1705,Regulated Deficit Irrigation (66%ETc with 100%ETc during pod development and seed filling),"Wagga Wagga, Riverina region, New South Wales, Australia",,,,sandy loam,,2019-2020,Soybean (Glycine max L.),33 plants m²,,3.44 t ha⁻¹,92 cm,4.6 kg ha⁻¹ mm⁻¹,https://doi.org/10.2134/agronj2011.0150,2025-11-25 03:42:26,9.0,True
1706,Full Irrigation (100%ETc),"Wagga Wagga, Riverina region, New South Wales, Australia",,,,sandy loam,,2019-2020,Soybean (Glycine max L.),33 plants m²,,5.01 t ha⁻¹,97 cm,5.5 kg ha⁻¹ mm⁻¹,https://doi.org/10.2134/agronj2011.0150,2025-11-25 03:42:26,9.0,True
1707,Sustained Deficit Irrigation (33%ETc),"Wagga Wagga, Riverina region, New South Wales, Australia",,,,sandy loam,,2020-2021,Soybean (Glycine max L.),33 plants m²,,2.84 t ha⁻¹,68 cm,4.9 kg ha⁻¹ mm⁻¹,https://doi.org/10.2134/agronj2011.0150,2025-11-25 03:42:26,9.0,True
1708,Sustained Deficit Irrigation (66%ETc),"Wagga Wagga, Riverina region, New South Wales, Australia",,,,sandy loam,,2020-2021,Soybean (Glycine max L.),33 plants m²,,3.16 t ha⁻¹,86 cm,4.3 kg ha⁻¹ mm⁻¹,https://doi.org/10.2134/agronj2011.0150,2025-11-25 03:42:26,9.0,True
1709,Regulated Deficit Irrigation (66%ETc with 100%ETc during pod development and seed filling),"Wagga Wagga, Riverina region, New South Wales, Australia",,,,sandy loam,,2020-2021,Soybean (Glycine max L.),33 plants m²,,3.52 t ha⁻¹,90 cm,4.6 kg ha⁻¹ mm⁻¹,https://doi.org/10.2134/agronj2011.0150,2025-11-25 03:42:26,9.0,True
1710,Full Irrigation (100%ETc),"Wagga Wagga, Riverina region, New South Wales, Australia",,,,sandy loam,,2020-2021,Soybean (Glycine max L.),33 plants m²,,4.90 t ha⁻¹,95 cm,5.6 kg ha⁻¹ mm⁻¹,https://doi.org/10.2134/agronj2011.0150,2025-11-25 03:42:26,9.0,True
1711,Sustained Deficit Irrigation (33%ETc),"Wagga Wagga, Riverina region, New South Wales, Australia",,,,sandy loam,,2020-2021,Soybean (Glycine max L.),33 plants m²,,1.79 t ha⁻¹,70 cm,3.7 kg ha⁻¹ mm⁻¹,https://doi.org/10.2134/agronj2011.0150,2025-11-25 03:42:26,9.0,True
1712,Sustained Deficit Irrigation (66%ETc),"Wagga Wagga, Riverina region, New South Wales, Australia",,,,sandy loam,,2020-2021,Soybean (Glycine max L.),33 plants m²,,1.98 t ha⁻¹,75 cm,3.2 kg ha⁻¹ mm⁻¹,https://doi.org/10.2134/agronj2011.0150,2025-11-25 03:42:26,9.0,True
1713,Regulated Deficit Irrigation (66%ETc with 100%ETc during pod development and seed filling),"Wagga Wagga, Riverina region, New South Wales, Australia",,,,sandy loam,,2020-2021,Soybean (Glycine max L.),33 plants m²,,2.40 t ha⁻¹,80 cm,3.7 kg ha⁻¹ mm⁻¹,https://doi.org/10.2134/agronj2011.0150,2025-11-25 03:42:26,9.0,True
1714,Full Irrigation (100%ETc),"Wagga Wagga, Riverina region, New South Wales, Australia",,,,sandy loam,,2020-2021,Soybean (Glycine max L.),33 plants m²,,2.97 t ha⁻¹,80 cm,4.0 kg ha⁻¹ mm⁻¹,https://doi.org/10.2134/agronj2011.0150,2025-11-25 03:42:26,9.0,True
1731,Sprinkler irrigation,"Kherson region, Ukraine",,,,southern low-humus black soils,,2025,perennial grasses for green mass,,,,,,https://doi.org/10.1016/j.agwat.2023.108454,2025-11-25 03:53:38,8.0,True
1732,Sprinkler irrigation,"Kherson region, Ukraine",,,,southern low-humus black soils,,2025,vegetables (tomatoes),,,,,,https://doi.org/10.1016/j.agwat.2023.108454,2025-11-25 03:53:38,8.0,True
1733,Sprinkler irrigation,"Kherson region, Ukraine",,,,southern low-humus black soils,,2025,winter wheat for grain,,,,,,https://doi.org/10.1016/j.agwat.2023.108454,2025-11-25 03:53:38,8.0,True
1734,Sprinkler irrigation,"Kherson region, Ukraine",,,,southern low-humus black soils,,2025,corn for grain,,,,,,https://doi.org/10.1016/j.agwat.2023.108454,2025-11-25 03:53:38,8.0,True
1735,Sprinkler irrigation,"Kherson region, Ukraine",,,,southern low-humus black soils,,2025,,,,Reduction in crop rotation productivity 10.80% to 18.06%,,Water and electricity cost savings of 27% to 48%,https://doi.org/10.1016/j.agwat.2023.108454,2025-11-25 03:53:38,8.0,True
1736,40-40,"Comarca Lagunera, Gómez Palacio, Durango, México",25° 31' 57'' N,103° 25' 57'' W,1139 m,silty clay loam,20 m²,"March 25, 2023",Gossypium hirsutum,"131,000",,8.21 Mg∙ha-1,,0.707 kg∙m-3,https://doi.org/10.3390/agronomy12051246,2025-11-25 03:54:49,9.0,True
1737,40-80,"Comarca Lagunera, Gómez Palacio, Durango, México",25° 31' 57'' N,103° 25' 57'' W,1139 m,silty clay loam,20 m²,"March 25, 2023",Gossypium hirsutum,"131,000",,6.19 Mg∙ha-1,,0.612 kg∙m-3,https://doi.org/10.3390/agronomy12051246,2025-11-25 03:54:49,9.0,True
1738,60-60,"Comarca Lagunera, Gómez Palacio, Durango, México",25° 31' 57'' N,103° 25' 57'' W,1139 m,silty clay loam,20 m²,"March 25, 2023",Gossypium hirsutum,"131,000",,8.67 Mg∙ha-1,,0.897 kg∙m-3,https://doi.org/10.3390/agronomy12051246,2025-11-25 03:54:49,9.0,True
1739,60-100,"Comarca Lagunera, Gómez Palacio, Durango, México",25° 31' 57'' N,103° 25' 57'' W,1139 m,silty clay loam,20 m²,"March 25, 2023",Gossypium hirsutum,"131,000",,5.30 Mg∙ha-1,,0.610 kg∙m-3,https://doi.org/10.3390/agronomy12051246,2025-11-25 03:54:49,9.0,True
1740,80-40,"Comarca Lagunera, Gómez Palacio, Durango, México",25° 31' 57'' N,103° 25' 57'' W,1139 m,silty clay loam,20 m²,"March 25, 2023",Gossypium hirsutum,"131,000",,7.14 Mg∙ha-1,,0.767 kg∙m-3,https://doi.org/10.3390/agronomy12051246,2025-11-25 03:54:49,9.0,True
1741,80-80,"Comarca Lagunera, Gómez Palacio, Durango, México",25° 31' 57'' N,103° 25' 57'' W,1139 m,silty clay loam,20 m²,"March 25, 2023",Gossypium hirsutum,"131,000",,7.37 Mg∙ha-1,,0.945 kg∙m-3,https://doi.org/10.3390/agronomy12051246,2025-11-25 03:54:49,9.0,True
1742,100-60,"Comarca Lagunera, Gómez Palacio, Durango, México",25° 31' 57'' N,103° 25' 57'' W,1139 m,silty clay loam,20 m²,"March 25, 2023",Gossypium hirsutum,"131,000",,5.89 Mg∙ha-1,,0.830 kg∙m-3,https://doi.org/10.3390/agronomy12051246,2025-11-25 03:54:49,9.0,True
1848,Full irrigation,"Coria del Río, Seville, Spain",37.283833,-6.052722,,sandy clay loam,0.7 ha,December 2020 to June 2022,Olea europaea (cv. Manzanilla),1666 trees ha-1,,,,,https://doi.org/10.1016/j.agwat.2017.10.014,2025-11-25 04:01:57,8.0,True
1849,Deficit irrigation,"Coria del Río, Seville, Spain",37.283833,-6.052722,,sandy clay loam,0.7 ha,December 2020 to June 2022,Olea europaea (cv. Manzanilla),1666 trees ha-1,,,,,https://doi.org/10.1016/j.agwat.2017.10.014,2025-11-25 04:01:57,8.0,True
1850,No irrigation,"Coria del Río, Seville, Spain",37.283833,-6.052722,,sandy clay loam,0.7 ha,December 2020 to June 2022,Olea europaea (cv. Manzanilla),1666 trees ha-1,,,,,https://doi.org/10.1016/j.agwat.2017.10.014,2025-11-25 04:01:57,8.0,True
1851,,"Coria del Río, Seville, Spain",37.283833,-6.052722,,sandy clay loam,1.2 ha,December 2020 to June 2022,Olea europaea (cv. Manzanilla),285 trees ha-1,,,,,https://doi.org/10.1016/j.agwat.2017.10.014,2025-11-25 04:01:57,8.0,True
1852,Full Irrigation (FI),"China Agricultural University, Beijing, China",,,,sandy loam,,"April–July, 2012",Tomato (Solanum lycopersicum L. var. No. 2 Hongfen),,,20% increase with biochar compared to non-biochar control,,,http://dx.doi.org/10.1016/j.agwat.2014.02.016,2025-11-25 04:11:01,9.0,True
1853,Deficit Irrigation (DI),"China Agricultural University, Beijing, China",,,,sandy loam,,"April–July, 2012",Tomato (Solanum lycopersicum L. var. No. 2 Hongfen),,Higher total soluble solids (TSS) compared to FI,6% increase with biochar compared to non-biochar control,,15% increase compared to FI,http://dx.doi.org/10.1016/j.agwat.2014.02.016,2025-11-25 04:11:01,9.0,True
1854,Partial Root-Zone Drying Irrigation (PRD),"China Agricultural University, Beijing, China",,,,sandy loam,,"April–July, 2012",Tomato (Solanum lycopersicum L. var. No. 2 Hongfen),,Improved fruit quality metrics compared to FI,13% increase with biochar compared to non-biochar control,,35% increase compared to FI,http://dx.doi.org/10.1016/j.agwat.2014.02.016,2025-11-25 04:11:01,9.0,True
1855,,"China Agricultural University, Beijing, China",,,,sandy loam,,"April–July, 2012",Tomato (Solanum lycopersicum L. var. No. 2 Hongfen),,,,,,http://dx.doi.org/10.1016/j.agwat.2014.02.016,2025-11-25 04:11:01,9.0,True
1860,Sub-optimal irrigation at 75±5% of the field capacity,"Horticulture Experimental Farm, ICAR Research Complex for NEH Region, Umiam, Meghalaya, India",,,,sandy,,February - June 2021,Tomato (Solanum lycopersicum),8,,0.63 kg/plant to 1.36 kg/plant,97.83 cm,,http://dx.doi.org/10.1016/j.scienta.2011.04.030,2025-11-25 04:12:46,9.0,True
1861,Irrigation at 50±5% of the field capacity,"Horticulture Experimental Farm, ICAR Research Complex for NEH Region, Umiam, Meghalaya, India",,,,sandy,,February - June 2021,Tomato (Solanum lycopersicum),8,,0.40 kg/plant to 0.81 kg/plant,90.56 cm,,http://dx.doi.org/10.1016/j.scienta.2011.04.030,2025-11-25 04:12:46,9.0,True
1862,Irrigation at 25±5% of the field capacity,"Horticulture Experimental Farm, ICAR Research Complex for NEH Region, Umiam, Meghalaya, India",,,,sandy,,February - June 2021,Tomato (Solanum lycopersicum),8,,0.40 kg/plant to 0.81 kg/plant,80.09 cm,,http://dx.doi.org/10.1016/j.scienta.2011.04.030,2025-11-25 04:12:46,9.0,True
1866,100% irrigation,"Federal College of Education (Technical) Demonstration Farm, Asaba, Delta State, Nigeria",6.5° N,6.75° E,150 m,sandy loams,1296 sqm,2025-03-29,Tomato (Solanum lycopersicum),,,,,,https://doi.org/10.1016/j.agwat.2017.11.019,2025-11-25 04:17:00,8.0,True
1867,75% irrigation,"Federal College of Education (Technical) Demonstration Farm, Asaba, Delta State, Nigeria",6.5° N,6.75° E,150 m,sandy loams,1296 sqm,2025-03-29,Tomato (Solanum lycopersicum),,,,,,https://doi.org/10.1016/j.agwat.2017.11.019,2025-11-25 04:17:00,8.0,True
1868,,"Federal College of Education (Technical) Demonstration Farm, Asaba, Delta State, Nigeria",6.5° N,6.75° E,150 m,sandy loams,1296 sqm,2025-03-29,Tomato (Solanum lycopersicum),,,,,,https://doi.org/10.1016/j.agwat.2017.11.019,2025-11-25 04:17:00,8.0,True
1869,Partial Rootzone Drying (PRD),Portugal,,,,,,24 August 2005,Grapevine (Vitis vinifera L.),,"Improved berry quality, higher anthocyanins and total phenols",No significant yield reduction,,Higher water use efficiency (WUE) compared to full irrigation (FI),https://doi.org/10.1111/j.1672-9072.2007.00556.x,2025-11-25 04:23:44,9.0,True
1870,Deficit Irrigation (DI),Portugal,,,,,,24 August 2005,Grapevine (Vitis vinifera L.),,"Improved berry quality, higher anthocyanins and total phenols",No significant yield reduction,,Higher water use efficiency (WUE) compared to full irrigation (FI),https://doi.org/10.1111/j.1672-9072.2007.00556.x,2025-11-25 04:23:44,9.0,True
1871,Full Irrigation (FI),Portugal,,,,,,24 August 2005,Grapevine (Vitis vinifera L.),,,100% ETc,,,https://doi.org/10.1111/j.1672-9072.2007.00556.x,2025-11-25 04:23:44,9.0,True
1872,Regulated Deficit Irrigation (RDI),Portugal,,,,,,24 August 2005,Grapevine (Vitis vinifera L.),,Improved berry quality,Reduced yields depending on timing of application,,Higher water use efficiency (WUE) compared to full irrigation (FI),https://doi.org/10.1111/j.1672-9072.2007.00556.x,2025-11-25 04:23:44,9.0,True
1873,,Portugal,,,,,,,Tomato (Lycopersicon esculentum Mill),,Higher concentrations of soluble sugars and higher color intensity,60% less than control under severe deficit,,,https://doi.org/10.1111/j.1672-9072.2007.00556.x,2025-11-25 04:23:44,9.0,True
1874,Partial Rootzone Drying (PRD),,,,,,,,Potato (Solanum tuberosum L.),,,Maintained tuber yields,,Increased irrigation water use efficiency (IWUE) by 60% compared to full irrigation (FI),https://doi.org/10.1111/j.1672-9072.2007.00556.x,2025-11-25 04:23:44,9.0,True
1875,,Global,,,,,,2015,,,,"1,802,929,008 hectares",,,https://doi.org/10.1080/17538947.2019.1651912,2025-11-25 04:31:22,8.0,True
1876,,USA,,,,,,2015,,,,"42,323,364 hectares",,,https://doi.org/10.1080/17538947.2019.1651912,2025-11-25 04:31:22,8.0,True
1877,,China,,,,,,2015,,,,"131,778,217 hectares",,,https://doi.org/10.1080/17538947.2019.1651912,2025-11-25 04:31:22,8.0,True
1878,,India,,,,,,2015,,,,"132,542,113 hectares",,,https://doi.org/10.1080/17538947.2019.1651912,2025-11-25 04:31:22,8.0,True
1879,,Russia,,,,,,2015,,,,"33,276,856 hectares",,,https://doi.org/10.1080/17538947.2019.1651912,2025-11-25 04:31:22,8.0,True
1880,,Ukraine,,,,,,2015,,,,"30,408,208 hectares",,,https://doi.org/10.1080/17538947.2019.1651912,2025-11-25 04:31:22,8.0,True
1881,,Turkey,,,,,,2015,,,,"19,547,992 hectares",,,https://doi.org/10.1080/17538947.2019.1651912,2025-11-25 04:31:22,8.0,True
1882,,Pakistan,,,,,,2015,,,,"19,127,578 hectares",,,https://doi.org/10.1080/17538947.2019.1651912,2025-11-25 04:31:22,8.0,True
1883,,Brazil,,,,,,2015,,,,"13,135,572 hectares",,,https://doi.org/10.1080/17538947.2019.1651912,2025-11-25 04:31:22,8.0,True
1884,,Argentina,,,,,,2015,,,,"4,869,367 hectares",,,https://doi.org/10.1080/17538947.2019.1651912,2025-11-25 04:31:22,8.0,True
1885,,Egypt,,,,,,2015,,,,"4,249,590 hectares",,,https://doi.org/10.1080/17538947.2019.1651912,2025-11-25 04:31:22,8.0,True
1886,,South Africa,,,,,,2015,,,,"4,080,443 hectares",,,https://doi.org/10.1080/17538947.2019.1651912,2025-11-25 04:31:22,8.0,True
1887,,Nigeria,,,,,,2015,,,,"915,851 hectares",,,https://doi.org/10.1080/17538947.2019.1651912,2025-11-25 04:31:22,8.0,True
1888,,Australia,,,,,,2015,,,,"4,557,947 hectares",,,https://doi.org/10.1080/17538947.2019.1651912,2025-11-25 04:31:22,8.0,True
1889,,Canada,,,,,,2015,,,,"1,038,976 hectares",,,https://doi.org/10.1080/17538947.2019.1651912,2025-11-25 04:31:22,8.0,True
1890,,France,,,,,,2015,,,,"13,519,701 hectares",,,https://doi.org/10.1080/17538947.2019.1651912,2025-11-25 04:31:22,8.0,True
1891,,Italy,,,,,,2015,,,,"5,117,951 hectares",,,https://doi.org/10.1080/17538947.2019.1651912,2025-11-25 04:31:22,8.0,True
1892,,Spain,,,,,,2015,,,,"15,355,735 hectares",,,https://doi.org/10.1080/17538947.2019.1651912,2025-11-25 04:31:22,8.0,True
1893,,Turkey,,,,,,2015,,,,"19,547,992 hectares",,,https://doi.org/10.1080/17538947.2019.1651912,2025-11-25 04:31:22,8.0,True
1894,Sustained Deficit Irrigation (STD) - 1X,"University of Idaho Parma Research and Extension Center, Parma, ID, USA","43°37'7.9716""N","116°12'54.1""W",750 m,sandy loam,,2011,Malbec grapevines (Vitis vinifera L.),,,,,,https://doi.org/10.1007/s00271-008-0141-0,2025-11-25 04:32:27,9.0,True
1895,Sustained Deficit Irrigation (STD) - 3X,"University of Idaho Parma Research and Extension Center, Parma, ID, USA","43°37'7.9716""N","116°12'54.1""W",750 m,sandy loam,,2011,Malbec grapevines (Vitis vinifera L.),,,,,,https://doi.org/10.1007/s00271-008-0141-0,2025-11-25 04:32:27,9.0,True
1896,Sustained Deficit Irrigation (STD) - 1X,"University of Idaho Parma Research and Extension Center, Parma, ID, USA","43°37'7.9716""N","116°12'54.1""W",750 m,sandy loam,,2012,Malbec grapevines (Vitis vinifera L.),,,,,,https://doi.org/10.1007/s00271-008-0141-0,2025-11-25 04:32:27,9.0,True
1897,Sustained Deficit Irrigation (STD) - 3X,"University of Idaho Parma Research and Extension Center, Parma, ID, USA","43°37'7.9716""N","116°12'54.1""W",750 m,sandy loam,,2012,Malbec grapevines (Vitis vinifera L.),,,,,,https://doi.org/10.1007/s00271-008-0141-0,2025-11-25 04:32:27,9.0,True
1898,Sustained Deficit Irrigation (STD) - 1X,"University of Idaho Parma Research and Extension Center, Parma, ID, USA","43°37'7.9716""N","116°12'54.1""W",750 m,sandy loam,,2013,Malbec grapevines (Vitis vinifera L.),,,,,,https://doi.org/10.1007/s00271-008-0141-0,2025-11-25 04:32:27,9.0,True
1899,Sustained Deficit Irrigation (STD) - 3X,"University of Idaho Parma Research and Extension Center, Parma, ID, USA","43°37'7.9716""N","116°12'54.1""W",750 m,sandy loam,,2013,Malbec grapevines (Vitis vinifera L.),,,,,,https://doi.org/10.1007/s00271-008-0141-0,2025-11-25 04:32:27,9.0,True
1900,Sustained Deficit Irrigation (STD50) - 1X,"University of Idaho Parma Research and Extension Center, Parma, ID, USA","43°37'7.9716""N","116°12'54.1""W",750 m,sandy loam,,2011,Malbec grapevines (Vitis vinifera L.),,,,,,https://doi.org/10.1007/s00271-008-0141-0,2025-11-25 04:32:27,9.0,True
1901,Sustained Deficit Irrigation (STD50) - 3X,"University of Idaho Parma Research and Extension Center, Parma, ID, USA","43°37'7.9716""N","116°12'54.1""W",750 m,sandy loam,,2011,Malbec grapevines (Vitis vinifera L.),,,,,,https://doi.org/10.1007/s00271-008-0141-0,2025-11-25 04:32:27,9.0,True
1902,Sustained Deficit Irrigation (STD50) - 1X,"University of Idaho Parma Research and Extension Center, Parma, ID, USA","43°37'7.9716""N","116°12'54.1""W",750 m,sandy loam,,2012,Malbec grapevines (Vitis vinifera L.),,,,,,https://doi.org/10.1007/s00271-008-0141-0,2025-11-25 04:32:27,9.0,True
1903,Sustained Deficit Irrigation (STD50) - 3X,"University of Idaho Parma Research and Extension Center, Parma, ID, USA","43°37'7.9716""N","116°12'54.1""W",750 m,sandy loam,,2012,Malbec grapevines (Vitis vinifera L.),,,,,,https://doi.org/10.1007/s00271-008-0141-0,2025-11-25 04:32:27,9.0,True
1904,Sustained Deficit Irrigation (STD50) - 1X,"University of Idaho Parma Research and Extension Center, Parma, ID, USA","43°37'7.9716""N","116°12'54.1""W",750 m,sandy loam,,2013,Malbec grapevines (Vitis vinifera L.),,,,,,https://doi.org/10.1007/s00271-008-0141-0,2025-11-25 04:32:27,9.0,True
1905,Sustained Deficit Irrigation (STD50) - 3X,"University of Idaho Parma Research and Extension Center, Parma, ID, USA","43°37'7.9716""N","116°12'54.1""W",750 m,sandy loam,,2013,Malbec grapevines (Vitis vinifera L.),,,,,,https://doi.org/10.1007/s00271-008-0141-0,2025-11-25 04:32:27,9.0,True
1906,Deficit irrigation (80% deficit),Global,,,,,,,Maize,,,,,WP increased by 7.1% with no loss of yield,https://doi.org/10.1038/s41598-018-32964-4,2025-11-25 04:34:37,8.0,True
1907,Deficit irrigation (50-80% deficit),Global,,,,,,,Maize,,,Yield decreased by 10.5-20.2%,,WP increased by 4.2-6.9%,https://doi.org/10.1038/s41598-018-32964-4,2025-11-25 04:34:37,8.0,True
1908,Deficit irrigation (30-50% deficit),Global,,,,,,,Maize,,,Yield decreased by 22%,,,https://doi.org/10.1038/s41598-018-32964-4,2025-11-25 04:34:37,8.0,True
1909,Deficit irrigation (<30% deficit),Global,,,,,,,Maize,,,Yield decreased by 29%,,WP decreased by 6.9%,https://doi.org/10.1038/s41598-018-32964-4,2025-11-25 04:34:37,8.0,True
1910,,Asia,,,,,0.05 billion ha,2005,Maize,,,0.20 billion Mg,,95.51 cubic kilometers,https://doi.org/10.1038/s41598-018-32964-4,2025-11-25 04:34:37,8.0,True
1911,,Europe,,,,,0.01 billion ha,2005,Maize,,,0.09 billion Mg,,33.56 cubic kilometers,https://doi.org/10.1038/s41598-018-32964-4,2025-11-25 04:34:37,8.0,True
1912,,Africa,,,,,0.03 billion ha,2005,Maize,,,0.05 billion Mg,,48.43 cubic kilometers,https://doi.org/10.1038/s41598-018-32964-4,2025-11-25 04:34:37,8.0,True
1913,,North America,,,,,0.03 billion ha,2005,Maize,,,0.29 billion Mg,,183.39 cubic kilometers,https://doi.org/10.1038/s41598-018-32964-4,2025-11-25 04:34:37,8.0,True
1914,,South America,,,,,0.02 billion ha,2005,Maize,,,0.06 billion Mg,,30.98 cubic kilometers,https://doi.org/10.1038/s41598-018-32964-4,2025-11-25 04:34:37,8.0,True
1915,,Asia,,,,,0.05 billion ha,2050,Maize,,,0.40 billion Mg,,141.22 cubic kilometers,https://doi.org/10.1038/s41598-018-32964-4,2025-11-25 04:34:37,8.0,True
1916,,Europe,,,,,0.01 billion ha,2050,Maize,,,0.17 billion Mg,,62.49 cubic kilometers,https://doi.org/10.1038/s41598-018-32964-4,2025-11-25 04:34:37,8.0,True
1917,,Africa,,,,,0.03 billion ha,2050,Maize,,,0.10 billion Mg,,39.50 cubic kilometers,https://doi.org/10.1038/s41598-018-32964-4,2025-11-25 04:34:37,8.0,True
1918,,North America,,,,,0.03 billion ha,2050,Maize,,,0.58 billion Mg,,228.70 cubic kilometers,https://doi.org/10.1038/s41598-018-32964-4,2025-11-25 04:34:37,8.0,True
1919,,South America,,,,,0.02 billion ha,2050,Maize,,,0.13 billion Mg,,57.55 cubic kilometers,https://doi.org/10.1038/s41598-018-32964-4,2025-11-25 04:34:37,8.0,True
1920,,Asia,,,,,0.05 billion ha,2050,Maize,,,0.40 billion Mg,,83.07 cubic kilometers,https://doi.org/10.1038/s41598-018-32964-4,2025-11-25 04:34:37,8.0,True
1921,,Europe,,,,,0.01 billion ha,2050,Maize,,,0.17 billion Mg,,36.76 cubic kilometers,https://doi.org/10.1038/s41598-018-32964-4,2025-11-25 04:34:37,8.0,True
1922,,Africa,,,,,0.03 billion ha,2050,Maize,,,0.10 billion Mg,,23.24 cubic kilometers,https://doi.org/10.1038/s41598-018-32964-4,2025-11-25 04:34:37,8.0,True
1923,,North America,,,,,0.03 billion ha,2050,Maize,,,0.58 billion Mg,,134.53 cubic kilometers,https://doi.org/10.1038/s41598-018-32964-4,2025-11-25 04:34:37,8.0,True
1924,,South America,,,,,0.02 billion ha,2050,Maize,,,0.13 billion Mg,,33.85 cubic kilometers,https://doi.org/10.1038/s41598-018-32964-4,2025-11-25 04:34:37,8.0,True
2029,25% field capacity,Horticulture Farm of Lamjung Campus,28°12'N,84°22'E,700 masl,,,June-September 2019,Tomato (Solanum lycopersicum L.),,,140.07 g/plant,,,https://doi.org/10.1016/j.agwat.2004.09.003,2025-11-25 04:39:23,9.0,True
2030,50% field capacity,Horticulture Farm of Lamjung Campus,28°12'N,84°22'E,700 masl,,,June-September 2019,Tomato (Solanum lycopersicum L.),,,,,,https://doi.org/10.1016/j.agwat.2004.09.003,2025-11-25 04:39:23,9.0,True
2031,75% field capacity,Horticulture Farm of Lamjung Campus,28°12'N,84°22'E,700 masl,,,June-September 2019,Tomato (Solanum lycopersicum L.),,,,,,https://doi.org/10.1016/j.agwat.2004.09.003,2025-11-25 04:39:23,9.0,True
2032,100% field capacity,Horticulture Farm of Lamjung Campus,28°12'N,84°22'E,700 masl,,,June-September 2019,Tomato (Solanum lycopersicum L.),,,426.26 g/plant,,,https://doi.org/10.1016/j.agwat.2004.09.003,2025-11-25 04:39:23,9.0,True
2033,deficit irrigation,Montana,,,,,,2014,fenugreek,,,yield and trigonelline production,,,https://doi.org/10.1071/CP17178,2025-11-25 04:42:15,8.0,True
2034,deficit irrigation,Iran,,,,,,2014,milk thistle,,oil content and fatty acid composition,seed yield,,,https://doi.org/10.1071/CP17178,2025-11-25 04:42:15,8.0,True
2035,deficit irrigation,Iran,,,,,,2014,milk thistle,,,flavonolignan production,,,https://doi.org/10.1071/CP17178,2025-11-25 04:42:15,8.0,True
2036,deficit irrigation,Montana,,,,,,2014,grain sorghum,,,,,,https://doi.org/10.1071/CP17178,2025-11-25 04:42:15,8.0,True
2037,deficit irrigation,Iran,,,,,,2014,turnip,,forage quality,yield,,,https://doi.org/10.1071/CP17178,2025-11-25 04:42:15,8.0,True
2038,deficit irrigation,Iran,,,,,,2014,turnip,,,yield,,,https://doi.org/10.1071/CP17178,2025-11-25 04:42:15,8.0,True
2071,Growth stage-based deficit irrigation (Lveg and Mat),"Greeley, CO",40°26´57˝ N,104°38´12˝ W,1427 m,sandy and fine sandy loam,,2012,Zea mays L.,80496,,15.73 Mg ha–1,,,https://doi.org/10.1016/j.fcr.2004.01.005,2025-11-25 04:49:07,9.0,True
2072,Growth stage-based deficit irrigation (Lveg and Mat),"Greeley, CO",40°26´57˝ N,104°38´12˝ W,1427 m,sandy and fine sandy loam,,2013,Zea mays L.,77665,,12.67 Mg ha–1,,,https://doi.org/10.1016/j.fcr.2004.01.005,2025-11-25 04:49:07,9.0,True
2073,Growth stage-based deficit irrigation (Lveg and Mat),"Greeley, CO",40°26´57˝ N,104°38´12˝ W,1427 m,sandy and fine sandy loam,,2015,Zea mays L.,82570,,8.10 Mg ha–1,,,https://doi.org/10.1016/j.fcr.2004.01.005,2025-11-25 04:49:07,9.0,True
2074,,"Greeley, CO",40°26´57˝ N,104°38´12˝ W,1427 m,sandy and fine sandy loam,,2012,Zea mays L.,80496,,,,0.43 g °C –1,https://doi.org/10.1016/j.fcr.2004.01.005,2025-11-25 04:49:07,9.0,True
2075,,"Greeley, CO",40°26´57˝ N,104°38´12˝ W,1427 m,sandy and fine sandy loam,,2013,Zea mays L.,77665,,,,0.43 g °C –1,https://doi.org/10.1016/j.fcr.2004.01.005,2025-11-25 04:49:07,9.0,True
2076,,"Greeley, CO",40°26´57˝ N,104°38´12˝ W,1427 m,sandy and fine sandy loam,,2015,Zea mays L.,82570,,,,0.43 g °C –1,https://doi.org/10.1016/j.fcr.2004.01.005,2025-11-25 04:49:07,9.0,True
2081,Low Stress (LS),"Golmekan, Iran",36°29'N,59°17'E,1176 m,sandy loam,,2011,Prunus persica L. (cv. Elberta),,,,,,https://doi.org/10.1016/j.compag.2015.03.004,2025-11-25 04:58:04,9.0,True
2082,Moderate Stress (MS),"Golmekan, Iran",36°29'N,59°17'E,1176 m,sandy loam,,2011,Prunus persica L. (cv. Elberta),,,,,,https://doi.org/10.1016/j.compag.2015.03.004,2025-11-25 04:58:04,9.0,True
2083,Severe Stress (SS),"Golmekan, Iran",36°29'N,59°17'E,1176 m,sandy loam,,2011,Prunus persica L. (cv. Elberta),,,,,,https://doi.org/10.1016/j.compag.2015.03.004,2025-11-25 04:58:04,9.0,True
2084,No Stress (NS),"Golmekan, Iran",36°29'N,59°17'E,1176 m,sandy loam,,2011,Prunus persica L. (cv. Elberta),,,,,,https://doi.org/10.1016/j.compag.2015.03.004,2025-11-25 04:58:04,9.0,True
2085,Fully irrigated,"Valu lui Traian, Dobrogea, Romania",,,,loamy,,2009-2011,Prunus persica (L.) Batsch,,,Higher yield compared to T2 and T3,,43-144 kg mm-1 of irrigation water,https://doi.org/10.1016/j.agwat.2008.03.003,2025-11-25 04:59:03,9.0,True
2086,Deficit irrigation,"Valu lui Traian, Dobrogea, Romania",,,,loamy,,2009-2011,Prunus persica (L.) Batsch,,,Higher yield compared to T3,,50-212 kg mm-1 of irrigation water,https://doi.org/10.1016/j.agwat.2008.03.003,2025-11-25 04:59:03,9.0,True
2087,Non-irrigated control,"Valu lui Traian, Dobrogea, Romania",,,,loamy,,2009-2011,Prunus persica (L.) Batsch,,,Lowest yield,,,https://doi.org/10.1016/j.agwat.2008.03.003,2025-11-25 04:59:03,9.0,True
2088,regulated deficit irrigation (RDI),"Alcamo D.O.C. area, Sicily, Italy",37.55011,13.07001,300 m,entisol,,2005,Nero d’Avola,,,2.41 kg/vine,,,https://doi.org/10.3390/plants10040641,2025-11-25 04:59:57,9.0,True
2089,regulated deficit irrigation (RDI),"Alcamo D.O.C. area, Sicily, Italy",37.55011,13.07001,300 m,vertisol,,2005,Nero d’Avola,,,3.36 kg/vine,,,https://doi.org/10.3390/plants10040641,2025-11-25 04:59:57,9.0,True
2090,rain-fed,"Alcamo D.O.C. area, Sicily, Italy",37.55011,13.07001,300 m,entisol,,2005,Nero d’Avola,,,2.68 kg/vine,,,https://doi.org/10.3390/plants10040641,2025-11-25 04:59:57,9.0,True
2091,rain-fed,"Alcamo D.O.C. area, Sicily, Italy",37.55011,13.07001,300 m,vertisol,,2005,Nero d’Avola,,,3.09 kg/vine,,,https://doi.org/10.3390/plants10040641,2025-11-25 04:59:57,9.0,True
2092,regulated deficit irrigation (RDI),"Alcamo D.O.C. area, Sicily, Italy",37.55011,13.07001,300 m,entisol,,2006,Nero d’Avola,,,2.41 kg/vine,,,https://doi.org/10.3390/plants10040641,2025-11-25 04:59:57,9.0,True
2093,regulated deficit irrigation (RDI),"Alcamo D.O.C. area, Sicily, Italy",37.55011,13.07001,300 m,vertisol,,2006,Nero d’Avola,,,3.36 kg/vine,,,https://doi.org/10.3390/plants10040641,2025-11-25 04:59:57,9.0,True
2094,rain-fed,"Alcamo D.O.C. area, Sicily, Italy",37.55011,13.07001,300 m,entisol,,2006,Nero d’Avola,,,2.68 kg/vine,,,https://doi.org/10.3390/plants10040641,2025-11-25 04:59:57,9.0,True
2095,rain-fed,"Alcamo D.O.C. area, Sicily, Italy",37.55011,13.07001,300 m,vertisol,,2006,Nero d’Avola,,,3.09 kg/vine,,,https://doi.org/10.3390/plants10040641,2025-11-25 04:59:57,9.0,True
2096,100% evapotranspiration (ETP),"Avignon, France",43.54,4.87,,,,May to August 2016,Solanum lycopersicum,1800,,average 2636 g plant−1 or 87 t ha−1,,25 to 29 kg m−3,https://doi.org/10.1080/14620316.2014.11513097,2025-11-25 05:01:25,9.0,True
2097,Water deficit (60% ETP),"Avignon, France",43.54,4.87,,,,May to August 2016,Solanum lycopersicum,1800,,,,33 to 41 kg m−3,https://doi.org/10.1080/14620316.2014.11513097,2025-11-25 05:01:25,9.0,True
2098,100% evapotranspiration (ETP),"Avignon, France",43.54,4.87,,,,May to August 2016,Solanum lycopersicum,18,,,,38 to 50 kg m−3,https://doi.org/10.1080/14620316.2014.11513097,2025-11-25 05:01:25,9.0,True
2099,Water deficit (50% ETP),"Avignon, France",43.54,4.87,,,,May to August 2016,Solanum lycopersicum,18,,,,,https://doi.org/10.1080/14620316.2014.11513097,2025-11-25 05:01:25,9.0,True
2100,Deficit Irrigation (100% ETc) with Manure,"University of Cape Coast, Ghana",,,,sandy clayey loam,,,Onion (Allium cepa L.),12,,71.9 g,,,https://doi.org/10.1061/(asce)ir.1943-4774.0001529,2025-11-25 05:04:02,9.0,True
2101,Deficit Irrigation (75% ETc) with Manure,"University of Cape Coast, Ghana",,,,sandy clayey loam,,,Onion (Allium cepa L.),12,,43.6 g,,0.21 g/mm,https://doi.org/10.1061/(asce)ir.1943-4774.0001529,2025-11-25 05:04:02,9.0,True
2102,Deficit Irrigation (50% ETc) with Manure,"University of Cape Coast, Ghana",,,,sandy clayey loam,,,Onion (Allium cepa L.),12,,39.5 g,,0.25 g/mm,https://doi.org/10.1061/(asce)ir.1943-4774.0001529,2025-11-25 05:04:02,9.0,True
2103,Deficit Irrigation (100% ETc) without Manure,"University of Cape Coast, Ghana",,,,sandy clayey loam,,,Onion (Allium cepa L.),12,,35.0 g,,0.11 g/mm,https://doi.org/10.1061/(asce)ir.1943-4774.0001529,2025-11-25 05:04:02,9.0,True
2104,Deficit Irrigation (75% ETc) without Manure,"University of Cape Coast, Ghana",,,,sandy clayey loam,,,Onion (Allium cepa L.),12,,25.8 g,,0.13 g/mm,https://doi.org/10.1061/(asce)ir.1943-4774.0001529,2025-11-25 05:04:02,9.0,True
2105,Deficit Irrigation (50% ETc) without Manure,"University of Cape Coast, Ghana",,,,sandy clayey loam,,,Onion (Allium cepa L.),12,,22.1 g,,0.14 g/mm,https://doi.org/10.1061/(asce)ir.1943-4774.0001529,2025-11-25 05:04:02,9.0,True
2106,,Región de Murcia,,,,,,,hortofrutícolas,,,ahorros significativos de agua de riego,,incremento de la eficiencia del uso de agua de riego,https://doi.org/10.3390/w14081311,2025-11-25 05:05:09,8.0,True
2107,Deficit Irrigation,Región de Murcia,,,,,,,cultivos hortofrutícolas,,,,,,https://doi.org/10.3390/w14081311,2025-11-25 05:05:09,8.0,True
2108,Riego Deficitario Controlado,Región de Murcia,,,,,,,cultivos hortofrutícolas,,,,,,https://doi.org/10.3390/w14081311,2025-11-25 05:05:09,8.0,True
2109,Desecación Parcial del Sistema Radicular,Región de Murcia,,,,,,,cultivos hortofrutícolas,,,,,,https://doi.org/10.3390/w14081311,2025-11-25 05:05:09,8.0,True
2110,Riego Deficitario Sostenido,Región de Murcia,,,,,,,cultivos hortofrutícolas,,,,,,https://doi.org/10.3390/w14081311,2025-11-25 05:05:09,8.0,True
2129,Double-line drip irrigation (DI) 100% of ETc,"Oued Souhil, Nabeul, Tunisia",32°37’03’’ N,10°42’22’’ E,25 m a.s.l.,sandy loam,0.26 ha,2023,"Washington Naval orange (Citrus sinensis L., Osbeck)",,,123.56 kg tree-1,2.5 m,6.80 kg m-3,https://doi.org/10.1016/j.agwat.2017.08.015,2025-11-25 05:12:21,9.0,True
2130,Deficit irrigation (DI) 75% of ETc,"Oued Souhil, Nabeul, Tunisia",32°37’03’’ N,10°42’22’’ E,25 m a.s.l.,sandy loam,0.26 ha,2023,"Washington Naval orange (Citrus sinensis L., Osbeck)",,,81.26 kg tree-1,2.5 m,5.14 kg m-3,https://doi.org/10.1016/j.agwat.2017.08.015,2025-11-25 05:12:21,9.0,True
2131,Deficit irrigation (DI) 50% of ETc,"Oued Souhil, Nabeul, Tunisia",32°37’03’’ N,10°42’22’’ E,25 m a.s.l.,sandy loam,0.26 ha,2023,"Washington Naval orange (Citrus sinensis L., Osbeck)",,,86.2 kg tree-1,2.5 m,6.31 kg m-3,https://doi.org/10.1016/j.agwat.2017.08.015,2025-11-25 05:12:21,9.0,True
2132,Deficit irrigation (DI) 25% of ETc,"Oued Souhil, Nabeul, Tunisia",32°37’03’’ N,10°42’22’’ E,25 m a.s.l.,sandy loam,0.26 ha,2023,"Washington Naval orange (Citrus sinensis L., Osbeck)",,,70.56 kg tree-1,2.5 m,6.33 kg m-3,https://doi.org/10.1016/j.agwat.2017.08.015,2025-11-25 05:12:21,9.0,True
2133,Partial root-zone drying (PRD) 100% of ETc,"Oued Souhil, Nabeul, Tunisia",32°37’03’’ N,10°42’22’’ E,25 m a.s.l.,sandy loam,0.26 ha,2023,"Washington Naval orange (Citrus sinensis L., Osbeck)",,,111.82 kg tree-1,2.5 m,6.03 kg m-3,https://doi.org/10.1016/j.agwat.2017.08.015,2025-11-25 05:12:21,9.0,True
2134,Partial root-zone drying (PRD) 75% of ETc,"Oued Souhil, Nabeul, Tunisia",32°37’03’’ N,10°42’22’’ E,25 m a.s.l.,sandy loam,0.26 ha,2023,"Washington Naval orange (Citrus sinensis L., Osbeck)",,,85.6 kg tree-1,2.5 m,5.28 kg m-3,https://doi.org/10.1016/j.agwat.2017.08.015,2025-11-25 05:12:21,9.0,True
2135,Partial root-zone drying (PRD) 50% of ETc,"Oued Souhil, Nabeul, Tunisia",32°37’03’’ N,10°42’22’’ E,25 m a.s.l.,sandy loam,0.26 ha,2023,"Washington Naval orange (Citrus sinensis L., Osbeck)",,,120.5 kg tree-1,2.5 m,8.6 kg m-3,https://doi.org/10.1016/j.agwat.2017.08.015,2025-11-25 05:12:21,9.0,True
2136,Partial root-zone drying (PRD) 25% of ETc,"Oued Souhil, Nabeul, Tunisia",32°37’03’’ N,10°42’22’’ E,25 m a.s.l.,sandy loam,0.26 ha,2023,"Washington Naval orange (Citrus sinensis L., Osbeck)",,,81.25 kg tree-1,2.5 m,6.9 kg m-3,https://doi.org/10.1016/j.agwat.2017.08.015,2025-11-25 05:12:21,9.0,True
2145,Control (100% ETc),"Hellín, Albacete, Spain",38.3803,-1.5089,,loam,2.1 ha,2018,Prunus dulcis var. Belona,20,,,2.5-3 m,,https://doi.org/10.3390/agronomy10050733,2025-11-25 05:15:02,8.0,True
2146,"SDIM-BS (67% ETc, Bare Soil)","Hellín, Albacete, Spain",38.3803,-1.5089,,loam,2.1 ha,2018,Prunus dulcis var. Belona,20,,,2.5-3 m,,https://doi.org/10.3390/agronomy10050733,2025-11-25 05:15:02,8.0,True
2147,"SDIM-VC (67% ETc, Vegetation Cover)","Hellín, Albacete, Spain",38.3803,-1.5089,,loam,2.1 ha,2018,Prunus dulcis var. Belona,20,,,2.5-3 m,,https://doi.org/10.3390/agronomy10050733,2025-11-25 05:15:02,8.0,True
2148,"SDIS-BS (33% ETc, Bare Soil)","Hellín, Albacete, Spain",38.3803,-1.5089,,loam,2.1 ha,2018,Prunus dulcis var. Belona,20,,,2.5-3 m,,https://doi.org/10.3390/agronomy10050733,2025-11-25 05:15:02,8.0,True
2149,"SDIS-VC (33% ETc, Vegetation Cover)","Hellín, Albacete, Spain",38.3803,-1.5089,,loam,2.1 ha,2018,Prunus dulcis var. Belona,20,,,2.5-3 m,,https://doi.org/10.3390/agronomy10050733,2025-11-25 05:15:02,8.0,True
2150,Control (100% ETc),"Hellín, Albacete, Spain",38.3803,-1.5089,,loam,2.1 ha,2019,Prunus dulcis var. Belona,20,,,2.5-3 m,,https://doi.org/10.3390/agronomy10050733,2025-11-25 05:15:02,8.0,True
2151,"SDIM-BS (67% ETc, Bare Soil)","Hellín, Albacete, Spain",38.3803,-1.5089,,loam,2.1 ha,2019,Prunus dulcis var. Belona,20,,,2.5-3 m,,https://doi.org/10.3390/agronomy10050733,2025-11-25 05:15:02,8.0,True
2152,"SDIM-VC (67% ETc, Vegetation Cover)","Hellín, Albacete, Spain",38.3803,-1.5089,,loam,2.1 ha,2019,Prunus dulcis var. Belona,20,,,2.5-3 m,,https://doi.org/10.3390/agronomy10050733,2025-11-25 05:15:02,8.0,True
2153,"SDIS-BS (33% ETc, Bare Soil)","Hellín, Albacete, Spain",38.3803,-1.5089,,loam,2.1 ha,2019,Prunus dulcis var. Belona,20,,,2.5-3 m,,https://doi.org/10.3390/agronomy10050733,2025-11-25 05:15:02,8.0,True
2154,"SDIS-VC (33% ETc, Vegetation Cover)","Hellín, Albacete, Spain",38.3803,-1.5089,,loam,2.1 ha,2019,Prunus dulcis var. Belona,20,,,2.5-3 m,,https://doi.org/10.3390/agronomy10050733,2025-11-25 05:15:02,8.0,True
2155,Control (100% ETc),"Hellín, Albacete, Spain",38.3803,-1.5089,,loam,2.1 ha,2020,Prunus dulcis var. Belona,20,,,2.5-3 m,,https://doi.org/10.3390/agronomy10050733,2025-11-25 05:15:02,8.0,True
2156,"SDIM-BS (67% ETc, Bare Soil)","Hellín, Albacete, Spain",38.3803,-1.5089,,loam,2.1 ha,2020,Prunus dulcis var. Belona,20,,,2.5-3 m,,https://doi.org/10.3390/agronomy10050733,2025-11-25 05:15:02,8.0,True
2157,"SDIM-VC (67% ETc, Vegetation Cover)","Hellín, Albacete, Spain",38.3803,-1.5089,,loam,2.1 ha,2020,Prunus dulcis var. Belona,20,,,2.5-3 m,,https://doi.org/10.3390/agronomy10050733,2025-11-25 05:15:02,8.0,True
2158,"SDIS-BS (33% ETc, Bare Soil)","Hellín, Albacete, Spain",38.3803,-1.5089,,loam,2.1 ha,2020,Prunus dulcis var. Belona,20,,,2.5-3 m,,https://doi.org/10.3390/agronomy10050733,2025-11-25 05:15:02,8.0,True
2159,"SDIS-VC (33% ETc, Vegetation Cover)","Hellín, Albacete, Spain",38.3803,-1.5089,,loam,2.1 ha,2020,Prunus dulcis var. Belona,20,,,2.5-3 m,,https://doi.org/10.3390/agronomy10050733,2025-11-25 05:15:02,8.0,True
2160,Drip-tape irrigation system,"Research Farm of the University of Kurdistan, Iran",18.35 N,18.47 E,1866 m,Clay loam,,2021-2022,Quinoa (Chenopodium quinoa),,,1784.01 kg ha−1,,,https://doi.org/10.1016/j.apsoil.2021.104134,2025-11-25 05:17:26,8.0,True
2161,Drip-tape irrigation system,"Research Farm of the University of Kurdistan, Iran",18.35 N,18.47 E,1866 m,Clay loam,,2021-2022,Quinoa (Chenopodium quinoa),,,2131.51 kg ha−1,,,https://doi.org/10.1016/j.apsoil.2021.104134,2025-11-25 05:17:26,8.0,True
2162,Drip-tape irrigation system,"Research Farm of the University of Kurdistan, Iran",18.35 N,18.47 E,1866 m,Clay loam,,2021-2022,Quinoa (Chenopodium quinoa),,,1065.91 kg ha−1,,,https://doi.org/10.1016/j.apsoil.2021.104134,2025-11-25 05:17:26,8.0,True
2163,Drip-tape irrigation system,"Research Farm of the University of Kurdistan, Iran",18.35 N,18.47 E,1866 m,Clay loam,,2021-2022,Quinoa (Chenopodium quinoa),,,1284.15 kg ha−1,,,https://doi.org/10.1016/j.apsoil.2021.104134,2025-11-25 05:17:26,8.0,True
2164,Drip-tape irrigation system,"Research Farm of the University of Kurdistan, Iran",18.35 N,18.47 E,1866 m,Clay loam,,2021-2022,Quinoa (Chenopodium quinoa),,,1987.17 kg ha−1,,,https://doi.org/10.1016/j.apsoil.2021.104134,2025-11-25 05:17:26,8.0,True
2165,Drip-tape irrigation system,"Research Farm of the University of Kurdistan, Iran",18.35 N,18.47 E,1866 m,Clay loam,,2021-2022,Quinoa (Chenopodium quinoa),,,1441.53 kg ha−1,,,https://doi.org/10.1016/j.apsoil.2021.104134,2025-11-25 05:17:26,8.0,True
2166,Drip-tape irrigation system,"Research Farm of the University of Kurdistan, Iran",18.35 N,18.47 E,1866 m,Clay loam,,2021-2022,Quinoa (Chenopodium quinoa),,,1540.37 kg ha−1,,,https://doi.org/10.1016/j.apsoil.2021.104134,2025-11-25 05:17:26,8.0,True
2167,Drip-tape irrigation system,"Research Farm of the University of Kurdistan, Iran",18.35 N,18.47 E,1866 m,Clay loam,,2021-2022,Quinoa (Chenopodium quinoa),,,1702.83 kg ha−1,,,https://doi.org/10.1016/j.apsoil.2021.104134,2025-11-25 05:17:26,8.0,True
2168,Drip-tape irrigation system,"Research Farm of the University of Kurdistan, Iran",18.35 N,18.47 E,1866 m,Clay loam,,2021-2022,Quinoa (Chenopodium quinoa),,,1784.01 kg ha−1,,,https://doi.org/10.1016/j.apsoil.2021.104134,2025-11-25 05:17:26,8.0,True
2169,Drip-tape irrigation system,"Research Farm of the University of Kurdistan, Iran",18.35 N,18.47 E,1866 m,Clay loam,,2021-2022,Quinoa (Chenopodium quinoa),,,1784.01 kg ha−1,,,https://doi.org/10.1016/j.apsoil.2021.104134,2025-11-25 05:17:26,8.0,True
2170,Drip irrigation,"Maui, Hawaii, USA",20.784664,156.403869,203,silty clay loam,99.1 ha,28 March 2011,Sugarcane (Saccharum officinarum L.),,,,3.97 m,,https://doi.org/10.1061/(asce)0733-9437(1984)110:4(343),2025-11-25 05:18:25,8.0,True
2171,Drip irrigation,"Maui, Hawaii, USA",20.824633,156.491278,44,sandy clay loam,62.6 ha,11 May 2011,Sugarcane (Saccharum officinarum L.),,,,4.09 m,,https://doi.org/10.1061/(asce)0733-9437(1984)110:4(343),2025-11-25 05:18:25,8.0,True
2201,Deficit Irrigation at 60% of ETc,"San Vicente sector, Maturín municipality, Monagas state, Venezuela","9° 44' 37"" North","63° 15' 59"" West",51 meters,sandy loam,,January to June 2020,Capsicum chinense,,"Length: 2.80 to 3.39 cm, Diameter: 2.53 to 3.05 cm, Thickness: 1.98 to 2.18 mm",303.08 to 336.82 g plant-1,,,https://doi.org/10.1016/j.scienta.2020.109880,2025-11-25 05:33:24,9.0,True
2202,Deficit Irrigation at 80% of ETc,"San Vicente sector, Maturín municipality, Monagas state, Venezuela","9° 44' 37"" North","63° 15' 59"" West",51 meters,sandy loam,,January to June 2020,Capsicum chinense,,"Length: 3.14 cm, Diameter: 2.77 cm, Thickness: 2.07 mm",330.89 g plant-1,,,https://doi.org/10.1016/j.scienta.2020.109880,2025-11-25 05:33:24,9.0,True
2203,Deficit Irrigation at 100% of ETc,"San Vicente sector, Maturín municipality, Monagas state, Venezuela","9° 44' 37"" North","63° 15' 59"" West",51 meters,sandy loam,,January to June 2020,Capsicum chinense,,"Length: 3.31 cm, Diameter: 2.90 cm, Thickness: 2.13 mm",339.29 g plant-1,,,https://doi.org/10.1016/j.scienta.2020.109880,2025-11-25 05:33:24,9.0,True
2204,Deficit Irrigation at 120% of ETc,"San Vicente sector, Maturín municipality, Monagas state, Venezuela","9° 44' 37"" North","63° 15' 59"" West",51 meters,sandy loam,,January to June 2020,Capsicum chinense,,"Length: 3.39 cm, Diameter: 3.05 cm, Thickness: 2.18 mm",336.82 g plant-1,,,https://doi.org/10.1016/j.scienta.2020.109880,2025-11-25 05:33:24,9.0,True
2205,Irrigation frequency of 4 days,"Bogota, Colombia","4º38'7"" N","74º5'20"" W",2556 m,,,19 weeks after transplanting,Physalis peruviana L.,,"TSS 17.22±0.44 Brix, TTA 2.13%",,,,https://doi.org/10.1016/S2095-3119(16)61571-X,2025-11-25 05:37:25,9.0,True
2206,Irrigation frequency of 9 days,"Bogota, Colombia","4º38'7"" N","74º5'20"" W",2556 m,,,19 weeks after transplanting,Physalis peruviana L.,,"TSS 17.06±0.36 Brix, TTA 2.16%",,,,https://doi.org/10.1016/S2095-3119(16)61571-X,2025-11-25 05:37:25,9.0,True
2207,Irrigation frequency of 14 days,"Bogota, Colombia","4º38'7"" N","74º5'20"" W",2556 m,,,19 weeks after transplanting,Physalis peruviana L.,,"TSS 18.54±0.30 Brix, TTA 2.16%",,,,https://doi.org/10.1016/S2095-3119(16)61571-X,2025-11-25 05:37:25,9.0,True
2208,Irrigation coefficient 0.7,"Bogota, Colombia","4º38'7"" N","74º5'20"" W",2556 m,,,19 weeks after transplanting,Physalis peruviana L.,,"TSS 18.73±0.30, TTA 2.42%",,,,https://doi.org/10.1016/S2095-3119(16)61571-X,2025-11-25 05:37:25,9.0,True
2209,Irrigation coefficient 0.9,"Bogota, Colombia","4º38'7"" N","74º5'20"" W",2556 m,,,19 weeks after transplanting,Physalis peruviana L.,,"TSS 17.75±0.50, TTA 2.35%",,,,https://doi.org/10.1016/S2095-3119(16)61571-X,2025-11-25 05:37:25,9.0,True
2210,Irrigation coefficient 1.1,"Bogota, Colombia","4º38'7"" N","74º5'20"" W",2556 m,,,19 weeks after transplanting,Physalis peruviana L.,,"TSS 16.80±0.42, TTA 2.18%",,,,https://doi.org/10.1016/S2095-3119(16)61571-X,2025-11-25 05:37:25,9.0,True
2211,Irrigation coefficient 1.3,"Bogota, Colombia","4º38'7"" N","74º5'20"" W",2556 m,,,19 weeks after transplanting,Physalis peruviana L.,,"TSS 17.15±0.44, TTA 2.11%",,,,https://doi.org/10.1016/S2095-3119(16)61571-X,2025-11-25 05:37:25,9.0,True
2212,,"Bogota, Colombia","4º38'7"" N","74º5'20"" W",2556 m,,,19 weeks after transplanting,Physalis peruviana L.,,"Firmness of healthy fruits 9.91 N, Firmness of cracked fruits 6.64 N",,,,https://doi.org/10.1016/S2095-3119(16)61571-X,2025-11-25 05:37:25,9.0,True
2254,Variable Rate Irrigation (VRI),"Scottsbluff, Nebraska, U.S.",41.893036,-103.684017,1189m,very fine sandy loam,,2021,Dry Edible Beans (Phaseolus vulgaris),"230,796 plants/ha",,2.5±0.5 Mgha⁻¹,,,https://doi.org/10.1007/s00271-010-0220-x,2025-11-25 05:47:42,9.0,True
2255,Variable Rate Irrigation (VRI),"Scottsbluff, Nebraska, U.S.",41.893036,-103.684017,1189m,very fine sandy loam,,2022,Dry Edible Beans (Phaseolus vulgaris),"230,796 plants/ha",,1.2±0.5 Mgha⁻¹,,14.1±15.3 gm²,https://doi.org/10.1007/s00271-010-0220-x,2025-11-25 05:47:42,9.0,True
2256,Variable Rate Irrigation (VRI),"Scottsbluff, Nebraska, U.S.",41.893036,-103.684017,1189m,very fine sandy loam,,2023,Dry Edible Beans (Phaseolus vulgaris),"230,796 plants/ha",,1.5±0.8 Mgha⁻¹,,20.8±1.6 gm²,https://doi.org/10.1007/s00271-010-0220-x,2025-11-25 05:47:42,9.0,True
2257,Deficit Irrigation (25% reduction),"Scottsbluff, Nebraska, U.S.",41.893036,-103.684017,1189m,very fine sandy loam,,2021,Dry Edible Beans (Phaseolus vulgaris),"230,796 plants/ha",,3.0±0.6 Mgha⁻¹,,4.4±0.9 kgm³,https://doi.org/10.1007/s00271-010-0220-x,2025-11-25 05:47:42,9.0,True
2258,Deficit Irrigation (25% reduction),"Scottsbluff, Nebraska, U.S.",41.893036,-103.684017,1189m,very fine sandy loam,,2022,Dry Edible Beans (Phaseolus vulgaris),"230,796 plants/ha",,2.1±0.5 Mgha⁻¹,,17.1±3.9 kgm³,https://doi.org/10.1007/s00271-010-0220-x,2025-11-25 05:47:42,9.0,True
2259,Deficit Irrigation (25% reduction),"Scottsbluff, Nebraska, U.S.",41.893036,-103.684017,1189m,very fine sandy loam,,2023,Dry Edible Beans (Phaseolus vulgaris),"230,796 plants/ha",,1.8±1.0 Mgha⁻¹,,17.1±3.9 kgm³,https://doi.org/10.1007/s00271-010-0220-x,2025-11-25 05:47:42,9.0,True
2260,Full Irrigation Treatment (FIT),"Scottsbluff, Nebraska, U.S.",41.893036,-103.684017,1189m,very fine sandy loam,,2021,Dry Edible Beans (Phaseolus vulgaris),"230,796 plants/ha",,3.8±0.5 Mgha⁻¹,,1.7±0.3 kgm³,https://doi.org/10.1007/s00271-010-0220-x,2025-11-25 05:47:42,9.0,True
2261,Full Irrigation Treatment (FIT),"Scottsbluff, Nebraska, U.S.",41.893036,-103.684017,1189m,very fine sandy loam,,2022,Dry Edible Beans (Phaseolus vulgaris),"230,796 plants/ha",,2.8±0.2 Mgha⁻¹,,0.5±0.1 kgm³,https://doi.org/10.1007/s00271-010-0220-x,2025-11-25 05:47:42,9.0,True
2262,Full Irrigation Treatment (FIT),"Scottsbluff, Nebraska, U.S.",41.893036,-103.684017,1189m,very fine sandy loam,,2023,Dry Edible Beans (Phaseolus vulgaris),"230,796 plants/ha",,3.1±0.5 Mgha⁻¹,,20.8±2.3 kgm³,https://doi.org/10.1007/s00271-010-0220-x,2025-11-25 05:47:42,9.0,True
2263,Over-irrigation (125%),"Scottsbluff, Nebraska, U.S.",41.893036,-103.684017,1189m,very fine sandy loam,,2021,Dry Edible Beans (Phaseolus vulgaris),"230,796 plants/ha",,3.9±0.6 Mgha⁻¹,,0.6±0.0 kgm³,https://doi.org/10.1007/s00271-010-0220-x,2025-11-25 05:47:42,9.0,True
2264,Over-irrigation (125%),"Scottsbluff, Nebraska, U.S.",41.893036,-103.684017,1189m,very fine sandy loam,,2022,Dry Edible Beans (Phaseolus vulgaris),"230,796 plants/ha",,3.0±0.2 Mgha⁻¹,,0.4±0.1 kgm³,https://doi.org/10.1007/s00271-010-0220-x,2025-11-25 05:47:42,9.0,True
2265,Over-irrigation (125%),"Scottsbluff, Nebraska, U.S.",41.893036,-103.684017,1189m,very fine sandy loam,,2023,Dry Edible Beans (Phaseolus vulgaris),"230,796 plants/ha",,2.6±1.0 Mgha⁻¹,,18.9±1.8 kgm³,https://doi.org/10.1007/s00271-010-0220-x,2025-11-25 05:47:42,9.0,True
2266,Over-irrigation (150%),"Scottsbluff, Nebraska, U.S.",41.893036,-103.684017,1189m,very fine sandy loam,,2021,Dry Edible Beans (Phaseolus vulgaris),"230,796 plants/ha",,4.1±0.5 Mgha⁻¹,,0.6±0.2 kgm³,https://doi.org/10.1007/s00271-010-0220-x,2025-11-25 05:47:42,9.0,True
2267,Over-irrigation (150%),"Scottsbluff, Nebraska, U.S.",41.893036,-103.684017,1189m,very fine sandy loam,,2022,Dry Edible Beans (Phaseolus vulgaris),"230,796 plants/ha",,2.8±0.5 Mgha⁻¹,,0.3±0.1 kgm³,https://doi.org/10.1007/s00271-010-0220-x,2025-11-25 05:47:42,9.0,True
2268,Over-irrigation (150%),"Scottsbluff, Nebraska, U.S.",41.893036,-103.684017,1189m,very fine sandy loam,,2023,Dry Edible Beans (Phaseolus vulgaris),"230,796 plants/ha",,3.6±0.8 Mgha⁻¹,,17.0±4.0 kgm³,https://doi.org/10.1007/s00271-010-0220-x,2025-11-25 05:47:42,9.0,True
2269,100% Maximum Allowable Depletion (MAD),"Gordena Irrigation Scheme, Belela Kebele, Tembaro Special District, Kembata Tembaro Zone, Southern Ethiopia",07.217°,037.595°E,1459 m,clay loam,,,hot pepper (local variety),,,96.67 Qt/ha,62.33 cm,2.21 kg/m3,https://doi.org/10.1080/23311932.2024.2313045,2025-11-25 05:48:41,9.0,True
2270,Farmers practice,"Gordena Irrigation Scheme, Belela Kebele, Tembaro Special District, Kembata Tembaro Zone, Southern Ethiopia",07.217°,037.595°E,1459 m,clay loam,,,hot pepper (local variety),,,88.00 Qt/ha,57.33 cm,1.62 kg/m3,https://doi.org/10.1080/23311932.2024.2313045,2025-11-25 05:48:41,9.0,True
2274,,Kansas,,,,,,2021-06-02,corn,,,,,,https://doi.org/10.13031/trans.59.11706,2025-11-25 05:56:07,8.0,True
2275,Managed Deficit Irrigation,Western U.S.,,,,,,2021-06-02,corn,,,,,,https://doi.org/10.13031/trans.59.11706,2025-11-25 05:56:07,8.0,True
2276,Irrigator Pro,Mississippi,,,,,,2021-06-02,peanuts,,,,,,https://doi.org/10.13031/trans.59.11706,2025-11-25 05:56:07,8.0,True
2277,Irrigation Scheduling Supervisory Control and Data Acquisition (ISSCADA),Texas High Plains,,,,,,2021-06-02,potatoes,,,,,,https://doi.org/10.13031/trans.59.11706,2025-11-25 05:56:07,8.0,True
2278,Irrigation Scheduling Supervisory Control and Data Acquisition (ISSCADA),Mississippi,,,,,,2021-06-02,soybeans,,,,,,https://doi.org/10.13031/trans.59.11706,2025-11-25 05:56:07,8.0,True
2279,Variable-Rate Irrigation (VRI),U.S. Eastern Coastal Plain,,,,,,2021-06-02,corn,,,,,,https://doi.org/10.13031/trans.59.11706,2025-11-25 05:56:07,8.0,True
2280,Rainwater Harvesting,Tennessee,,,,,,2021-06-02,high tunnels,,,,,,https://doi.org/10.13031/trans.59.11706,2025-11-25 05:56:07,8.0,True
2281,Drainage Water Recycling (DWR),Midwestern U.S.,,,,,,2021-06-02,,,,,,,https://doi.org/10.13031/trans.59.11706,2025-11-25 05:56:07,8.0,True
2292,Soil moisture sensor-based irrigation,"Irvine, California, USA",33.689139,-117.723139,,San Emigdio fine sandy loam,,2019-2021,Tifgreen 328 hybrid bermudagrass,,,,,,https://doi.org/10.13031/aea.32.11196,2025-11-25 05:58:16,9.0,True
2293,55–80FC Restricted,"Irvine, California, USA",33.689139,-117.723139,,San Emigdio fine sandy loam,,2019,Tifgreen 328 hybrid bermudagrass,,,69% ET o,,,https://doi.org/10.13031/aea.32.11196,2025-11-25 05:58:16,9.0,True
2294,55–100FC Restricted,"Irvine, California, USA",33.689139,-117.723139,,San Emigdio fine sandy loam,,2019,Tifgreen 328 hybrid bermudagrass,,,77% ET o,,,https://doi.org/10.13031/aea.32.11196,2025-11-25 05:58:16,9.0,True
2295,65–90FC Restricted,"Irvine, California, USA",33.689139,-117.723139,,San Emigdio fine sandy loam,,2019,Tifgreen 328 hybrid bermudagrass,,,82% ET o,,,https://doi.org/10.13031/aea.32.11196,2025-11-25 05:58:16,9.0,True
2296,65–100FC Restricted,"Irvine, California, USA",33.689139,-117.723139,,San Emigdio fine sandy loam,,2019,Tifgreen 328 hybrid bermudagrass,,,82% ET o,,,https://doi.org/10.13031/aea.32.11196,2025-11-25 05:58:16,9.0,True
2297,75–100FC Restricted,"Irvine, California, USA",33.689139,-117.723139,,San Emigdio fine sandy loam,,2019,Tifgreen 328 hybrid bermudagrass,,,108% ET o,,,https://doi.org/10.13031/aea.32.11196,2025-11-25 05:58:16,9.0,True
2298,75–110FC Restricted,"Irvine, California, USA",33.689139,-117.723139,,San Emigdio fine sandy loam,,2019,Tifgreen 328 hybrid bermudagrass,,,89% ET o,,,https://doi.org/10.13031/aea.32.11196,2025-11-25 05:58:16,9.0,True
2299,55–80FC On-demand,"Irvine, California, USA",33.689139,-117.723139,,San Emigdio fine sandy loam,,2019,Tifgreen 328 hybrid bermudagrass,,,66% ET o,,,https://doi.org/10.13031/aea.32.11196,2025-11-25 05:58:16,9.0,True
2300,55–100FC On-demand,"Irvine, California, USA",33.689139,-117.723139,,San Emigdio fine sandy loam,,2019,Tifgreen 328 hybrid bermudagrass,,,76% ET o,,,https://doi.org/10.13031/aea.32.11196,2025-11-25 05:58:16,9.0,True
2301,65–90FC On-demand,"Irvine, California, USA",33.689139,-117.723139,,San Emigdio fine sandy loam,,2019,Tifgreen 328 hybrid bermudagrass,,,81% ET o,,,https://doi.org/10.13031/aea.32.11196,2025-11-25 05:58:16,9.0,True
2302,65–100FC On-demand,"Irvine, California, USA",33.689139,-117.723139,,San Emigdio fine sandy loam,,2019,Tifgreen 328 hybrid bermudagrass,,,81% ET o,,,https://doi.org/10.13031/aea.32.11196,2025-11-25 05:58:16,9.0,True
2303,75–100FC On-demand,"Irvine, California, USA",33.689139,-117.723139,,San Emigdio fine sandy loam,,2019,Tifgreen 328 hybrid bermudagrass,,,109% ET o,,,https://doi.org/10.13031/aea.32.11196,2025-11-25 05:58:16,9.0,True
2304,75–110FC On-demand,"Irvine, California, USA",33.689139,-117.723139,,San Emigdio fine sandy loam,,2019,Tifgreen 328 hybrid bermudagrass,,,85% ET o,,,https://doi.org/10.13031/aea.32.11196,2025-11-25 05:58:16,9.0,True
2305,55–80FC Restricted,"Irvine, California, USA",33.689139,-117.723139,,San Emigdio fine sandy loam,,2020,Tifgreen 328 hybrid bermudagrass,,,51% ET o,,,https://doi.org/10.13031/aea.32.11196,2025-11-25 05:58:16,9.0,True
2306,55–100FC Restricted,"Irvine, California, USA",33.689139,-117.723139,,San Emigdio fine sandy loam,,2020,Tifgreen 328 hybrid bermudagrass,,,70% ET o,,,https://doi.org/10.13031/aea.32.11196,2025-11-25 05:58:16,9.0,True
2307,65–90FC Restricted,"Irvine, California, USA",33.689139,-117.723139,,San Emigdio fine sandy loam,,2020,Tifgreen 328 hybrid bermudagrass,,,103% ET o,,,https://doi.org/10.13031/aea.32.11196,2025-11-25 05:58:16,9.0,True
2308,65–100FC Restricted,"Irvine, California, USA",33.689139,-117.723139,,San Emigdio fine sandy loam,,2020,Tifgreen 328 hybrid bermudagrass,,,74% ET o,,,https://doi.org/10.13031/aea.32.11196,2025-11-25 05:58:16,9.0,True
2309,75–100FC Restricted,"Irvine, California, USA",33.689139,-117.723139,,San Emigdio fine sandy loam,,2020,Tifgreen 328 hybrid bermudagrass,,,94% ET o,,,https://doi.org/10.13031/aea.32.11196,2025-11-25 05:58:16,9.0,True
2310,75–110FC Restricted,"Irvine, California, USA",33.689139,-117.723139,,San Emigdio fine sandy loam,,2020,Tifgreen 328 hybrid bermudagrass,,,87% ET o,,,https://doi.org/10.13031/aea.32.11196,2025-11-25 05:58:16,9.0,True
2311,55–80FC On-demand,"Irvine, California, USA",33.689139,-117.723139,,San Emigdio fine sandy loam,,2020,Tifgreen 328 hybrid bermudagrass,,,71% ET o,,,https://doi.org/10.13031/aea.32.11196,2025-11-25 05:58:16,9.0,True
2312,55–100FC On-demand,"Irvine, California, USA",33.689139,-117.723139,,San Emigdio fine sandy loam,,2020,Tifgreen 328 hybrid bermudagrass,,,82% ET o,,,https://doi.org/10.13031/aea.32.11196,2025-11-25 05:58:16,9.0,True
2313,65–90FC On-demand,"Irvine, California, USA",33.689139,-117.723139,,San Emigdio fine sandy loam,,2020,Tifgreen 328 hybrid bermudagrass,,,82% ET o,,,https://doi.org/10.13031/aea.32.11196,2025-11-25 05:58:16,9.0,True
2314,65–100FC On-demand,"Irvine, California, USA",33.689139,-117.723139,,San Emigdio fine sandy loam,,2020,Tifgreen 328 hybrid bermudagrass,,,78% ET o,,,https://doi.org/10.13031/aea.32.11196,2025-11-25 05:58:16,9.0,True
2315,75–100FC On-demand,"Irvine, California, USA",33.689139,-117.723139,,San Emigdio fine sandy loam,,2020,Tifgreen 328 hybrid bermudagrass,,,104% ET o,,,https://doi.org/10.13031/aea.32.11196,2025-11-25 05:58:16,9.0,True
2316,75–110FC On-demand,"Irvine, California, USA",33.689139,-117.723139,,San Emigdio fine sandy loam,,2020,Tifgreen 328 hybrid bermudagrass,,,76% ET o,,,https://doi.org/10.13031/aea.32.11196,2025-11-25 05:58:16,9.0,True
2317,55–80FC Restricted,"Irvine, California, USA",33.689139,-117.723139,,San Emigdio fine sandy loam,,2021,Tifgreen 328 hybrid bermudagrass,,,29% ET o,,,https://doi.org/10.13031/aea.32.11196,2025-11-25 05:58:16,9.0,True
2318,55–100FC Restricted,"Irvine, California, USA",33.689139,-117.723139,,San Emigdio fine sandy loam,,2021,Tifgreen 328 hybrid bermudagrass,,,37% ET o,,,https://doi.org/10.13031/aea.32.11196,2025-11-25 05:58:16,9.0,True
2319,65–90FC Restricted,"Irvine, California, USA",33.689139,-117.723139,,San Emigdio fine sandy loam,,2021,Tifgreen 328 hybrid bermudagrass,,,75% ET o,,,https://doi.org/10.13031/aea.32.11196,2025-11-25 05:58:16,9.0,True
2320,65–100FC Restricted,"Irvine, California, USA",33.689139,-117.723139,,San Emigdio fine sandy loam,,2021,Tifgreen 328 hybrid bermudagrass,,,,,,https://doi.org/10.13031/aea.32.11196,2025-11-25 05:58:16,9.0,True
2321,75–100FC Restricted,"Irvine, California, USA",33.689139,-117.723139,,San Emigdio fine sandy loam,,2021,Tifgreen 328 hybrid bermudagrass,,,68% ET o,,,https://doi.org/10.13031/aea.32.11196,2025-11-25 05:58:16,9.0,True
2322,75–110FC Restricted,"Irvine, California, USA",33.689139,-117.723139,,San Emigdio fine sandy loam,,2021,Tifgreen 328 hybrid bermudagrass,,,79% ET o,,,https://doi.org/10.13031/aea.32.11196,2025-11-25 05:58:16,9.0,True
2323,55–80FC On-demand,"Irvine, California, USA",33.689139,-117.723139,,San Emigdio fine sandy loam,,2021,Tifgreen 328 hybrid bermudagrass,,,46% ET o,,,https://doi.org/10.13031/aea.32.11196,2025-11-25 05:58:16,9.0,True
2324,55–100FC On-demand,"Irvine, California, USA",33.689139,-117.723139,,San Emigdio fine sandy loam,,2021,Tifgreen 328 hybrid bermudagrass,,,51% ET o,,,https://doi.org/10.13031/aea.32.11196,2025-11-25 05:58:16,9.0,True
2325,65–90FC On-demand,"Irvine, California, USA",33.689139,-117.723139,,San Emigdio fine sandy loam,,2021,Tifgreen 328 hybrid bermudagrass,,,76% ET o,,,https://doi.org/10.13031/aea.32.11196,2025-11-25 05:58:16,9.0,True
2326,65–100FC On-demand,"Irvine, California, USA",33.689139,-117.723139,,San Emigdio fine sandy loam,,2021,Tifgreen 328 hybrid bermudagrass,,,78% ET o,,,https://doi.org/10.13031/aea.32.11196,2025-11-25 05:58:16,9.0,True
2327,75–100FC On-demand,"Irvine, California, USA",33.689139,-117.723139,,San Emigdio fine sandy loam,,2021,Tifgreen 328 hybrid bermudagrass,,,88% ET o,,,https://doi.org/10.13031/aea.32.11196,2025-11-25 05:58:16,9.0,True
2328,75–110FC On-demand,"Irvine, California, USA",33.689139,-117.723139,,San Emigdio fine sandy loam,,2021,Tifgreen 328 hybrid bermudagrass,,,69% ET o,,,https://doi.org/10.13031/aea.32.11196,2025-11-25 05:58:16,9.0,True
2329,,United States,,,,,,,Cotton,,,,,0.23 kg m-3,https://doi.org/10.13031/trans.59.11215,2025-11-25 05:58:50,9.0,True
2330,Low Energy Precision Application (LEPA),Texas High Plains,,,,,,,Cotton,,,15% to 30% greater yield,,,https://doi.org/10.13031/trans.59.11215,2025-11-25 05:58:50,9.0,True
2331,Subsurface Drip Irrigation (SDI),Texas High Plains,,,,,,,Cotton,,Better fiber quality,15% to 30% greater yield,,,https://doi.org/10.13031/trans.59.11215,2025-11-25 05:58:50,9.0,True
2332,Variable Rate Irrigation (VRI),Southeast U.S.,,,,,,,Cotton,,,,,,https://doi.org/10.13031/trans.59.11215,2025-11-25 05:58:50,9.0,True
2333,Evapotranspiration-based scheduling,,,,,,,,Cotton,,,,,,https://doi.org/10.13031/trans.59.11215,2025-11-25 05:58:50,9.0,True
2334,Sensor-based scheduling,,,,,,,,Cotton,,,,,,https://doi.org/10.13031/trans.59.11215,2025-11-25 05:58:50,9.0,True
2345,Subsurface drip irrigation,"Texas Tech University Research farm, Lubbock, TX, USA",,,,"fine-loamy, mixed, superactive, thermic Aridic Paleustalfs",0.20 ha,2009-05-15,Cotton (DeltaPine 147RF),,,,,,https://doi.org/10.13031/2013.32212,2025-11-25 06:01:50,8.0,True
2346,,"Texas Tech University Research farm, Lubbock, TX, USA",,,,"fine-loamy, mixed, superactive, thermic Aridic Paleustalfs",0.20 ha,2009-07-11,Cotton (DeltaPine 147RF),,,,,,https://doi.org/10.13031/2013.32212,2025-11-25 06:01:50,8.0,True
2347,,"Texas Tech University Research farm, Lubbock, TX, USA",,,,"fine-loamy, mixed, superactive, thermic Aridic Paleustalfs",0.20 ha,2009-09-15,Cotton (DeltaPine 147RF),,,,,,https://doi.org/10.13031/2013.32212,2025-11-25 06:01:50,8.0,True
2348,Deficit irrigation (0 mm/d),"Texas Tech University Research farm, Lubbock, TX, USA",,,,"fine-loamy, mixed, superactive, thermic Aridic Paleustalfs",0.20 ha,2009-07-12,Cotton (DeltaPine 147RF),,,,,,https://doi.org/10.13031/2013.32212,2025-11-25 06:01:50,8.0,True
2349,Deficit irrigation (1 mm/d),"Texas Tech University Research farm, Lubbock, TX, USA",,,,"fine-loamy, mixed, superactive, thermic Aridic Paleustalfs",0.20 ha,2009-07-12,Cotton (DeltaPine 147RF),,,,,,https://doi.org/10.13031/2013.32212,2025-11-25 06:01:50,8.0,True
2350,Deficit irrigation (2 mm/d),"Texas Tech University Research farm, Lubbock, TX, USA",,,,"fine-loamy, mixed, superactive, thermic Aridic Paleustalfs",0.20 ha,2009-07-12,Cotton (DeltaPine 147RF),,,,,,https://doi.org/10.13031/2013.32212,2025-11-25 06:01:50,8.0,True
2351,Deficit irrigation (3 mm/d),"Texas Tech University Research farm, Lubbock, TX, USA",,,,"fine-loamy, mixed, superactive, thermic Aridic Paleustalfs",0.20 ha,2009-07-12,Cotton (DeltaPine 147RF),,,,,,https://doi.org/10.13031/2013.32212,2025-11-25 06:01:50,8.0,True
2352,Deficit irrigation (4 mm/d),"Texas Tech University Research farm, Lubbock, TX, USA",,,,"fine-loamy, mixed, superactive, thermic Aridic Paleustalfs",0.20 ha,2009-07-12,Cotton (DeltaPine 147RF),,,,,,https://doi.org/10.13031/2013.32212,2025-11-25 06:01:50,8.0,True
2353,Deficit irrigation (5 mm/d),"Texas Tech University Research farm, Lubbock, TX, USA",,,,"fine-loamy, mixed, superactive, thermic Aridic Paleustalfs",0.20 ha,2009-07-12,Cotton (DeltaPine 147RF),,,,,,https://doi.org/10.13031/2013.32212,2025-11-25 06:01:50,8.0,True
2354,Deficit irrigation (6 mm/d),"Texas Tech University Research farm, Lubbock, TX, USA",,,,"fine-loamy, mixed, superactive, thermic Aridic Paleustalfs",0.20 ha,2009-07-12,Cotton (DeltaPine 147RF),,,,,,https://doi.org/10.13031/2013.32212,2025-11-25 06:01:50,8.0,True
2355,Fully irrigated,"Bushland, Texas",35° 11′ N,102° 6′ W,1170 m,Pullman silty clay loam,4.4 ha,1994-04-13 to 1994-09-15,Corn (Pioneer 3737),,,11283 kg ha-1,,13.45 kg ha-1 mm-1,https://doi.org/10.13031/2013.27918,2025-11-25 06:04:01,8.0,True
2356,Fully irrigated,"Bushland, Texas",35° 11′ N,102° 6′ W,1170 m,Pullman silty clay loam,4.4 ha,1994-04-13 to 1994-09-15,Corn (Pioneer 3245),,,13195 kg ha-1,,13.76 kg ha-1 mm-1,https://doi.org/10.13031/2013.27918,2025-11-25 06:04:01,8.0,True
2357,Non-irrigated,"Bushland, Texas",35° 11′ N,102° 6′ W,1170 m,Pullman silty clay loam,4.4 ha,1994-04-13 to 1994-09-15,Corn (Pioneer 3737),,,813 kg ha-1,,2.16 kg ha-1 mm-1,https://doi.org/10.13031/2013.27918,2025-11-25 06:04:01,8.0,True
2358,Non-irrigated,"Bushland, Texas",35° 11′ N,102° 6′ W,1170 m,Pullman silty clay loam,4.4 ha,1994-04-13 to 1994-09-15,Corn (Pioneer 3737),,,4829 kg ha-1,,12.51 kg ha-1 mm-1,https://doi.org/10.13031/2013.27918,2025-11-25 06:04:01,8.0,True
2359,,"Bushland, Texas",35° 11′ N,102° 6′ W,1170 m,Pullman silty clay loam,4.4 ha,1994-04-13 to 1994-09-15,Corn (Pioneer 3737),,,7350 kg ha-1,,,https://doi.org/10.13031/2013.27918,2025-11-25 06:04:01,8.0,True
2360,,"Bushland, Texas",35° 11′ N,102° 6′ W,1170 m,Pullman silty clay loam,4.4 ha,1994-04-13 to 1994-09-15,Corn (Pioneer 3245),,,9627 kg ha-1,,,https://doi.org/10.13031/2013.27918,2025-11-25 06:04:01,8.0,True
2375,USDA-ARS Irrigation Scheduling and Supervisory Control and Data Acquisition (ISSCADA) system,"Florence, South Carolina","34° 14' 43"" N","79° 48' 26"" W",,,,2016-04-16,Corn (Dekalb 66-97),79000 seeds ha-1,,11.3 Mg ha-1,,21.0 kg ha-1 mm-1,https://doi.org/10.13031/trans.59.11165,2025-11-25 06:07:51,8.0,True
2376,USDA-ARS Irrigation Scheduling and Supervisory Control and Data Acquisition (ISSCADA) system,"Florence, South Carolina","34° 14' 43"" N","79° 48' 26"" W",,,,2017-04-10,Corn (Dekalb 66-97),79000 seeds ha-1,,10.2 Mg ha-1,,19.8 kg ha-1 mm-1,https://doi.org/10.13031/trans.59.11165,2025-11-25 06:07:51,8.0,True
2377,USDA-ARS Irrigation Scheduling and Supervisory Control and Data Acquisition (ISSCADA) system,"Florence, South Carolina","34° 14' 43"" N","79° 48' 26"" W",,,,2018-04-12,Corn (Dekalb 66-97),79000 seeds ha-1,,10.4 Mg ha-1,,17.0 kg ha-1 mm-1,https://doi.org/10.13031/trans.59.11165,2025-11-25 06:07:51,8.0,True
2378,USDA-ARS Irrigation Scheduling and Supervisory Control and Data Acquisition (ISSCADA) system,"Florence, South Carolina","34° 14' 43"" N","79° 48' 26"" W",,,,2019-04-18,Corn (Dekalb 66-97),79000 seeds ha-1,,10.1 Mg ha-1,,18.9 kg ha-1 mm-1,https://doi.org/10.13031/trans.59.11165,2025-11-25 06:07:51,8.0,True
2379,Soil Water Potential (SWP),"Florence, South Carolina","34° 14' 43"" N","79° 48' 26"" W",,,,2016-04-16,Corn (Dekalb 66-97),79000 seeds ha-1,,11.7 Mg ha-1,,21.3 kg ha-1 mm-1,https://doi.org/10.13031/trans.59.11165,2025-11-25 06:07:51,8.0,True
2380,Soil Water Potential (SWP),"Florence, South Carolina","34° 14' 43"" N","79° 48' 26"" W",,,,2017-04-10,Corn (Dekalb 66-97),79000 seeds ha-1,,10.8 Mg ha-1,,20.8 kg ha-1 mm-1,https://doi.org/10.13031/trans.59.11165,2025-11-25 06:07:51,8.0,True
2381,Soil Water Potential (SWP),"Florence, South Carolina","34° 14' 43"" N","79° 48' 26"" W",,,,2018-04-12,Corn (Dekalb 66-97),79000 seeds ha-1,,10.1 Mg ha-1,,16.6 kg ha-1 mm-1,https://doi.org/10.13031/trans.59.11165,2025-11-25 06:07:51,8.0,True
2382,Soil Water Potential (SWP),"Florence, South Carolina","34° 14' 43"" N","79° 48' 26"" W",,,,2019-04-18,Corn (Dekalb 66-97),79000 seeds ha-1,,9.8 Mg ha-1,,20.54 kg ha-1 mm-1,https://doi.org/10.13031/trans.59.11165,2025-11-25 06:07:51,8.0,True
2383,Hybrid ISSCADA and Soil Water Depletion,"Florence, South Carolina","34° 14' 43"" N","79° 48' 26"" W",,,,2018-04-12,Corn (Dekalb 66-97),79000 seeds ha-1,,10.7 Mg ha-1,,17.8 kg ha-1 mm-1,https://doi.org/10.13031/trans.59.11165,2025-11-25 06:07:51,8.0,True
2384,Hybrid ISSCADA and Soil Water Depletion,"Florence, South Carolina","34° 14' 43"" N","79° 48' 26"" W",,,,2019-04-18,Corn (Dekalb 66-97),79000 seeds ha-1,,11.3 Mg ha-1,,21.5 kg ha-1 mm-1,https://doi.org/10.13031/trans.59.11165,2025-11-25 06:07:51,8.0,True
2405,Subsurface Drip Irrigation (SDI),"Century Experiment at Russell Ranch Sustainable Agricultural Research Facility, Winters, California, United States",38.540,-121.870,,Rincon silty clay loam,0.4 ha,2017,Processing tomato (Solanum lycopersicum L.),"21,000 plants ha-1",,28.3% lower than FI,,66.4% higher than FI,https://doi.org/10.1016/S0378-3774(99)00025-6,2025-11-25 06:13:02,8.0,True
2406,Furrow Irrigation (FI),"Century Experiment at Russell Ranch Sustainable Agricultural Research Facility, Winters, California, United States",38.540,-121.870,,Yolo silt loam,0.4 ha,2017,Processing tomato (Solanum lycopersicum L.),"21,000 plants ha-1",,,,,https://doi.org/10.1016/S0378-3774(99)00025-6,2025-11-25 06:13:02,8.0,True
2415,Deficit irrigation (20% of soil field capacity) with non-magnetized water,"Fortaleza dos Nogueiras, Maranhão, Brazil",07°08′83′′ S,45°56′45′′ W,580 m,clay,,August to October 2022,Vigna radiata (L.) R. Wilczek,1,,,,,https://doi.org/10.3390/agronomy9110732,2025-11-25 06:41:08,8.0,True
2416,Deficit irrigation (40% of soil field capacity) with non-magnetized water,"Fortaleza dos Nogueiras, Maranhão, Brazil",07°08′83′′ S,45°56′45′′ W,580 m,clay,,August to October 2022,Vigna radiata (L.) R. Wilczek,1,,,,,https://doi.org/10.3390/agronomy9110732,2025-11-25 06:41:08,8.0,True
2417,Deficit irrigation (60% of soil field capacity) with non-magnetized water,"Fortaleza dos Nogueiras, Maranhão, Brazil",07°08′83′′ S,45°56′45′′ W,580 m,clay,,August to October 2022,Vigna radiata (L.) R. Wilczek,1,,,,,https://doi.org/10.3390/agronomy9110732,2025-11-25 06:41:08,8.0,True
2418,Deficit irrigation (80% of soil field capacity) with non-magnetized water,"Fortaleza dos Nogueiras, Maranhão, Brazil",07°08′83′′ S,45°56′45′′ W,580 m,clay,,August to October 2022,Vigna radiata (L.) R. Wilczek,1,,,,,https://doi.org/10.3390/agronomy9110732,2025-11-25 06:41:08,8.0,True
2419,Deficit irrigation (20% of soil field capacity) with magnetized water,"Fortaleza dos Nogueiras, Maranhão, Brazil",07°08′83′′ S,45°56′45′′ W,580 m,clay,,August to October 2022,Vigna radiata (L.) R. Wilczek,1,,,,,https://doi.org/10.3390/agronomy9110732,2025-11-25 06:41:08,8.0,True
2420,Deficit irrigation (40% of soil field capacity) with magnetized water,"Fortaleza dos Nogueiras, Maranhão, Brazil",07°08′83′′ S,45°56′45′′ W,580 m,clay,,August to October 2022,Vigna radiata (L.) R. Wilczek,1,,,,,https://doi.org/10.3390/agronomy9110732,2025-11-25 06:41:08,8.0,True
2421,Deficit irrigation (60% of soil field capacity) with magnetized water,"Fortaleza dos Nogueiras, Maranhão, Brazil",07°08′83′′ S,45°56′45′′ W,580 m,clay,,August to October 2022,Vigna radiata (L.) R. Wilczek,1,,,,,https://doi.org/10.3390/agronomy9110732,2025-11-25 06:41:08,8.0,True
2422,Deficit irrigation (80% of soil field capacity) with magnetized water,"Fortaleza dos Nogueiras, Maranhão, Brazil",07°08′83′′ S,45°56′45′′ W,580 m,clay,,August to October 2022,Vigna radiata (L.) R. Wilczek,1,,,,,https://doi.org/10.3390/agronomy9110732,2025-11-25 06:41:08,8.0,True
2440,Sufficient Water Supply,"National Institute of Agricultural Sciences, Jeonju, South Korea",,,,,,"April 5, 2018",Tomato (Solanum lycopersicum L.),40,Lycopene content enhanced,261 g/plant,,,https://doi.org/10.1002/jsfa.1370,2025-11-25 06:48:42,8.0,True
2441,Limited Water Supply,"National Institute of Agricultural Sciences, Jeonju, South Korea",,,,,,"April 5, 2018",Tomato (Solanum lycopersicum L.),40,Lycopene content decreased,131 g/plant,,,https://doi.org/10.1002/jsfa.1370,2025-11-25 06:48:42,8.0,True
2442,Sufficient Water Supply,"National Institute of Agricultural Sciences, Jeonju, South Korea",,,,,,"April 5, 2018",Tomato (Solanum lycopersicum L.),40,Lycopene content enhanced,249 g/plant,,,https://doi.org/10.1002/jsfa.1370,2025-11-25 06:48:42,8.0,True
2443,Limited Water Supply,"National Institute of Agricultural Sciences, Jeonju, South Korea",,,,,,"April 5, 2018",Tomato (Solanum lycopersicum L.),40,Lycopene content decreased,149 g/plant,,,https://doi.org/10.1002/jsfa.1370,2025-11-25 06:48:42,8.0,True
2444,Sufficient Water Supply,"National Institute of Agricultural Sciences, Jeonju, South Korea",,,,,,"April 5, 2018",Tomato (Solanum lycopersicum L.),40,Lycopene content enhanced,272 g/plant,,,https://doi.org/10.1002/jsfa.1370,2025-11-25 06:48:42,8.0,True
2445,Limited Water Supply,"National Institute of Agricultural Sciences, Jeonju, South Korea",,,,,,"April 5, 2018",Tomato (Solanum lycopersicum L.),40,Lycopene content decreased,146 g/plant,,,https://doi.org/10.1002/jsfa.1370,2025-11-25 06:48:42,8.0,True
2446,Sufficient Water Supply,"National Institute of Agricultural Sciences, Jeonju, South Korea",,,,,,"April 5, 2018",Tomato (Solanum lycopersicum L.),40,Lycopene content enhanced,415 g/plant,,,https://doi.org/10.1002/jsfa.1370,2025-11-25 06:48:42,8.0,True
2447,Limited Water Supply,"National Institute of Agricultural Sciences, Jeonju, South Korea",,,,,,"April 5, 2018",Tomato (Solanum lycopersicum L.),40,Lycopene content decreased,382 g/plant,,,https://doi.org/10.1002/jsfa.1370,2025-11-25 06:48:42,8.0,True
2448,,"University of California, Davis, California, USA","38°32'16"" N","121°47'42"" W",23 m,,,2018,Prunus dulcis,12,,,,,https://doi.org/10.1016/0002-1571(82)90020-6,2025-11-25 06:50:02,8.0,True
2449,,"University of California, Davis, California, USA","38°32'16"" N","121°47'42"" W",23 m,,,15 June 2018,Ulmus hybrid 'Frontier',,,,,,https://doi.org/10.1016/0002-1571(82)90020-6,2025-11-25 06:50:02,8.0,True
2450,,"University of California, Davis, California, USA","38°32'16"" N","121°47'42"" W",23 m,,,18 June 2018 to 22 June 2018,"Prunus persica, Nerium oleander, Quercus sp., Olea europaea L., Ulmus hybrid 'Frontier'",,,,,,https://doi.org/10.1016/0002-1571(82)90020-6,2025-11-25 06:50:02,8.0,True
2451,,"University of California, Davis, California, USA","38°32'16"" N","121°47'42"" W",23 m,,,30 July 2018 to 3 August 2018,All species,,,,,,https://doi.org/10.1016/0002-1571(82)90020-6,2025-11-25 06:50:02,8.0,True
2452,,"University of California, Davis, California, USA","38°32'16"" N","121°47'42"" W",23 m,,,27 August 2018 to 31 August 2018,Prunus dulcis,,,,,,https://doi.org/10.1016/0002-1571(82)90020-6,2025-11-25 06:50:02,8.0,True
2457,Optimum (well-watered),"Plovdiv, Bulgaria",,,,,2.4 m2,2017-2018,Tomato (Solanum lycopersicum),10,,,,,https://doi.org/10.1016/j.agwat.2016.03.016,2025-11-25 06:54:06,8.0,True
2458,50% reduced watering,"Plovdiv, Bulgaria",,,,,2.4 m2,2017-2018,Tomato (Solanum lycopersicum),10,,,,,https://doi.org/10.1016/j.agwat.2016.03.016,2025-11-25 06:54:06,8.0,True
2463,Water Deficit Irrigation (25% reduction at first flowering truss and 50% at second flowering truss),"Gautier Semences breeding station, Morocco",,,,loamy substrate,,,Tomato,250,,,,,https://doi.org/10.1093/jxb/eru197,2025-11-25 06:57:03,8.0,True
2464,"Salinity Stress (no restriction on water intake, but increased electrical conductivity)","Gautier Semences breeding station, Morocco",,,,loamy substrate,,,Tomato,253,,,,,https://doi.org/10.1093/jxb/eru197,2025-11-25 06:57:03,8.0,True
2469,Deficit Irrigation (75% ETc),"Cherfech, Tunisia",37.1°N,10.5°E,328 m,clay loam,,2021-2022,Triticum durum Desf.,,,789.4 g m-2,,0.71,https://doi.org/10.1016/j.agwat.2016.05.029,2025-11-25 07:01:47,9.0,True
2470,Deficit Irrigation (75% ETc),"Cherfech, Tunisia",37.1°N,10.5°E,328 m,clay loam,,2022-2023,Triticum durum Desf.,,,759.7 g m-2,,0.68,https://doi.org/10.1016/j.agwat.2016.05.029,2025-11-25 07:01:47,9.0,True
2471,Deficit Irrigation (75% ETc),"Cherfech, Tunisia",37.1°N,10.5°E,328 m,clay loam,,2023-2024,Triticum durum Desf.,,,665.1 g m-2,,0.76,https://doi.org/10.1016/j.agwat.2016.05.029,2025-11-25 07:01:47,9.0,True
2472,Deficit Irrigation (60% ETc),"Cherfech, Tunisia",37.1°N,10.5°E,328 m,clay loam,,2021-2022,Triticum durum Desf.,,,745.2 g m-2,,0.67,https://doi.org/10.1016/j.agwat.2016.05.029,2025-11-25 07:01:47,9.0,True
2473,Deficit Irrigation (60% ETc),"Cherfech, Tunisia",37.1°N,10.5°E,328 m,clay loam,,2022-2023,Triticum durum Desf.,,,738.7 g m-2,,0.66,https://doi.org/10.1016/j.agwat.2016.05.029,2025-11-25 07:01:47,9.0,True
2474,Deficit Irrigation (60% ETc),"Cherfech, Tunisia",37.1°N,10.5°E,328 m,clay loam,,2023-2024,Triticum durum Desf.,,,635.1 g m-2,,0.72,https://doi.org/10.1016/j.agwat.2016.05.029,2025-11-25 07:01:47,9.0,True
2475,Rainfed (not irrigated),"Cherfech, Tunisia",37.1°N,10.5°E,328 m,clay loam,,2021-2022,Triticum durum Desf.,,,258.9 g m-2,,0.24,https://doi.org/10.1016/j.agwat.2016.05.029,2025-11-25 07:01:47,9.0,True
2476,Rainfed (not irrigated),"Cherfech, Tunisia",37.1°N,10.5°E,328 m,clay loam,,2022-2023,Triticum durum Desf.,,,269.8 g m-2,,0.28,https://doi.org/10.1016/j.agwat.2016.05.029,2025-11-25 07:01:47,9.0,True
2477,Rainfed (not irrigated),"Cherfech, Tunisia",37.1°N,10.5°E,328 m,clay loam,,2023-2024,Triticum durum Desf.,,,208.6 g m-2,,0.282,https://doi.org/10.1016/j.agwat.2016.05.029,2025-11-25 07:01:47,9.0,True
2481,Well-watered (100% ETc),"Zagazig University, Zagazig, Egypt",30.616,31.783,,,,2018-2019,Vicia faba,205130,,5362 kg ha−1,116.7 cm,1.31 kg m−3,https://doi.org/10.1016/j.scienta.2011.03.035,2025-11-25 07:12:52,8.0,True
2482,Drought stress (65% ETc),"Zagazig University, Zagazig, Egypt",30.616,31.783,,,,2018-2019,Vicia faba,205130,,4221 kg ha−1,107.7 cm,1.50 kg m−3,https://doi.org/10.1016/j.scienta.2011.03.035,2025-11-25 07:12:52,8.0,True
2483,Well-watered (100% ETc),"Zagazig University, Zagazig, Egypt",30.616,31.783,,,,2019-2020,Vicia faba,205130,,,,1.31 kg m−3,https://doi.org/10.1016/j.scienta.2011.03.035,2025-11-25 07:12:52,8.0,True
2484,Drought stress (65% ETc),"Zagazig University, Zagazig, Egypt",30.616,31.783,,,,2019-2020,Vicia faba,205130,,,,1.50 kg m−3,https://doi.org/10.1016/j.scienta.2011.03.035,2025-11-25 07:12:52,8.0,True
2485,,"Zagazig University, Zagazig, Egypt",30.616,31.783,,,,2018-2019,Vicia faba,205130,,4313 kg ha−1,108.1 cm,1.26 kg m−3,https://doi.org/10.1016/j.scienta.2011.03.035,2025-11-25 07:12:52,8.0,True
2486,,"Zagazig University, Zagazig, Egypt",30.616,31.783,,,,2018-2019,Vicia faba,205130,,4661 kg ha−1,111.4 cm,1.37 kg m−3,https://doi.org/10.1016/j.scienta.2011.03.035,2025-11-25 07:12:52,8.0,True
2487,,"Zagazig University, Zagazig, Egypt",30.616,31.783,,,,2018-2019,Vicia faba,205130,,5021 kg ha−1,113.2 cm,1.48 kg m−3,https://doi.org/10.1016/j.scienta.2011.03.035,2025-11-25 07:12:52,8.0,True
2488,,"Zagazig University, Zagazig, Egypt",30.616,31.783,,,,2018-2019,Vicia faba,205130,,5172 kg ha−1,116.1 cm,1.52 kg m−3,https://doi.org/10.1016/j.scienta.2011.03.035,2025-11-25 07:12:52,8.0,True
2489,,"Zagazig University, Zagazig, Egypt",30.616,31.783,,,,2019-2020,Vicia faba,205130,,3643 kg ha−1,104.2 cm,1.29 kg m−3,https://doi.org/10.1016/j.scienta.2011.03.035,2025-11-25 07:12:52,8.0,True
2490,,"Zagazig University, Zagazig, Egypt",30.616,31.783,,,,2019-2020,Vicia faba,205130,,4106 kg ha−1,106.9 cm,1.46 kg m−3,https://doi.org/10.1016/j.scienta.2011.03.035,2025-11-25 07:12:52,8.0,True
2491,,"Zagazig University, Zagazig, Egypt",30.616,31.783,,,,2019-2020,Vicia faba,205130,,4482 kg ha−1,107.5 cm,1.59 kg m−3,https://doi.org/10.1016/j.scienta.2011.03.035,2025-11-25 07:12:52,8.0,True
2492,,"Zagazig University, Zagazig, Egypt",30.616,31.783,,,,2019-2020,Vicia faba,205130,,4653 kg ha−1,112.0 cm,1.65 kg m−3,https://doi.org/10.1016/j.scienta.2011.03.035,2025-11-25 07:12:52,8.0,True
2609,Regulated Deficit Irrigation 1 (RDI-1),"East Malling, United Kingdom",,,,coir,,2024-04-03,Malling Ace strawberry,36,"lower berry fresh weight, fewer Class 1 berries","1,718.99 g/plant",,22.50 kg/m³,https://doi.org/10.1016/j.agwat.2023.108523,2025-11-25 07:20:17,9.0,True
2610,Regulated Deficit Irrigation 2 (RDI-2),"East Malling, United Kingdom",,,,coir,,2024-04-03,Malling Ace strawberry,36,"lower berry fresh weight, fewer Class 1 berries","1,601.04 g/plant",,18.75 kg/m³,https://doi.org/10.1016/j.agwat.2023.108523,2025-11-25 07:20:17,9.0,True
2611,Well-Watered (WW),"East Malling, United Kingdom",,,,coir,,2024-04-03,Malling Ace strawberry,36,"higher berry fresh weight, more Class 1 berries","2,643.17 g/plant",,21.80 kg/m³,https://doi.org/10.1016/j.agwat.2023.108523,2025-11-25 07:20:17,9.0,True
2612,Regulated Deficit Irrigation 1 (RDI-1),"East Malling, United Kingdom",,,,coir,,2024-06-17,Malling Ace strawberry,24,,"2,025 g/plant",,24.71 kg/m³,https://doi.org/10.1016/j.agwat.2023.108523,2025-11-25 07:20:17,9.0,True
2613,Well-Watered (WW),"East Malling, United Kingdom",,,,coir,,2024-06-17,Malling Ace strawberry,24,,"2,182.61 g/plant",,22.39 kg/m³,https://doi.org/10.1016/j.agwat.2023.108523,2025-11-25 07:20:17,9.0,True
2614,Well-Watered (WW),"East Malling, United Kingdom",,,,coir,,2025-01-30,Malling Ace strawberry,,,"3,310 g/plant",,,https://doi.org/10.1016/j.agwat.2023.108523,2025-11-25 07:20:17,9.0,True
2620,Drip irrigation - 100% field capacity,"São Paulo University, Piracicaba, Brazil",-22.7383,-47.6465,,sandy loam,130 m2,"March 4, 2020",Phaseolus vulgaris,10,,23.1 g plant-1,,450.6 mm,https://doi.org/10.1002/ird.2429,2025-11-25 07:22:11,8.0,True
2621,Drip irrigation - 75% field capacity,"São Paulo University, Piracicaba, Brazil",-22.7383,-47.6465,,sandy loam,130 m2,"March 4, 2020",Phaseolus vulgaris,10,,15.7 g plant-1,,356.6 mm,https://doi.org/10.1002/ird.2429,2025-11-25 07:22:11,8.0,True
2622,Drip irrigation - 50% field capacity,"São Paulo University, Piracicaba, Brazil",-22.7383,-47.6465,,sandy loam,130 m2,"March 4, 2020",Phaseolus vulgaris,10,,13.4 g plant-1,,294.0 mm,https://doi.org/10.1002/ird.2429,2025-11-25 07:22:11,8.0,True
2623,Complete irrigation (SE),"Planaltina, DF, Brazil","15° 35' 55.1"" S","47° 42' 27.4"" W",,Red Latosol,,05/06/2019 to 08/09/2019,Soybean (BRS 7581RR),"360,000 plants per hectare",,3.2 t ha-1,,,https://doi.org/10.1016/j.agwat.2019.03.003,2025-11-25 07:22:59,8.0,True
2624,Water deficit applied at VC-V4 growth stage (TI),"Planaltina, DF, Brazil","15° 35' 55.1"" S","47° 42' 27.4"" W",,Red Latosol,,05/06/2019 to 08/09/2019,Soybean (BRS 7581RR),"360,000 plants per hectare",,2.3 t ha-1,,,https://doi.org/10.1016/j.agwat.2019.03.003,2025-11-25 07:22:59,8.0,True
2625,Water deficit applied at V5-R1 growth stage (TII),"Planaltina, DF, Brazil","15° 35' 55.1"" S","47° 42' 27.4"" W",,Red Latosol,,05/06/2019 to 08/09/2019,Soybean (BRS 7581RR),"360,000 plants per hectare",,2.8 t ha-1,,,https://doi.org/10.1016/j.agwat.2019.03.003,2025-11-25 07:22:59,8.0,True
2626,Water deficit applied at R1-R5 growth stage (TIII),"Planaltina, DF, Brazil","15° 35' 55.1"" S","47° 42' 27.4"" W",,Red Latosol,,05/06/2019 to 08/09/2019,Soybean (BRS 7581RR),"360,000 plants per hectare",,2.2 t ha-1,,,https://doi.org/10.1016/j.agwat.2019.03.003,2025-11-25 07:22:59,8.0,True
2627,Water deficit applied at R5-R7 growth stage (TIV),"Planaltina, DF, Brazil","15° 35' 55.1"" S","47° 42' 27.4"" W",,Red Latosol,,05/06/2019 to 08/09/2019,Soybean (BRS 7581RR),"360,000 plants per hectare",,2.0 t ha-1,,,https://doi.org/10.1016/j.agwat.2019.03.003,2025-11-25 07:22:59,8.0,True
2628,Complete irrigation (SE),"Planaltina, DF, Brazil","15° 35' 55.1"" S","47° 42' 27.4"" W",,Red Latosol,,09/09/2019 to 12/25/2019,Soybean (BRS 7581RR),"360,000 plants per hectare",,5.6 t ha-1,,,https://doi.org/10.1016/j.agwat.2019.03.003,2025-11-25 07:22:59,8.0,True
2629,Water deficit applied at VC-V4 growth stage (TI),"Planaltina, DF, Brazil","15° 35' 55.1"" S","47° 42' 27.4"" W",,Red Latosol,,09/09/2019 to 12/25/2019,Soybean (BRS 7581RR),"360,000 plants per hectare",,4.0 t ha-1,,,https://doi.org/10.1016/j.agwat.2019.03.003,2025-11-25 07:22:59,8.0,True
2630,Water deficit applied at V5-R1 growth stage (TII),"Planaltina, DF, Brazil","15° 35' 55.1"" S","47° 42' 27.4"" W",,Red Latosol,,09/09/2019 to 12/25/2019,Soybean (BRS 7581RR),"360,000 plants per hectare",,4.9 t ha-1,,,https://doi.org/10.1016/j.agwat.2019.03.003,2025-11-25 07:22:59,8.0,True
2631,Water deficit applied at R1-R5 growth stage (TIII),"Planaltina, DF, Brazil","15° 35' 55.1"" S","47° 42' 27.4"" W",,Red Latosol,,09/09/2019 to 12/25/2019,Soybean (BRS 7581RR),"360,000 plants per hectare",,4.9 t ha-1,,,https://doi.org/10.1016/j.agwat.2019.03.003,2025-11-25 07:22:59,8.0,True
2632,Water deficit applied at R5-R7 growth stage (TIV),"Planaltina, DF, Brazil","15° 35' 55.1"" S","47° 42' 27.4"" W",,Red Latosol,,09/09/2019 to 12/25/2019,Soybean (BRS 7581RR),"360,000 plants per hectare",,5.2 t ha-1,,,https://doi.org/10.1016/j.agwat.2019.03.003,2025-11-25 07:22:59,8.0,True
2668,Well-watered (WW),"Maricopa, AZ, United States",33.068,-111.971,360 m,Casa Grande sandy loam,0.87 hectare,2017-06-16,Upland cotton (Gossypium hirsutum L.),Approximately 8.6 plants m²,,,,,https://doi.org/10.1111/j.1439-037X.1996.tb00454.x,2025-11-25 07:28:40,8.0,True
2669,Water-limited (WL),"Maricopa, AZ, United States",33.068,-111.971,360 m,Casa Grande sandy loam,0.87 hectare,2017-06-16,Upland cotton (Gossypium hirsutum L.),Approximately 8.6 plants m²,,,,,https://doi.org/10.1111/j.1439-037X.1996.tb00454.x,2025-11-25 07:28:40,8.0,True
2670,Well-watered (WW),"Maricopa, AZ, United States",33.068,-111.971,360 m,Casa Grande sandy loam,0.87 hectare,2017-06-30,Upland cotton (Gossypium hirsutum L.),Approximately 8.6 plants m²,,,,,https://doi.org/10.1111/j.1439-037X.1996.tb00454.x,2025-11-25 07:28:40,8.0,True
2671,Water-limited (WL),"Maricopa, AZ, United States",33.068,-111.971,360 m,Casa Grande sandy loam,0.87 hectare,2017-06-30,Upland cotton (Gossypium hirsutum L.),Approximately 8.6 plants m²,,,,,https://doi.org/10.1111/j.1439-037X.1996.tb00454.x,2025-11-25 07:28:40,8.0,True
2672,Well-watered (WW),"Maricopa, AZ, United States",33.068,-111.971,360 m,Casa Grande sandy loam,0.87 hectare,2017-07-14,Upland cotton (Gossypium hirsutum L.),Approximately 8.6 plants m²,,,,,https://doi.org/10.1111/j.1439-037X.1996.tb00454.x,2025-11-25 07:28:40,8.0,True
2673,Water-limited (WL),"Maricopa, AZ, United States",33.068,-111.971,360 m,Casa Grande sandy loam,0.87 hectare,2017-07-14,Upland cotton (Gossypium hirsutum L.),Approximately 8.6 plants m²,,,,,https://doi.org/10.1111/j.1439-037X.1996.tb00454.x,2025-11-25 07:28:40,8.0,True
2674,Well-watered (WW),"Maricopa, AZ, United States",33.068,-111.971,360 m,Casa Grande sandy loam,0.87 hectare,2017-07-28,Upland cotton (Gossypium hirsutum L.),Approximately 8.6 plants m²,,,,,https://doi.org/10.1111/j.1439-037X.1996.tb00454.x,2025-11-25 07:28:40,8.0,True
2675,Water-limited (WL),"Maricopa, AZ, United States",33.068,-111.971,360 m,Casa Grande sandy loam,0.87 hectare,2017-07-28,Upland cotton (Gossypium hirsutum L.),Approximately 8.6 plants m²,,,,,https://doi.org/10.1111/j.1439-037X.1996.tb00454.x,2025-11-25 07:28:40,8.0,True
2676,Deficit irrigation (L40),"University of São Paulo, Piracicaba-SP, Brazil",-22.7383,-47.6509,,sandy loam,164 m2,"December 16, 2019",Glycine max L.,12 plants per meter,,2.2 Mg ha-1,0.68 m,1.17 kg m-3,https://doi.org/10.1016/j.scitotenv.2017.07.158,2025-11-25 07:32:36,9.0,True
2677,Deficit irrigation (L50),"University of São Paulo, Piracicaba-SP, Brazil",-22.7383,-47.6509,,sandy loam,164 m2,"December 16, 2019",Glycine max L.,12 plants per meter,,2.3 Mg ha-1,0.68 m,0.99 kg m-3,https://doi.org/10.1016/j.scitotenv.2017.07.158,2025-11-25 07:32:36,9.0,True
2678,Deficit irrigation (L60),"University of São Paulo, Piracicaba-SP, Brazil",-22.7383,-47.6509,,sandy loam,164 m2,"December 16, 2019",Glycine max L.,12 plants per meter,,2.6 Mg ha-1,0.68 m,0.94 kg m-3,https://doi.org/10.1016/j.scitotenv.2017.07.158,2025-11-25 07:32:36,9.0,True
2679,Deficit irrigation (L70),"University of São Paulo, Piracicaba-SP, Brazil",-22.7383,-47.6509,,sandy loam,164 m2,"December 16, 2019",Glycine max L.,12 plants per meter,,3.0 Mg ha-1,0.68 m,0.96 kg m-3,https://doi.org/10.1016/j.scitotenv.2017.07.158,2025-11-25 07:32:36,9.0,True
2680,Deficit irrigation (L80),"University of São Paulo, Piracicaba-SP, Brazil",-22.7383,-47.6509,,sandy loam,164 m2,"December 16, 2019",Glycine max L.,12 plants per meter,,3.5 Mg ha-1,0.68 m,0.97 kg m-3,https://doi.org/10.1016/j.scitotenv.2017.07.158,2025-11-25 07:32:36,9.0,True
2681,Deficit irrigation (L90),"University of São Paulo, Piracicaba-SP, Brazil",-22.7383,-47.6509,,sandy loam,164 m2,"December 16, 2019",Glycine max L.,12 plants per meter,,3.4 Mg ha-1,0.68 m,0.83 kg m-3,https://doi.org/10.1016/j.scitotenv.2017.07.158,2025-11-25 07:32:36,9.0,True
2682,Full irrigation (L100),"University of São Paulo, Piracicaba-SP, Brazil",-22.7383,-47.6509,,sandy loam,164 m2,"December 16, 2019",Glycine max L.,12 plants per meter,,4.4 Mg ha-1,0.88 m,0.88 kg m-3,https://doi.org/10.1016/j.scitotenv.2017.07.158,2025-11-25 07:32:36,9.0,True
2683,Excess irrigation (L120),"University of São Paulo, Piracicaba-SP, Brazil",-22.7383,-47.6509,,sandy loam,164 m2,"December 16, 2019",Glycine max L.,12 plants per meter,,3.3 Mg ha-1,0.68 m,0.61 kg m-3,https://doi.org/10.1016/j.scitotenv.2017.07.158,2025-11-25 07:32:36,9.0,True
2696,100% field capacity,"Nigde, Turkey",37.94,34.96,1299 m,,65.1 m x 29.4 m,2021-05-13,Solanum tuberosum L.,,,28.76 t ha−1,67.10 cm,,https://doi.org/10.1038/s41598-023-36934-3,2025-11-25 07:43:21,9.0,True
2697,66% field capacity,"Nigde, Turkey",37.94,34.96,1299 m,,65.1 m x 29.4 m,2021-05-13,Solanum tuberosum L.,,,24.46 t ha−1,65.05 cm,,https://doi.org/10.1038/s41598-023-36934-3,2025-11-25 07:43:21,9.0,True
2698,33% field capacity,"Nigde, Turkey",37.94,34.96,1299 m,,65.1 m x 29.4 m,2021-05-13,Solanum tuberosum L.,,,18.06 t ha−1,61.44 cm,,https://doi.org/10.1038/s41598-023-36934-3,2025-11-25 07:43:21,9.0,True
2699,100% field capacity,"Nigde, Turkey",37.94,34.96,1299 m,,65.1 m x 29.4 m,2022-05-29,Solanum tuberosum L.,,,26.84 t ha−1,64.72 cm,,https://doi.org/10.1038/s41598-023-36934-3,2025-11-25 07:43:21,9.0,True
2700,66% field capacity,"Nigde, Turkey",37.94,34.96,1299 m,,65.1 m x 29.4 m,2022-05-29,Solanum tuberosum L.,,,24.01 t ha−1,60.85 cm,,https://doi.org/10.1038/s41598-023-36934-3,2025-11-25 07:43:21,9.0,True
2701,33% field capacity,"Nigde, Turkey",37.94,34.96,1299 m,,65.1 m x 29.4 m,2022-05-29,Solanum tuberosum L.,,,16.15 t ha−1,50.88 cm,,https://doi.org/10.1038/s41598-023-36934-3,2025-11-25 07:43:21,9.0,True
2702,,"Nigde, Turkey",37.94,34.96,1299 m,,65.1 m x 29.4 m,2021-10-04,Solanum tuberosum L.,,,,,,https://doi.org/10.1038/s41598-023-36934-3,2025-11-25 07:43:21,9.0,True
2703,,"Nigde, Turkey",37.94,34.96,1299 m,,65.1 m x 29.4 m,2022-09-27,Solanum tuberosum L.,,,,,,https://doi.org/10.1038/s41598-023-36934-3,2025-11-25 07:43:21,9.0,True
2720,Full irrigation,"Linze marginal oasis, Heihe River Basin, Gansu Province, northwestern China",39°24′ N,100°21′ E,1360–1385 m,Sand,,2015-2016,Maize (Zea mays L.),,,10223 ± 443 kg ha−1,,1.07 ± 0.05 kg m−3,https://doi.org/10.1038/s41598-019-41447-z,2025-11-25 07:48:54,8.0,True
2721,Medium irrigation,"Linze marginal oasis, Heihe River Basin, Gansu Province, northwestern China",39°24′ N,100°21′ E,1360–1385 m,Sand,,2015-2016,Maize (Zea mays L.),,,9086 ± 727 kg ha−1,,1.06 ± 0.09 kg m−3,https://doi.org/10.1038/s41598-019-41447-z,2025-11-25 07:48:54,8.0,True
2722,Low irrigation,"Linze marginal oasis, Heihe River Basin, Gansu Province, northwestern China",39°24′ N,100°21′ E,1360–1385 m,Sand,,2015-2016,Maize (Zea mays L.),,,9008 ± 678 kg ha−1,,1.20 ± 0.09 kg m−3,https://doi.org/10.1038/s41598-019-41447-z,2025-11-25 07:48:54,8.0,True
2723,Full irrigation,"Linze marginal oasis, Heihe River Basin, Gansu Province, northwestern China",39°24′ N,100°21′ E,1360–1385 m,Sand,,2015-2016,Maize (Zea mays L.),,,10871 ± 537 kg ha−1,,1.13 ± 0.06 kg m−3,https://doi.org/10.1038/s41598-019-41447-z,2025-11-25 07:48:54,8.0,True
2724,Medium irrigation,"Linze marginal oasis, Heihe River Basin, Gansu Province, northwestern China",39°24′ N,100°21′ E,1360–1385 m,Sand,,2015-2016,Maize (Zea mays L.),,,9280 ± 828 kg ha−1,,1.09 ± 0.10 kg m−3,https://doi.org/10.1038/s41598-019-41447-z,2025-11-25 07:48:54,8.0,True
2725,Low irrigation,"Linze marginal oasis, Heihe River Basin, Gansu Province, northwestern China",39°24′ N,100°21′ E,1360–1385 m,Sand,,2015-2016,Maize (Zea mays L.),,,8867 ± 768 kg ha−1,,1.18 ± 0.10 kg m−3,https://doi.org/10.1038/s41598-019-41447-z,2025-11-25 07:48:54,8.0,True
2726,Full irrigation,"Linze marginal oasis, Heihe River Basin, Gansu Province, northwestern China",39°24′ N,100°21′ E,1360–1385 m,Loamy sand,,2015-2016,Maize (Zea mays L.),,,11575 ± 1208 kg ha−1,,1.38 ± 0.14 kg m−3,https://doi.org/10.1038/s41598-019-41447-z,2025-11-25 07:48:54,8.0,True
2727,Medium irrigation,"Linze marginal oasis, Heihe River Basin, Gansu Province, northwestern China",39°24′ N,100°21′ E,1360–1385 m,Loamy sand,,2015-2016,Maize (Zea mays L.),,,10116 ± 946 kg ha−1,,1.35 ± 0.13 kg m−3,https://doi.org/10.1038/s41598-019-41447-z,2025-11-25 07:48:54,8.0,True
2728,Low irrigation,"Linze marginal oasis, Heihe River Basin, Gansu Province, northwestern China",39°24′ N,100°21′ E,1360–1385 m,Loamy sand,,2015-2016,Maize (Zea mays L.),,,9620 ± 630 kg ha−1,,1.46 ± 0.10 kg m−3,https://doi.org/10.1038/s41598-019-41447-z,2025-11-25 07:48:54,8.0,True
2729,Full irrigation,"Linze marginal oasis, Heihe River Basin, Gansu Province, northwestern China",39°24′ N,100°21′ E,1360–1385 m,Sandy loam,,2015-2016,Maize (Zea mays L.),,,12172 ± 615 kg ha−1,,1.69 ± 0.09 kg m−3,https://doi.org/10.1038/s41598-019-41447-z,2025-11-25 07:48:54,8.0,True
2730,Medium irrigation,"Linze marginal oasis, Heihe River Basin, Gansu Province, northwestern China",39°24′ N,100°21′ E,1360–1385 m,Sandy loam,,2015-2016,Maize (Zea mays L.),,,10962 ± 1070 kg ha−1,,1.70 ± 0.17 kg m−3,https://doi.org/10.1038/s41598-019-41447-z,2025-11-25 07:48:54,8.0,True
2731,Low irrigation,"Linze marginal oasis, Heihe River Basin, Gansu Province, northwestern China",39°24′ N,100°21′ E,1360–1385 m,Sandy loam,,2015-2016,Maize (Zea mays L.),,,9511 ± 418 kg ha−1,,1.67 ± 0.07 kg m−3,https://doi.org/10.1038/s41598-019-41447-z,2025-11-25 07:48:54,8.0,True
2732,Full irrigation,"Linze marginal oasis, Heihe River Basin, Gansu Province, northwestern China",39°24′ N,100°21′ E,1360–1385 m,Sandy loam,,2015-2016,Maize (Zea mays L.),,,14897 ± 965 kg ha−1,,2.48 ± 0.16 kg m−3,https://doi.org/10.1038/s41598-019-41447-z,2025-11-25 07:48:54,8.0,True
2733,Medium irrigation,"Linze marginal oasis, Heihe River Basin, Gansu Province, northwestern China",39°24′ N,100°21′ E,1360–1385 m,Sandy loam,,2015-2016,Maize (Zea mays L.),,,12232 ± 980 kg ha−1,,2.27 ± 0.18 kg m−3,https://doi.org/10.1038/s41598-019-41447-z,2025-11-25 07:48:54,8.0,True
2734,Low irrigation,"Linze marginal oasis, Heihe River Basin, Gansu Province, northwestern China",39°24′ N,100°21′ E,1360–1385 m,Sandy loam,,2015-2016,Maize (Zea mays L.),,,12350 ± 1030 kg ha−1,,2.57 ± 0.21 kg m−3,https://doi.org/10.1038/s41598-019-41447-z,2025-11-25 07:48:54,8.0,True
2735,,"Blackland Prairie, Mississippi",33°8'N,88°30'W,,silty clay,25.4 × 10^4 ha,2014-2016,soybean,,,162 ± 100 mm,,,https://doi.org/10.2134/agronj2001.932271x,2025-11-25 07:51:21,9.0,True
2736,,"Blackland Prairie, Mississippi",33°8'N,88°30'W,,silty clay,25.4 × 10^4 ha,2014-2016,corn,,,143 ± 89 mm,,,https://doi.org/10.2134/agronj2001.932271x,2025-11-25 07:51:21,9.0,True
2737,,"Blackland Prairie, Mississippi",33°8'N,88°30'W,,silty clay,25.4 × 10^4 ha,2014-2016,cotton,,,155 ± 97 mm,,,https://doi.org/10.2134/agronj2001.932271x,2025-11-25 07:51:21,9.0,True
2738,Deficit irrigation,"Blackland Prairie, Mississippi",33°8'N,88°30'W,,silty clay,25.4 × 10^4 ha,2014-2016,soybean,,,266 ± 72 mm,,,https://doi.org/10.2134/agronj2001.932271x,2025-11-25 07:51:21,9.0,True
2739,Deficit irrigation,"Blackland Prairie, Mississippi",33°8'N,88°30'W,,silty clay,25.4 × 10^4 ha,2014-2016,corn,,,229 ± 68 mm,,,https://doi.org/10.2134/agronj2001.932271x,2025-11-25 07:51:21,9.0,True
2740,Deficit irrigation,"Blackland Prairie, Mississippi",33°8'N,88°30'W,,silty clay,25.4 × 10^4 ha,2014-2016,cotton,,,258 ± 79 mm,,,https://doi.org/10.2134/agronj2001.932271x,2025-11-25 07:51:21,9.0,True
2892,Shallow Intermittent Irrigation (SII),"Kyushu University Experimental Farm, Fukuoka, Japan",33.62,130.45,,,,Mid August to beginning of November 2006,Oryza sativa L.,1,,8.41 g/pot,,0.50 g grain/kg water,https://doi.org/10.1016/j.fcr.2004.01.001,2025-11-25 08:35:53,8.0,True
2893,Alternate Wetting and Drying (AWD-1),"Kyushu University Experimental Farm, Fukuoka, Japan",33.62,130.45,,,,Mid August to beginning of November 2006,Oryza sativa L.,1,,10.05 g/pot,,0.72 g grain/kg water,https://doi.org/10.1016/j.fcr.2004.01.001,2025-11-25 08:35:53,8.0,True
2894,Alternate Wetting and Drying (AWD-2),"Kyushu University Experimental Farm, Fukuoka, Japan",33.62,130.45,,,,Mid August to beginning of November 2006,Oryza sativa L.,1,,10.04 g/pot,,0.70 g grain/kg water,https://doi.org/10.1016/j.fcr.2004.01.001,2025-11-25 08:35:53,8.0,True
2895,Alternate Wetting and Drying (AWD-3),"Kyushu University Experimental Farm, Fukuoka, Japan",33.62,130.45,,,,Mid August to beginning of November 2006,Oryza sativa L.,1,,9.30 g/pot,,0.61 g grain/kg water,https://doi.org/10.1016/j.fcr.2004.01.001,2025-11-25 08:35:53,8.0,True
2896,Alternate Wetting and Drying (AWD-4),"Kyushu University Experimental Farm, Fukuoka, Japan",33.62,130.45,,,,Mid August to beginning of November 2006,Oryza sativa L.,1,,11.93 g/pot,,0.80 g grain/kg water,https://doi.org/10.1016/j.fcr.2004.01.001,2025-11-25 08:35:53,8.0,True
2897,Combining Shallow Water Depth with Wetting and Drying (SWD-1),"Kyushu University Experimental Farm, Fukuoka, Japan",33.62,130.45,,,,Mid August to beginning of November 2006,Oryza sativa L.,1,,8.88 g/pot,,0.58 g grain/kg water,https://doi.org/10.1016/j.fcr.2004.01.001,2025-11-25 08:35:53,8.0,True
2898,Combining Shallow Water Depth with Wetting and Drying (SWD-2),"Kyushu University Experimental Farm, Fukuoka, Japan",33.62,130.45,,,,Mid August to beginning of November 2006,Oryza sativa L.,1,,10.94 g/pot,,0.66 g grain/kg water,https://doi.org/10.1016/j.fcr.2004.01.001,2025-11-25 08:35:53,8.0,True
2899,Semi-Dry Cultivation (SDC),"Kyushu University Experimental Farm, Fukuoka, Japan",33.62,130.45,,,,Mid August to beginning of November 2006,Oryza sativa L.,1,,7.21 g/pot,,0.52 g grain/kg water,https://doi.org/10.1016/j.fcr.2004.01.001,2025-11-25 08:35:53,8.0,True
2933,,"Xuanwei Town, Majiang County, Guizhou Province, China",26° 21′–26° 31′N,107° 33′–107° 47′E,,acid yellow soil,,,Vaccinium virgatum,117,,1.88 ± 0.01a,,1.51 ± 0.01a,https://doi.org/10.32604/phyton.2022.023050,2025-11-25 08:46:32,8.0,True
2934,,"Xuanwei Town, Majiang County, Guizhou Province, China",26° 21′–26° 31′N,107° 33′–107° 47′E,,acid yellow soil,,,Vaccinium virgatum,117,,2.24 ± 0.13a,,0.89 ± 0.05c,https://doi.org/10.32604/phyton.2022.023050,2025-11-25 08:46:32,8.0,True
2935,,"Xuanwei Town, Majiang County, Guizhou Province, China",26° 21′–26° 31′N,107° 33′–107° 47′E,,acid yellow soil,,,Vaccinium virgatum,117,,1.41 ± 0.03b,,0.37 ± 0.01ef,https://doi.org/10.32604/phyton.2022.023050,2025-11-25 08:46:32,8.0,True
2936,,"Xuanwei Town, Majiang County, Guizhou Province, China",26° 21′–26° 31′N,107° 33′–107° 47′E,,acid yellow soil,,,Vaccinium virgatum,117,,1.17 ± 0.07b,,0.23 ± 0.01f,https://doi.org/10.32604/phyton.2022.023050,2025-11-25 08:46:32,8.0,True
2937,,"Xuanwei Town, Majiang County, Guizhou Province, China",26° 21′–26° 31′N,107° 33′–107° 47′E,,acid yellow soil,,,Vaccinium virgatum,117,,1.43 ± 0.01b,,1.14 ± 0.01b,https://doi.org/10.32604/phyton.2022.023050,2025-11-25 08:46:32,8.0,True
2938,,"Xuanwei Town, Majiang County, Guizhou Province, China",26° 21′–26° 31′N,107° 33′–107° 47′E,,acid yellow soil,,,Vaccinium virgatum,117,,2.15 ± 0.14a,,0.86 ± 0.06c,https://doi.org/10.32604/phyton.2022.023050,2025-11-25 08:46:32,8.0,True
2939,,"Xuanwei Town, Majiang County, Guizhou Province, China",26° 21′–26° 31′N,107° 33′–107° 47′E,,acid yellow soil,,,Vaccinium virgatum,117,,1.26 ± 0.08b,,0.34 ± 0.02f,https://doi.org/10.32604/phyton.2022.023050,2025-11-25 08:46:32,8.0,True
2940,,"Xuanwei Town, Majiang County, Guizhou Province, China",26° 21′–26° 31′N,107° 33′–107° 47′E,,acid yellow soil,,,Vaccinium virgatum,117,,1.94 ± 0.06a,,0.39 ± 0.01def,https://doi.org/10.32604/phyton.2022.023050,2025-11-25 08:46:32,8.0,True
2941,,"Xuanwei Town, Majiang County, Guizhou Province, China",26° 21′–26° 31′N,107° 33′–107° 47′E,,acid yellow soil,,,Vaccinium virgatum,117,,1.97 ± 0.14a,,1.57 ± 0.12a,https://doi.org/10.32604/phyton.2022.023050,2025-11-25 08:46:32,8.0,True
2942,,"Xuanwei Town, Majiang County, Guizhou Province, China",26° 21′–26° 31′N,107° 33′–107° 47′E,,acid yellow soil,,,Vaccinium virgatum,117,,1.42 ± 0.07b,,0.57 ± 0.03d,https://doi.org/10.32604/phyton.2022.023050,2025-11-25 08:46:32,8.0,True
2943,,"Xuanwei Town, Majiang County, Guizhou Province, China",26° 21′–26° 31′N,107° 33′–107° 47′E,,acid yellow soil,,,Vaccinium virgatum,117,,2.09 ± 0.04a,,0.56 ± 0.01de,https://doi.org/10.32604/phyton.2022.023050,2025-11-25 08:46:32,8.0,True
2944,,"Xuanwei Town, Majiang County, Guizhou Province, China",26° 21′–26° 31′N,107° 33′–107° 47′E,,acid yellow soil,,,Vaccinium virgatum,117,,1.22 ± 0.03b,,0.26 ± 0.02ef,https://doi.org/10.32604/phyton.2022.023050,2025-11-25 08:46:32,8.0,True
2945,,"Xuanwei Town, Majiang County, Guizhou Province, China",26° 21′–26° 31′N,107° 33′–107° 47′E,,acid yellow soil,,,Vaccinium virgatum,117,,1.10 ± 0.06b,,,https://doi.org/10.32604/phyton.2022.023050,2025-11-25 08:46:32,8.0,True
2967,Drip irrigation with IW/CPE ratio of 0.60,"Ludhiana, India",30°54'N,75°48'E,247 meters,sandy loam,550.8 m²,November 2008,Capsicum annuum L. var. grossum,,,222.46 q/ha,56.93 cm,5.82 q/ha/cm,https://doi.org/10.17485/ijst/2014/v7i6.2,2025-11-25 08:51:24,9.0,True
2968,Drip irrigation with IW/CPE ratio of 0.75,"Ludhiana, India",30°54'N,75°48'E,247 meters,sandy loam,550.8 m²,November 2008,Capsicum annuum L. var. grossum,,,288.11 q/ha,58.83 cm,6.12 q/ha/cm,https://doi.org/10.17485/ijst/2014/v7i6.2,2025-11-25 08:51:24,9.0,True
2969,Drip irrigation with IW/CPE ratio of 0.90,"Ludhiana, India",30°54'N,75°48'E,247 meters,sandy loam,550.8 m²,November 2008,Capsicum annuum L. var. grossum,,,276.95 q/ha,60.78 cm,4.96 q/ha/cm,https://doi.org/10.17485/ijst/2014/v7i6.2,2025-11-25 08:51:24,9.0,True
2970,Furrow irrigation with paired row planting,"Ludhiana, India",30°54'N,75°48'E,247 meters,sandy loam,550.8 m²,November 2008,Capsicum annuum L. var. grossum,,,220.48 q/ha,56.26 cm,2.82 q/ha/cm,https://doi.org/10.17485/ijst/2014/v7i6.2,2025-11-25 08:51:24,9.0,True
2971,Furrow irrigation with single row planting,"Ludhiana, India",30°54'N,75°48'E,247 meters,sandy loam,550.8 m²,November 2008,Capsicum annuum L. var. grossum,,,215.42 q/ha,55.08 cm,2.76 q/ha/cm,https://doi.org/10.17485/ijst/2014/v7i6.2,2025-11-25 08:51:24,9.0,True
2987,Deficit irrigation,Kansas,,,,,,2024,grain sorghum,,,,,,https://doi.org/10.1002/agj2.21089,2025-11-25 08:55:55,8.0,True
2988,Deficit irrigation,Kansas,,,,,,2024,corn,,,,,,https://doi.org/10.1002/agj2.21089,2025-11-25 08:55:55,8.0,True
2989,,Kansas,,,,,,2024,winter wheat,,,,,,https://doi.org/10.1002/agj2.21089,2025-11-25 08:55:55,8.0,True
2990,,Kansas,,,,,,2024,forage sorghum,,,,,,https://doi.org/10.1002/agj2.21089,2025-11-25 08:55:55,8.0,True
2991,,Kansas,,,,,,2024,cover crops,,,,,,https://doi.org/10.1002/agj2.21089,2025-11-25 08:55:55,8.0,True
3045,Freshwater (FW),"Western Galilee, Northern Israel",32.9821°N,35.0830°E,,clay,,2017,avocado,417 trees per hectare,,,,,https://doi.org/10.1029/2019WR025221,2025-11-25 09:15:14,8.0,True
3046,M 1/3 (2/3 FW – 1/3 WW),"Western Galilee, Northern Israel",32.9821°N,35.0830°E,,clay,,2017,avocado,417 trees per hectare,,,,,https://doi.org/10.1029/2019WR025221,2025-11-25 09:15:14,8.0,True
3047,M 2/3 (1/3 FW – 2/3 WW),"Western Galilee, Northern Israel",32.9821°N,35.0830°E,,clay,,2017,avocado,417 trees per hectare,,,,,https://doi.org/10.1029/2019WR025221,2025-11-25 09:15:14,8.0,True
3048,Treated Wastewater (WW),"Western Galilee, Northern Israel",32.9821°N,35.0830°E,,clay,,2017,avocado,417 trees per hectare,,,,,https://doi.org/10.1029/2019WR025221,2025-11-25 09:15:14,8.0,True
3060,Full irrigation at all growth stages- 100%ETc,"Ambo Agricultural Research Center, Western Ethiopia",08°57'N,37°52'E,2225 masl,clay,,24-Dec-2016,Onion (Allium cepa L.),30,,46.7 t/ha,,7.7 kg/m3,https://doi.org/10.4172/2168-9768.1000203,2025-11-25 09:26:24,9.0,True
3061,"No irrigation during initial growth stage and 75%ETc watering during G2, G3 and G4","Ambo Agricultural Research Center, Western Ethiopia",08°57'N,37°52'E,2225 masl,clay,,24-Dec-2016,Onion (Allium cepa L.),30,,43.2 t/ha,,10.8 kg/m3,https://doi.org/10.4172/2168-9768.1000203,2025-11-25 09:26:24,9.0,True
3062,"No watering during G2 and 75%ETc watering during G1, G3 and G4","Ambo Agricultural Research Center, Western Ethiopia",08°57'N,37°52'E,2225 masl,clay,,24-Dec-2016,Onion (Allium cepa L.),30,,37.5 t/ha,,10.4 kg/m3,https://doi.org/10.4172/2168-9768.1000203,2025-11-25 09:26:24,9.0,True
3063,"No watering during G3 and 75%ETc watering during G1, G2 and G4","Ambo Agricultural Research Center, Western Ethiopia",08°57'N,37°52'E,2225 masl,clay,,24-Dec-2016,Onion (Allium cepa L.),30,,31.3 t/ha,,10.6 kg/m3,https://doi.org/10.4172/2168-9768.1000203,2025-11-25 09:26:24,9.0,True
3064,"No watering during G4 and 75%ETc watering during G1, G2 and G3","Ambo Agricultural Research Center, Western Ethiopia",08°57'N,37°52'E,2225 masl,clay,,24-Dec-2016,Onion (Allium cepa L.),30,,39.1 t/ha,,13.1 kg/m3,https://doi.org/10.4172/2168-9768.1000203,2025-11-25 09:26:24,9.0,True
3065,"No irrigation during initial growth stage and 50%ETc watering during G2, G3 and G4","Ambo Agricultural Research Center, Western Ethiopia",08°57'N,37°52'E,2225 masl,clay,,24-Dec-2016,Onion (Allium cepa L.),30,,32.8 t/ha,,12.3 kg/m3,https://doi.org/10.4172/2168-9768.1000203,2025-11-25 09:26:24,9.0,True
3066,"No watering during G2 and 50%ETc watering during G1, G3 and G4","Ambo Agricultural Research Center, Western Ethiopia",08°57'N,37°52'E,2225 masl,clay,,24-Dec-2016,Onion (Allium cepa L.),30,,28.2 t/ha,,11.7 kg/m3,https://doi.org/10.4172/2168-9768.1000203,2025-11-25 09:26:24,9.0,True
3067,"No watering during G3 and 50%ETc watering during G1, G2 and G4","Ambo Agricultural Research Center, Western Ethiopia",08°57'N,37°52'E,2225 masl,clay,,24-Dec-2016,Onion (Allium cepa L.),30,,25.5 t/ha,,12.9 kg/m3,https://doi.org/10.4172/2168-9768.1000203,2025-11-25 09:26:24,9.0,True
3068,"No watering during G4 and 50%ETc watering during G1, G2 and G3","Ambo Agricultural Research Center, Western Ethiopia",08°57'N,37°52'E,2225 masl,clay,,24-Dec-2016,Onion (Allium cepa L.),30,,29.7 t/ha,,14.9 kg/m3,https://doi.org/10.4172/2168-9768.1000203,2025-11-25 09:26:24,9.0,True
3069,60% available soil moisture depletion level (ASMDL),"Bena Tsemay District, Southern Ethiopia",5˚18′0″ to 5˚31′33″ N,36˚52′30″ to 37˚5′0″ E,550 meters,loam,,2021-2022,Onion (Allium cepa L.),,,22.96 t/ha,53.04 cm,4.85 kg/m³,https://doi.org/10.1016/j.agwat.2017.11.026,2025-11-25 09:32:01,9.0,True
3070,80% available soil moisture depletion level (ASMDL),"Bena Tsemay District, Southern Ethiopia",5˚18′0″ to 5˚31′33″ N,36˚52′30″ to 37˚5′0″ E,550 meters,loam,,2021-2022,Onion (Allium cepa L.),,,30.49 t/ha,52.11 cm,6.45 kg/m³,https://doi.org/10.1016/j.agwat.2017.11.026,2025-11-25 09:32:01,9.0,True
3071,100% available soil moisture depletion level (ASMDL),"Bena Tsemay District, Southern Ethiopia",5˚18′0″ to 5˚31′33″ N,36˚52′30″ to 37˚5′0″ E,550 meters,loam,,2021-2022,Onion (Allium cepa L.),,,30.72 t/ha,50.96 cm,6.5 kg/m³,https://doi.org/10.1016/j.agwat.2017.11.026,2025-11-25 09:32:01,9.0,True
3072,120% available soil moisture depletion level (ASMDL),"Bena Tsemay District, Southern Ethiopia",5˚18′0″ to 5˚31′33″ N,36˚52′30″ to 37˚5′0″ E,550 meters,loam,,2021-2022,Onion (Allium cepa L.),,,24.61 t/ha,47.81 cm,5.2 kg/m³,https://doi.org/10.1016/j.agwat.2017.11.026,2025-11-25 09:32:01,9.0,True
3073,140% available soil moisture depletion level (ASMDL),"Bena Tsemay District, Southern Ethiopia",5˚18′0″ to 5˚31′33″ N,36˚52′30″ to 37˚5′0″ E,550 meters,loam,,2021-2022,Onion (Allium cepa L.),,,15.20 t/ha,42.59 cm,3.21 kg/m³,https://doi.org/10.1016/j.agwat.2017.11.026,2025-11-25 09:32:01,9.0,True
3134,,Research Farm of USDA-ARS Crop Production Systems Research Unit,33°26’30.86”,-90°53’26.60”,,,,2012,cotton,,,,,,http://dx.doi.org/10.13031/2013.17916,2025-11-25 10:08:58,8.0,True
3135,,Research Farm of USDA-ARS Crop Production Systems Research Unit,33°26’30.86”,-90°53’26.60”,,,,2013,cotton,,,,,,http://dx.doi.org/10.13031/2013.17916,2025-11-25 10:08:58,8.0,True
3136,,Research Farm of USDA-ARS Crop Production Systems Research Unit,33°26’30.86”,-90°53’26.60”,,,,2012,corn,,,,,,http://dx.doi.org/10.13031/2013.17916,2025-11-25 10:08:58,8.0,True
3137,,Research Farm of USDA-ARS Crop Production Systems Research Unit,33°26’30.86”,-90°53’26.60”,,,,2013,corn,,,,,,http://dx.doi.org/10.13031/2013.17916,2025-11-25 10:08:58,8.0,True
3138,,Research Farm of USDA-ARS Crop Production Systems Research Unit,33°26’30.86”,-90°53’26.60”,,,,2012,soybean,,,,,,http://dx.doi.org/10.13031/2013.17916,2025-11-25 10:08:58,8.0,True
3139,,Research Farm of USDA-ARS Crop Production Systems Research Unit,33°26’30.86”,-90°53’26.60”,,,,2013,soybean,,,,,,http://dx.doi.org/10.13031/2013.17916,2025-11-25 10:08:58,8.0,True
3180,Sprinkler irrigation,"Wanju-gun, South Korea",,,,,,2015,‘Fuji’/M9 apple,26,Less sunburn fruits,Similar number of fruits,,37% less water compared to sprinkler irrigation,http://dx.doi.org/10.7745/KJSSF.2018.51.4.608,2025-11-25 10:33:39,8.0,True
3181,Surface drip irrigation,"Wanju-gun, South Korea",,,,,,2015,‘Fuji’/M9 apple,26,Less sunburn fruits,Similar number of fruits,,14% less water compared to sprinkler irrigation,http://dx.doi.org/10.7745/KJSSF.2018.51.4.608,2025-11-25 10:33:39,8.0,True
3182,Subsurface drip irrigation,"Wanju-gun, South Korea",,,,,,2015,‘Fuji’/M9 apple,26,Less sunburn fruits,Similar number of fruits,,27% less water compared to surface drip irrigation,http://dx.doi.org/10.7745/KJSSF.2018.51.4.608,2025-11-25 10:33:39,8.0,True
3183,Subsurface drip irrigation at 0 cm depth,"Wanju-gun, South Korea",,,,,,2015,‘Fuji’/M26 apple,26,,,,,http://dx.doi.org/10.7745/KJSSF.2018.51.4.608,2025-11-25 10:33:39,8.0,True
3184,Subsurface drip irrigation at 15 cm depth,"Wanju-gun, South Korea",,,,,,2015,‘Fuji’/M26 apple,26,,,,52% less water compared to 0 cm depth irrigation,http://dx.doi.org/10.7745/KJSSF.2018.51.4.608,2025-11-25 10:33:39,8.0,True
3185,Subsurface drip irrigation at 30 cm depth,"Wanju-gun, South Korea",,,,,,2015,‘Fuji’/M26 apple,26,,,,"21% more water compared to 15 cm depth irrigation, 108% more water compared to 0 cm depth irrigation",http://dx.doi.org/10.7745/KJSSF.2018.51.4.608,2025-11-25 10:33:39,8.0,True
3186,Full Irrigation (FI),"Technical Centre for Potato, Saida, Tunisia",37°N,10°E,28 m,clay-loam,,2009,Potato (Solanum tuberosum cv. Spunta),41667 plants ha-1,,25.6 t ha-1,,7.6 kg m-3,https://doi.org/10.5539/jas.v8n7p129,2025-11-25 10:36:14,9.0,True
3187,Partial Root-Zone Drying (PRD 80),"Technical Centre for Potato, Saida, Tunisia",37°N,10°E,28 m,clay-loam,,2009,Potato (Solanum tuberosum cv. Spunta),41667 plants ha-1,,21.4 t ha-1,,6.8 kg m-3,https://doi.org/10.5539/jas.v8n7p129,2025-11-25 10:36:14,9.0,True
3188,Partial Root-Zone Drying (PRD 70),"Technical Centre for Potato, Saida, Tunisia",37°N,10°E,28 m,clay-loam,,2009,Potato (Solanum tuberosum cv. Spunta),41667 plants ha-1,,20.9 t ha-1,,7.0 kg m-3,https://doi.org/10.5539/jas.v8n7p129,2025-11-25 10:36:14,9.0,True
3189,Partial Root-Zone Drying (PRD 60),"Technical Centre for Potato, Saida, Tunisia",37°N,10°E,28 m,clay-loam,,2009,Potato (Solanum tuberosum cv. Spunta),41667 plants ha-1,,25.2 t ha-1,,9.0 kg m-3,https://doi.org/10.5539/jas.v8n7p129,2025-11-25 10:36:14,9.0,True
3190,Full Irrigation (FI),"Technical Centre for Potato, Saida, Tunisia",37°N,10°E,28 m,clay-loam,,2010,Potato (Solanum tuberosum cv. Spunta),41667 plants ha-1,,42.9 t ha-1,,11.4 kg m-3,https://doi.org/10.5539/jas.v8n7p129,2025-11-25 10:36:14,9.0,True
3191,Partial Root-Zone Drying (PRD 80),"Technical Centre for Potato, Saida, Tunisia",37°N,10°E,28 m,clay-loam,,2010,Potato (Solanum tuberosum cv. Spunta),41667 plants ha-1,,31.7 t ha-1,,9.5 kg m-3,https://doi.org/10.5539/jas.v8n7p129,2025-11-25 10:36:14,9.0,True
3192,Partial Root-Zone Drying (PRD 70),"Technical Centre for Potato, Saida, Tunisia",37°N,10°E,28 m,clay-loam,,2010,Potato (Solanum tuberosum cv. Spunta),41667 plants ha-1,,41.2 t ha-1,,13.4 kg m-3,https://doi.org/10.5539/jas.v8n7p129,2025-11-25 10:36:14,9.0,True
3193,Partial Root-Zone Drying (PRD 60),"Technical Centre for Potato, Saida, Tunisia",37°N,10°E,28 m,clay-loam,,2010,Potato (Solanum tuberosum cv. Spunta),41667 plants ha-1,,37.8 t ha-1,,12.8 kg m-3,https://doi.org/10.5539/jas.v8n7p129,2025-11-25 10:36:14,9.0,True
3194,Full Irrigation (FI),"Technical Centre for Potato, Saida, Tunisia",37°N,10°E,28 m,clay-loam,,2011,Potato (Solanum tuberosum cv. Spunta),41667 plants ha-1,,39.1 t ha-1,,11.4 kg m-3,https://doi.org/10.5539/jas.v8n7p129,2025-11-25 10:36:14,9.0,True
3195,Partial Root-Zone Drying (PRD 80),"Technical Centre for Potato, Saida, Tunisia",37°N,10°E,28 m,clay-loam,,2011,Potato (Solanum tuberosum cv. Spunta),41667 plants ha-1,,30.5 t ha-1,,10.2 kg m-3,https://doi.org/10.5539/jas.v8n7p129,2025-11-25 10:36:14,9.0,True
3196,Partial Root-Zone Drying (PRD 70),"Technical Centre for Potato, Saida, Tunisia",37°N,10°E,28 m,clay-loam,,2011,Potato (Solanum tuberosum cv. Spunta),41667 plants ha-1,,36.2 t ha-1,,12.9 kg m-3,https://doi.org/10.5539/jas.v8n7p129,2025-11-25 10:36:14,9.0,True
3197,Partial Root-Zone Drying (PRD 60),"Technical Centre for Potato, Saida, Tunisia",37°N,10°E,28 m,clay-loam,,2011,Potato (Solanum tuberosum cv. Spunta),41667 plants ha-1,,32.5 t ha-1,,12.7 kg m-3,https://doi.org/10.5539/jas.v8n7p129,2025-11-25 10:36:14,9.0,True
3272,,De Marke,,,,dry sandy soil,,"1995-1996, 2005-2008, 2013",grass,,,"11,183 kg ha⁻¹ yr⁻¹ DM",,,https://doi.org/10.1016/j.agwat.2008.02.012,2025-11-25 10:54:11,8.0,True
3273,,De Marke,,,,dry sandy soil,,"1992-1994, 1997-2003, 2009-2012",silage maize,,,"11,593 kg ha⁻¹ yr⁻¹ DM",,,https://doi.org/10.1016/j.agwat.2008.02.012,2025-11-25 10:54:11,8.0,True
3274,,Cranendonck,,,,Cumulic Anthrosol,,1974-1982,silage maize,,,"14,097 kg ha⁻¹ yr⁻¹ DM",,,https://doi.org/10.1016/j.agwat.2008.02.012,2025-11-25 10:54:11,8.0,True
3275,,Dijkgraaf,,,,Umbric Gleysol,,2007,silage maize,,,"15,973 kg ha⁻¹ yr⁻¹ DM",,,https://doi.org/10.1016/j.agwat.2008.02.012,2025-11-25 10:54:11,8.0,True
3276,,Borgerswold,,,,sandy loam,,"1992, 1994",potato,,,"10,543 kg ha⁻¹ yr⁻¹ DM",,,https://doi.org/10.1016/j.agwat.2008.02.012,2025-11-25 10:54:11,8.0,True
3277,,Rusthoeve,,,,loamy clay,,2013,potato,,,"9,984 kg ha⁻¹ yr⁻¹ DM",,,https://doi.org/10.1016/j.agwat.2008.02.012,2025-11-25 10:54:11,8.0,True
3278,,Vredepeel,,,,sandy loam,,2002,potato,,,"11,071 kg ha⁻¹ yr⁻¹ DM",,,https://doi.org/10.1016/j.agwat.2008.02.012,2025-11-25 10:54:11,8.0,True
3279,,,,,,,,1971-2015,grassland,,,"10,494 kg ha⁻¹ season⁻¹ DM",,,https://doi.org/10.1016/j.agwat.2008.02.012,2025-11-25 10:54:11,8.0,True
3280,,,,,,,,1971-2015,maize,,,"12,318 kg ha⁻¹ season⁻¹ DM",,,https://doi.org/10.1016/j.agwat.2008.02.012,2025-11-25 10:54:11,8.0,True
3281,,,,,,,,1971-2015,potato,,,"8,864 kg ha⁻¹ season⁻¹ DM",,,https://doi.org/10.1016/j.agwat.2008.02.012,2025-11-25 10:54:11,8.0,True
3282,Drip irrigation at 100% of ETc,"Research Farm of the Department of Vegetable Science, Punjab Agricultural University, Ludhiana",,,,,,2017-18,Muskmelon (Cucumis melo L.),,,197.50-201.80 q/ha,,8.21-9.35 q/ha-cm,https://doi.org/10.1081/PLN-200052635,2025-11-25 10:56:06,9.0,True
3283,Drip irrigation at 80% of ETc,"Research Farm of the Department of Vegetable Science, Punjab Agricultural University, Ludhiana",,,,,,2017-18,Muskmelon (Cucumis melo L.),,,191.10-192.60 q/ha,,9.84-11.30 q/ha-cm,https://doi.org/10.1081/PLN-200052635,2025-11-25 10:56:06,9.0,True
3284,Drip irrigation at 60% of ETc,"Research Farm of the Department of Vegetable Science, Punjab Agricultural University, Ludhiana",,,,,,2017-18,Muskmelon (Cucumis melo L.),,,168.80-171.30 q/ha,,11.59-13.42 q/ha-cm,https://doi.org/10.1081/PLN-200052635,2025-11-25 10:56:06,9.0,True
3285,Drip irrigation at 100% of ETc,"Research Farm of the Department of Vegetable Science, Punjab Agricultural University, Ludhiana",,,,,,2018-19,Muskmelon (Cucumis melo L.),,,197.50-201.80 q/ha,,8.21-9.35 q/ha-cm,https://doi.org/10.1081/PLN-200052635,2025-11-25 10:56:06,9.0,True
3286,Drip irrigation at 80% of ETc,"Research Farm of the Department of Vegetable Science, Punjab Agricultural University, Ludhiana",,,,,,2018-19,Muskmelon (Cucumis melo L.),,,191.10-192.60 q/ha,,9.84-11.30 q/ha-cm,https://doi.org/10.1081/PLN-200052635,2025-11-25 10:56:06,9.0,True
3287,Drip irrigation at 60% of ETc,"Research Farm of the Department of Vegetable Science, Punjab Agricultural University, Ludhiana",,,,,,2018-19,Muskmelon (Cucumis melo L.),,,168.80-171.30 q/ha,,11.59-13.42 q/ha-cm,https://doi.org/10.1081/PLN-200052635,2025-11-25 10:56:06,9.0,True
3288,,"Research Farm of the Department of Vegetable Science, Punjab Agricultural University, Ludhiana",,,,,,,Muskmelon (Cucumis melo L.),,,,,,https://doi.org/10.1081/PLN-200052635,2025-11-25 10:56:06,9.0,True
3305,Deficit Irrigation (DI) 75% ETC,"Technical Center of Potato and Artichoke CTPTA, Saida, Tunisia",37°N,10°EST,28 m,clay-loam,,02 March 2017,Potato (Solanum tuberosum cv. Spunta),41667 plants ha-1,,,,,https://doi.org/10.1016/j.agwat.2006.02.008,2025-11-25 11:09:18,8.0,True
3306,Deficit Irrigation (DI) 100% ETC,"Technical Center of Potato and Artichoke CTPTA, Saida, Tunisia",37°N,10°EST,28 m,clay-loam,,02 March 2017,Potato (Solanum tuberosum cv. Spunta),41667 plants ha-1,,,,,https://doi.org/10.1016/j.agwat.2006.02.008,2025-11-25 11:09:18,8.0,True
3307,Partial Root-Zone Drying Irrigation (PRD 50),"Technical Center of Potato and Artichoke CTPTA, Saida, Tunisia",37°N,10°EST,28 m,clay-loam,,02 March 2017,Potato (Solanum tuberosum cv. Spunta),41667 plants ha-1,,,,,https://doi.org/10.1016/j.agwat.2006.02.008,2025-11-25 11:09:18,8.0,True
3317,Flood irrigation twice every week,"Training and Research Station of Agricultural and Veterinary of King Faisal University, Al-Ahsa, Saudi Arabia",25°16′14″ N,49°43′49″ E,150 m,sandy silt,3 × 4 m²,2016/2017 season,Chenopodium quinoa Willd (Chipaya cv.),30 plants per square meter,,2.00 megagram/hectare,,6921 m³/ha,https://doi.org/10.1016/S0378-3774(98)00069-9,2025-11-25 11:15:11,8.0,True
3318,Flood irrigation once every week,"Training and Research Station of Agricultural and Veterinary of King Faisal University, Al-Ahsa, Saudi Arabia",25°16′14″ N,49°43′49″ E,150 m,sandy silt,3 × 4 m²,2016/2017 season,Chenopodium quinoa Willd (Chipaya cv.),30 plants per square meter,,2.50 megagram/hectare,,3955 m³/ha,https://doi.org/10.1016/S0378-3774(98)00069-9,2025-11-25 11:15:11,8.0,True
3319,Flood irrigation once every two weeks,"Training and Research Station of Agricultural and Veterinary of King Faisal University, Al-Ahsa, Saudi Arabia",25°16′14″ N,49°43′49″ E,150 m,sandy silt,3 × 4 m²,2016/2017 season,Chenopodium quinoa Willd (Chipaya cv.),30 plants per square meter,,2.15 megagram/hectare,,1846 m³/ha,https://doi.org/10.1016/S0378-3774(98)00069-9,2025-11-25 11:15:11,8.0,True
3343,Full irrigation (100% crop evapotranspiration),"Raimat, Lleida, Spain",41°39′43″N,0°30′16″E,,silty loam,16 ha,2012,Chardonnay,1667 vines/ha,,7.1 to 8.5 kg/vine,,277 mm applied water,https://doi.org/10.1111/ajgw.12173,2025-11-25 11:25:45,9.0,True
3344,Regulated deficit irrigation (RDI-W),"Raimat, Lleida, Spain",41°39′43″N,0°30′16″E,,silty loam,16 ha,2012,Chardonnay,1667 vines/ha,,7.1 to 8.5 kg/vine,,235 mm applied water,https://doi.org/10.1111/ajgw.12173,2025-11-25 11:25:45,9.0,True
3345,Regulated deficit irrigation (RDI-BW),"Raimat, Lleida, Spain",41°39′43″N,0°30′16″E,,silty loam,16 ha,2012,Chardonnay,1667 vines/ha,,7.1 to 8.5 kg/vine,,221 mm applied water,https://doi.org/10.1111/ajgw.12173,2025-11-25 11:25:45,9.0,True
3346,Severe deficit irrigation (DI-W),"Raimat, Lleida, Spain",41°39′43″N,0°30′16″E,,silty loam,16 ha,2012,Chardonnay,1667 vines/ha,,7.1 to 8.5 kg/vine,,134 mm applied water,https://doi.org/10.1111/ajgw.12173,2025-11-25 11:25:45,9.0,True
3378,Full irrigation (100% of ETc),"Higher Agronomic Institute of Chott Mariem, Tunisia",35.91° N,10.55° E,19 m,sandy-clay,,"February 26, 2018 - June 18, 2018",Cicer Arietinum L. (Chickpea),12.5 plants/m2,,490.667 ± 16.61 kg/ha,36.767 ± 2.32 cm,"1,499 ± 0.05 kg/ha/mm",https://doi.org/10.36253/ijam-1261,2025-11-25 11:51:07,9.0,True
3379,Deficit irrigation (75% of ETc),"Higher Agronomic Institute of Chott Mariem, Tunisia",35.91° N,10.55° E,19 m,sandy-clay,,"February 26, 2018 - June 18, 2018",Cicer Arietinum L. (Chickpea),12.5 plants/m2,,414.667 ± 40.34 kg/ha,38.567 ± 2.93 cm,"1,689 ± 0.16 kg/ha/mm",https://doi.org/10.36253/ijam-1261,2025-11-25 11:51:07,9.0,True
3380,Deficit irrigation (50% of ETc),"Higher Agronomic Institute of Chott Mariem, Tunisia",35.91° N,10.55° E,19 m,sandy-clay,,"February 26, 2018 - June 18, 2018",Cicer Arietinum L. (Chickpea),12.5 plants/m2,,220.229 ± 51.13 kg/ha,36.233 ± 3.45 cm,"1,346 ± 0.31 kg/ha/mm",https://doi.org/10.36253/ijam-1261,2025-11-25 11:51:07,9.0,True
3381,Surface irrigation at 60% of potential evapotranspiration,"Badjgah region, Shiraz, Iran",29° 56' N,52° 02' E,1810 m,silty clay loam,,"May 26, 2013",Phaseolus vulgaris L. cv. Akhtar,66 plants/m2,,3062 kg/ha,,0.32 kg/m3,https://doi.org/10.1016/0378-4290(91)90040-3,2025-11-25 11:53:06,9.0,True
3382,Surface irrigation at 80% of potential evapotranspiration,"Badjgah region, Shiraz, Iran",29° 56' N,52° 02' E,1810 m,silty clay loam,,"May 26, 2013",Phaseolus vulgaris L. cv. Akhtar,66 plants/m2,,3001 kg/ha,,0.33 kg/m3,https://doi.org/10.1016/0378-4290(91)90040-3,2025-11-25 11:53:06,9.0,True
3383,Surface irrigation at 100% of potential evapotranspiration,"Badjgah region, Shiraz, Iran",29° 56' N,52° 02' E,1810 m,silty clay loam,,"May 26, 2013",Phaseolus vulgaris L. cv. Akhtar,66 plants/m2,,3062 kg/ha,,0.33 kg/m3,https://doi.org/10.1016/0378-4290(91)90040-3,2025-11-25 11:53:06,9.0,True
3384,Surface irrigation at 120% of potential evapotranspiration,"Badjgah region, Shiraz, Iran",29° 56' N,52° 02' E,1810 m,silty clay loam,,"May 26, 2013",Phaseolus vulgaris L. cv. Akhtar,66 plants/m2,,3062 kg/ha,,0.32 kg/m3,https://doi.org/10.1016/0378-4290(91)90040-3,2025-11-25 11:53:06,9.0,True
3385,Surface irrigation at 60% of potential evapotranspiration,"Badjgah region, Shiraz, Iran",29° 56' N,52° 02' E,1810 m,silty clay loam,,"May 18, 2014",Phaseolus vulgaris L. cv. Akhtar,22 plants/m2,,2052 kg/ha,,0.21 kg/m3,https://doi.org/10.1016/0378-4290(91)90040-3,2025-11-25 11:53:06,9.0,True
3386,Surface irrigation at 80% of potential evapotranspiration,"Badjgah region, Shiraz, Iran",29° 56' N,52° 02' E,1810 m,silty clay loam,,"May 18, 2014",Phaseolus vulgaris L. cv. Akhtar,22 plants/m2,,1938 kg/ha,,0.25 kg/m3,https://doi.org/10.1016/0378-4290(91)90040-3,2025-11-25 11:53:06,9.0,True
3387,Surface irrigation at 100% of potential evapotranspiration,"Badjgah region, Shiraz, Iran",29° 56' N,52° 02' E,1810 m,silty clay loam,,"May 18, 2014",Phaseolus vulgaris L. cv. Akhtar,22 plants/m2,,2265 kg/ha,,0.21 kg/m3,https://doi.org/10.1016/0378-4290(91)90040-3,2025-11-25 11:53:06,9.0,True
3388,Surface irrigation at 120% of potential evapotranspiration,"Badjgah region, Shiraz, Iran",29° 56' N,52° 02' E,1810 m,silty clay loam,,"May 18, 2014",Phaseolus vulgaris L. cv. Akhtar,22 plants/m2,,3305 kg/ha,,0.33 kg/m3,https://doi.org/10.1016/0378-4290(91)90040-3,2025-11-25 11:53:06,9.0,True
3389,Surface irrigation at 60% of potential evapotranspiration,"Badjgah region, Shiraz, Iran",29° 56' N,52° 02' E,1810 m,silty clay loam,,"May 18, 2014",Phaseolus vulgaris L. cv. Akhtar,33 plants/m2,,1125 kg/ha,,0.16 kg/m3,https://doi.org/10.1016/0378-4290(91)90040-3,2025-11-25 11:53:06,9.0,True
3390,Surface irrigation at 80% of potential evapotranspiration,"Badjgah region, Shiraz, Iran",29° 56' N,52° 02' E,1810 m,silty clay loam,,"May 18, 2014",Phaseolus vulgaris L. cv. Akhtar,33 plants/m2,,1305 kg/ha,,0.18 kg/m3,https://doi.org/10.1016/0378-4290(91)90040-3,2025-11-25 11:53:06,9.0,True
3391,Surface irrigation at 100% of potential evapotranspiration,"Badjgah region, Shiraz, Iran",29° 56' N,52° 02' E,1810 m,silty clay loam,,"May 18, 2014",Phaseolus vulgaris L. cv. Akhtar,33 plants/m2,,1451 kg/ha,,0.20 kg/m3,https://doi.org/10.1016/0378-4290(91)90040-3,2025-11-25 11:53:06,9.0,True
3392,Surface irrigation at 120% of potential evapotranspiration,"Badjgah region, Shiraz, Iran",29° 56' N,52° 02' E,1810 m,silty clay loam,,"May 18, 2014",Phaseolus vulgaris L. cv. Akhtar,33 plants/m2,,2185 kg/ha,,0.23 kg/m3,https://doi.org/10.1016/0378-4290(91)90040-3,2025-11-25 11:53:06,9.0,True
3395,Full irrigation,Mashhad,36°20'N,59°35'E,950,loam,,2019,quinoa (Chenopodium quinoa),,,367.7 g/m2,,,https://doi.org/10.36253/ijam-1136,2025-11-25 12:00:52,9.0,True
3396,Cessation of irrigation in emergence stage,Neishabour,36°10'N,58°50'E,1250,loam,,2019,quinoa (Chenopodium quinoa),,,176.21 g/m2,,,https://doi.org/10.36253/ijam-1136,2025-11-25 12:00:52,9.0,True
3397,Cessation of irrigation in stem elongation stage,Mashhad,36°20'N,59°35'E,950,loam,,2019,quinoa (Chenopodium quinoa),,,357.2 g/m2,,,https://doi.org/10.36253/ijam-1136,2025-11-25 12:00:52,9.0,True
3398,Cessation of irrigation in flowering stage,Mashhad,36°20'N,59°35'E,950,loam,,2019,quinoa (Chenopodium quinoa),,,344.6 g/m2,,,https://doi.org/10.36253/ijam-1136,2025-11-25 12:00:52,9.0,True
3399,Cessation of irrigation in seed setting stage,Neishabour,36°10'N,58°50'E,1250,loam,,2019,quinoa (Chenopodium quinoa),,,4.18%,,,https://doi.org/10.36253/ijam-1136,2025-11-25 12:00:52,9.0,True
3400,Full irrigation,Mashhad,36°20'N,59°35'E,950,loam,,2019,quinoa (Chenopodium quinoa),,,5.83%,,,https://doi.org/10.36253/ijam-1136,2025-11-25 12:00:52,9.0,True
3401,Cessation of irrigation in stem elongation stage,Mashhad,36°20'N,59°35'E,950,loam,,2019,quinoa (Chenopodium quinoa),,,5.91%,,,https://doi.org/10.36253/ijam-1136,2025-11-25 12:00:52,9.0,True
3402,Cessation of irrigation in flowering stage,Mashhad,36°20'N,59°35'E,950,loam,,2019,quinoa (Chenopodium quinoa),,,5.76%,,,https://doi.org/10.36253/ijam-1136,2025-11-25 12:00:52,9.0,True
3403,Cessation of irrigation in seed setting stage,Neishabour,36°10'N,58°50'E,1250,loam,,2019,quinoa (Chenopodium quinoa),,,4.18%,,,https://doi.org/10.36253/ijam-1136,2025-11-25 12:00:52,9.0,True
3404,Cessation of irrigation in emergence stage,Neishabour,36°10'N,58°50'E,1250,loam,,2019,quinoa (Chenopodium quinoa),,,17.59%,,,https://doi.org/10.36253/ijam-1136,2025-11-25 12:00:52,9.0,True
3405,Cessation of irrigation in flowering stage,Neishabour,36°10'N,58°50'E,1250,loam,,2019,quinoa (Chenopodium quinoa),,,18.14%,,,https://doi.org/10.36253/ijam-1136,2025-11-25 12:00:52,9.0,True
3406,Cessation of irrigation in seed setting stage,Neishabour,36°10'N,58°50'E,1250,loam,,2019,quinoa (Chenopodium quinoa),,,19.09%,,,https://doi.org/10.36253/ijam-1136,2025-11-25 12:00:52,9.0,True
3407,Deficit irrigation (75% ETc),"Cadreita, Navarre, Spain",42º12'34.75''N,1º43'1.08''W,267m,,,2009,Processing tomato,200,Increase in soluble solids (8.4%) and Hunter a/b ratio (2.4%),Reduction in marketable production of 16.4%,,Reduction of water use of 28.2% compared to standard irrigation (100% ETc),https://doi.org/10.1016/j.scienta.2015.12.051,2025-11-25 12:02:16,9.0,True
3422,Drip irrigation,"Khulna University, Bangladesh",22°47' N,89°34' E,,clay,2.5m x 2.0m,2020-11-12,Tomato,,,"28% higher in 2020, 22% higher in 2021 compared to furrow irrigation",99.2 cm,"75.4% higher in 2020, 69% higher in 2021 compared to furrow irrigation with 0 kPa soil moisture regime",https://doi.org/10.1007/s40710-023-00624-z,2025-11-25 12:08:24,9.0,True
3423,Drip irrigation,"Khulna University, Bangladesh",22°47' N,89°34' E,,clay,2.5m x 2.0m,2021-11-09,Tomato,,,"28% higher in 2020, 22% higher in 2021 compared to furrow irrigation",99.2 cm,"75.4% higher in 2020, 69% higher in 2021 compared to furrow irrigation with 0 kPa soil moisture regime",https://doi.org/10.1007/s40710-023-00624-z,2025-11-25 12:08:24,9.0,True
3424,Furrow irrigation,"Khulna University, Bangladesh",22°47' N,89°34' E,,clay,2.5m x 2.0m,2020-11-12,Tomato,,,,,,https://doi.org/10.1007/s40710-023-00624-z,2025-11-25 12:08:24,9.0,True
3425,Furrow irrigation,"Khulna University, Bangladesh",22°47' N,89°34' E,,clay,2.5m x 2.0m,2021-11-09,Tomato,,,,,,https://doi.org/10.1007/s40710-023-00624-z,2025-11-25 12:08:24,9.0,True
3426,,"Khulna University, Bangladesh",22°47' N,89°34' E,,clay,2.5m x 2.0m,2020-11-12,Tomato,,,,,,https://doi.org/10.1007/s40710-023-00624-z,2025-11-25 12:08:24,9.0,True
3427,,"Khulna University, Bangladesh",22°47' N,89°34' E,,clay,2.5m x 2.0m,2021-11-09,Tomato,,,,,,https://doi.org/10.1007/s40710-023-00624-z,2025-11-25 12:08:24,9.0,True
3432,Drip irrigation (100% ET0),"Yang Ling County, Shaanxi Province, China",34°20′ N,108°04′ E,521 m,heavy loam,570 m2,21-Mar-2012,"Tomato (Solanum lycopersicum Mill., cv. ‘Jinpeng 10’)",78,,95.8 tons ha−1,,,https://doi.org/10.1038/s41598-017-00373-8,2025-11-25 12:13:25,9.0,True
3433,Drip irrigation (75% ET0),"Yang Ling County, Shaanxi Province, China",34°20′ N,108°04′ E,521 m,heavy loam,570 m2,3-Sep-2012,"Tomato (Solanum lycopersicum Mill., cv. ‘Jinpeng 10’)",78,,,,7.25% higher than W1F1 treatment,https://doi.org/10.1038/s41598-017-00373-8,2025-11-25 12:13:25,9.0,True
3434,Drip irrigation (50% ET0),"Yang Ling County, Shaanxi Province, China",34°20′ N,108°04′ E,521 m,heavy loam,570 m2,31-Mar-2013,"Tomato (Solanum lycopersicum Mill., cv. ‘Jinpeng 10’)",78,,,,,https://doi.org/10.1038/s41598-017-00373-8,2025-11-25 12:13:25,9.0,True
3435,"Drip fertigation (75% ET0, N240−P2O5120−K2O150 kg ha−1)","Yang Ling County, Shaanxi Province, China",34°20′ N,108°04′ E,521 m,heavy loam,570 m2,,"Tomato (Solanum lycopersicum Mill., cv. ‘Jinpeng 10’)",78,,,,,https://doi.org/10.1038/s41598-017-00373-8,2025-11-25 12:13:25,9.0,True
3436,"Drip fertigation (100% ET0, N240−P2O5120−K2O150 kg ha−1)","Yang Ling County, Shaanxi Province, China",34°20′ N,108°04′ E,521 m,heavy loam,570 m2,,"Tomato (Solanum lycopersicum Mill., cv. ‘Jinpeng 10’)",78,,,,,https://doi.org/10.1038/s41598-017-00373-8,2025-11-25 12:13:25,9.0,True
3437,"Drip fertigation (75% ET0, N180−P2O590−K2O112.5 kg ha−1)","Yang Ling County, Shaanxi Province, China",34°20′ N,108°04′ E,521 m,heavy loam,570 m2,,"Tomato (Solanum lycopersicum Mill., cv. ‘Jinpeng 10’)",78,,,,,https://doi.org/10.1038/s41598-017-00373-8,2025-11-25 12:13:25,9.0,True
3438,"Drip fertigation (75% ET0, N120−P2O560−K2O75 kg ha−1)","Yang Ling County, Shaanxi Province, China",34°20′ N,108°04′ E,521 m,heavy loam,570 m2,,"Tomato (Solanum lycopersicum Mill., cv. ‘Jinpeng 10’)",78,,,,,https://doi.org/10.1038/s41598-017-00373-8,2025-11-25 12:13:25,9.0,True
3463,,South Korea,,,,sandy loam,,2017-06-05,Soybean,,100-kernel weight higher under groundwater level 40 cm than 20 cm,Dry weight 504.6g at sandy loam 20 cm,Height of the first pod 10.51 cm at sandy loam 20 cm,Water use efficiency 0.081 g mL-1 at sandy loam 20 cm,https://doi.org/10.7745/KJSSF.2018.51.4.339,2025-11-25 12:23:37,8.0,True
3464,,South Korea,,,,sandy loam,,2017-06-05,Soybean,,100-kernel weight higher under groundwater level 40 cm than 20 cm,Dry weight 427.9g at sandy loam 40 cm,Height of the first pod 6.10 cm at sandy loam 40 cm,Water use efficiency 0.115 g mL-1 at sandy loam 40 cm,https://doi.org/10.7745/KJSSF.2018.51.4.339,2025-11-25 12:23:37,8.0,True
3465,,South Korea,,,,clay loam,,2017-06-05,Soybean,,100-kernel weight higher under groundwater level 40 cm than 20 cm,Dry weight 314.3g at clay loam 20 cm,Height of the first pod 15.05 cm at clay loam 20 cm,Water use efficiency 0.058 g mL-1 at clay loam 20 cm,https://doi.org/10.7745/KJSSF.2018.51.4.339,2025-11-25 12:23:37,8.0,True
3466,,South Korea,,,,clay loam,,2017-06-05,Soybean,,100-kernel weight higher under groundwater level 40 cm than 20 cm,Dry weight 682.2g at clay loam 40 cm,Height of the first pod 15.05 cm at clay loam 40 cm,Water use efficiency 0.131 g mL-1 at clay loam 40 cm,https://doi.org/10.7745/KJSSF.2018.51.4.339,2025-11-25 12:23:37,8.0,True
3467,,South Korea,,,,sandy loam,,2017-06-05,Sorghum,,1000-kernel weight 27.9g at sandy loam 20 cm,Dry weight 355.1g at sandy loam 20 cm,Stem length 84.0 cm at sandy loam 20 cm,Water use efficiency 0.099 g mL-1 at sandy loam 20 cm,https://doi.org/10.7745/KJSSF.2018.51.4.339,2025-11-25 12:23:37,8.0,True
3468,,South Korea,,,,sandy loam,,2017-06-05,Sorghum,,1000-kernel weight 28.2g at sandy loam 40 cm,Dry weight 163g at sandy loam 40 cm,Stem length 83.3 cm at sandy loam 40 cm,Water use efficiency 0.052 g mL-1 at sandy loam 40 cm,https://doi.org/10.7745/KJSSF.2018.51.4.339,2025-11-25 12:23:37,8.0,True
3469,,South Korea,,,,clay loam,,2017-06-05,Sorghum,,1000-kernel weight 27.0g at clay loam 20 cm,Dry weight 216.8g at clay loam 20 cm,Stem length 80.3 cm at clay loam 20 cm,Water use efficiency 0.054 g mL-1 at clay loam 20 cm,https://doi.org/10.7745/KJSSF.2018.51.4.339,2025-11-25 12:23:37,8.0,True
3470,,South Korea,,,,clay loam,,2017-06-05,Sorghum,,1000-kernel weight 26.3g at clay loam 40 cm,Dry weight 95.5g at clay loam 40 cm,Stem length 81.2 cm at clay loam 40 cm,Water use efficiency 0.039 g mL-1 at clay loam 40 cm,https://doi.org/10.7745/KJSSF.2018.51.4.339,2025-11-25 12:23:37,8.0,True
3471,,South Korea,,,,sandy loam,,2017-06-05,Sesame,,1000-kernel weight 2.873g at sandy loam 20 cm,Dry weight 69.4g at sandy loam 20 cm,Stem length 165.9 cm at sandy loam 20 cm,Water use efficiency 0.019 g mL-1 at sandy loam 20 cm,https://doi.org/10.7745/KJSSF.2018.51.4.339,2025-11-25 12:23:37,8.0,True
3472,,South Korea,,,,sandy loam,,2017-06-05,Sesame,,1000-kernel weight 3.016g at sandy loam 40 cm,Dry weight 137.7g at sandy loam 40 cm,Stem length 186.7 cm at sandy loam 40 cm,Water use efficiency 0.042 g mL-1 at sandy loam 40 cm,https://doi.org/10.7745/KJSSF.2018.51.4.339,2025-11-25 12:23:37,8.0,True
3473,,South Korea,,,,clay loam,,2017-06-05,Sesame,,1000-kernel weight 3.0g at clay loam 20 cm,Dry weight 134.5g at clay loam 20 cm,Stem length 183.2 cm at clay loam 20 cm,Water use efficiency 0.033 g mL-1 at clay loam 20 cm,https://doi.org/10.7745/KJSSF.2018.51.4.339,2025-11-25 12:23:37,8.0,True
3474,,South Korea,,,,clay loam,,2017-06-05,Sesame,,1000-kernel weight 2.858g at clay loam 40 cm,Dry weight 87.1g at clay loam 40 cm,Stem length 184.1 cm at clay loam 40 cm,Water use efficiency 0.024 g mL-1 at clay loam 40 cm,https://doi.org/10.7745/KJSSF.2018.51.4.339,2025-11-25 12:23:37,8.0,True
3543,Deficit irrigation,Utah,,,,,,2025-05-13,alfalfa,,,280 AFY,,,https://doi.org/10.1007/s00271-021-00721-7,2025-11-25 13:00:56,8.0,True
3544,,Utah,,,,,,2025-05-13,corn,,,,,,https://doi.org/10.1007/s00271-021-00721-7,2025-11-25 13:00:56,8.0,True
3545,,Utah,,,,,,2025-05-13,,,,,,,https://doi.org/10.1007/s00271-021-00721-7,2025-11-25 13:00:56,8.0,True
3651,Fully-irrigated,"Bushland, Texas",35.187 °N,102.097 °W,1170 m,,,2000,Cotton,,,,,,https://doi.org/10.1016/j.compag.2020.105679,2025-11-25 13:36:54,8.0,True
3652,Deficit-irrigated,"Bushland, Texas",35.187 °N,102.097 °W,1170 m,,,2000,Cotton,,,,,,https://doi.org/10.1016/j.compag.2020.105679,2025-11-25 13:36:54,8.0,True
3653,Dryland,"Bushland, Texas",35.187 °N,102.097 °W,1170 m,,,2000,Cotton,,,,,,https://doi.org/10.1016/j.compag.2020.105679,2025-11-25 13:36:54,8.0,True
3654,Fully-irrigated,"Bushland, Texas",35.187 °N,102.097 °W,1170 m,,,2001,Cotton,,,,,,https://doi.org/10.1016/j.compag.2020.105679,2025-11-25 13:36:54,8.0,True
3655,Deficit-irrigated,"Bushland, Texas",35.187 °N,102.097 °W,1170 m,,,2001,Cotton,,,,,,https://doi.org/10.1016/j.compag.2020.105679,2025-11-25 13:36:54,8.0,True
3656,Dryland,"Bushland, Texas",35.187 °N,102.097 °W,1170 m,,,2001,Cotton,,,,,,https://doi.org/10.1016/j.compag.2020.105679,2025-11-25 13:36:54,8.0,True
3657,Fully-irrigated,"Bushland, Texas",35.187 °N,102.097 °W,1170 m,,,2008,Cotton,,,,,,https://doi.org/10.1016/j.compag.2020.105679,2025-11-25 13:36:54,8.0,True
3658,Dryland,"Bushland, Texas",35.187 °N,102.097 °W,1170 m,,,2008,Cotton,,,,,,https://doi.org/10.1016/j.compag.2020.105679,2025-11-25 13:36:54,8.0,True
3668,Full Irrigation,"Cele Oasis, Xinjiang, China",36°54′ N,80°37′ E,,sandy soil,,1960-2019,Gossypium hirsutum L.,,,3.77 Mg ha−1,,6.13 kg ha−1 mm−1,https://doi.org/10.1016/j.agwat.2020.106672,2025-11-25 13:42:02,9.0,True
3669,Deficit Irrigation (Irr700),"Cele Oasis, Xinjiang, China",36°54′ N,80°37′ E,,sandy soil,,1960-2019,Gossypium hirsutum L.,,,4.11 Mg ha−1,,6.68 kg ha−1 mm−1,https://doi.org/10.1016/j.agwat.2020.106672,2025-11-25 13:42:02,9.0,True
3670,Deficit Irrigation (Irr750),"Cele Oasis, Xinjiang, China",36°54′ N,80°37′ E,,sandy soil,,1960-2019,Gossypium hirsutum L.,,,4.54 Mg ha−1,,7.61 kg ha−1 mm−1,https://doi.org/10.1016/j.agwat.2020.106672,2025-11-25 13:42:02,9.0,True
3671,Deficit Irrigation (Irr550),"Cele Oasis, Xinjiang, China",36°54′ N,80°37′ E,,sandy soil,,1960-2019,Gossypium hirsutum L.,,,3.93 Mg ha−1,,6.63 kg ha−1 mm−1,https://doi.org/10.1016/j.agwat.2020.106672,2025-11-25 13:42:02,9.0,True
3672,Deficit Irrigation (Irr500),"Cele Oasis, Xinjiang, China",36°54′ N,80°37′ E,,sandy soil,,1960-2019,Gossypium hirsutum L.,,,3.77 Mg ha−1,,6.13 kg ha−1 mm−1,https://doi.org/10.1016/j.agwat.2020.106672,2025-11-25 13:42:02,9.0,True
3673,Deficit Irrigation (Irr400),"Cele Oasis, Xinjiang, China",36°54′ N,80°37′ E,,sandy soil,,1960-2019,Gossypium hirsutum L.,,,3.53 Mg ha−1,,5.80 kg ha−1 mm−1,https://doi.org/10.1016/j.agwat.2020.106672,2025-11-25 13:42:02,9.0,True
3674,Deficit Irrigation (Irr350),"Cele Oasis, Xinjiang, China",36°54′ N,80°37′ E,,sandy soil,,1960-2019,Gossypium hirsutum L.,,,2.67 Mg ha−1,,4.28 kg ha−1 mm−1,https://doi.org/10.1016/j.agwat.2020.106672,2025-11-25 13:42:02,9.0,True
3675,,"Cele Oasis, Xinjiang, China",36°54′ N,80°37′ E,,sandy soil,,1960-2019,Gossypium hirsutum L.,,,,,,https://doi.org/10.1016/j.agwat.2020.106672,2025-11-25 13:42:02,9.0,True
3690,,South Africa,,,,,,,,,,,,,http://dx.doi.org/10.4314/wsa.v37i5.12,2025-11-25 13:51:21,9.0,True
3691,Deficit Irrigation,Vaalharts,,,,fine sandy loams,,,maize,,,,,,http://dx.doi.org/10.4314/wsa.v37i5.12,2025-11-25 13:51:21,9.0,True
3692,Deficit Irrigation,Vaalharts,,,,fine sandy loams,,,wheat,,,,,,http://dx.doi.org/10.4314/wsa.v37i5.12,2025-11-25 13:51:21,9.0,True
3693,Regulated Deficit Irrigation,,,,,,,,grapevines,,,,,,http://dx.doi.org/10.4314/wsa.v37i5.12,2025-11-25 13:51:21,9.0,True
3694,Partial Root Zone Drying,,,,,,,,grapevines,,,,,,http://dx.doi.org/10.4314/wsa.v37i5.12,2025-11-25 13:51:21,9.0,True
3695,Deficit High-Frequency Irrigation,,,,,,,,sugarbeet,,,,,,http://dx.doi.org/10.4314/wsa.v37i5.12,2025-11-25 13:51:21,9.0,True
3817,,Anyang,36.12° N,114.37° E,,loamy sand,120000 ha,1970-2009,wheat,,,64.2 kg ha−1,,,https://doi.org/10.1016/j.agwat.2010.01.008,2025-11-25 14:21:27,8.0,True
3818,,Anyang,36.12° N,114.37° E,,loamy sand,120000 ha,1970-2009,maize,,,96 kg ha−1,,,https://doi.org/10.1016/j.agwat.2010.01.008,2025-11-25 14:21:27,8.0,True
3819,,Baoding,38.85° N,115.52° E,,silt loam,189000 ha,1970-2009,wheat,,,66.1 kg ha−1,,,https://doi.org/10.1016/j.agwat.2010.01.008,2025-11-25 14:21:27,8.0,True
3820,,Baoding,38.85° N,115.52° E,,silt loam,189000 ha,1970-2009,maize,,,80 kg ha−1,,,https://doi.org/10.1016/j.agwat.2010.01.008,2025-11-25 14:21:27,8.0,True
3821,,Beijing,39.93° N,116.28° E,,loam-silt loam,160000 ha,1970-2009,wheat,,,73.4 kg ha−1,,,https://doi.org/10.1016/j.agwat.2010.01.008,2025-11-25 14:21:27,8.0,True
3822,,Beijing,39.93° N,116.28° E,,loam-silt loam,160000 ha,1970-2009,maize,,,80 kg ha−1,,,https://doi.org/10.1016/j.agwat.2010.01.008,2025-11-25 14:21:27,8.0,True
3823,,Dezhou,37.43° N,116.32° E,,silt loam-clay,150000 ha,1970-2009,wheat,,,65.3 kg ha−1,,,https://doi.org/10.1016/j.agwat.2010.01.008,2025-11-25 14:21:27,8.0,True
3824,,Dezhou,37.43° N,116.32° E,,silt loam-clay,150000 ha,1970-2009,maize,,,100 kg ha−1,,,https://doi.org/10.1016/j.agwat.2010.01.008,2025-11-25 14:21:27,8.0,True
3825,,Huimin,37.50° N,117.53° E,,silt loam-silty clay,157000 ha,1970-2009,wheat,,,89.8 kg ha−1,,,https://doi.org/10.1016/j.agwat.2010.01.008,2025-11-25 14:21:27,8.0,True
3826,,Huimin,37.50° N,117.53° E,,silt loam-silty clay,157000 ha,1970-2009,maize,,,100 kg ha−1,,,https://doi.org/10.1016/j.agwat.2010.01.008,2025-11-25 14:21:27,8.0,True
3827,,Jinan,36.68° N,116.98° E,,sandy loam-loamy sand,157000 ha,1970-2009,wheat,,,88.2 kg ha−1,,,https://doi.org/10.1016/j.agwat.2010.01.008,2025-11-25 14:21:27,8.0,True
3828,,Jinan,36.68° N,116.98° E,,sandy loam-loamy sand,157000 ha,1970-2009,maize,,,100 kg ha−1,,,https://doi.org/10.1016/j.agwat.2010.01.008,2025-11-25 14:21:27,8.0,True
3829,,Longkou,37.62° N,120.32° E,,loam,157000 ha,1970-2009,wheat,,,94.5 kg ha−1,,,https://doi.org/10.1016/j.agwat.2010.01.008,2025-11-25 14:21:27,8.0,True
3830,,Longkou,37.62° N,120.32° E,,loam,157000 ha,1970-2009,maize,,,80 kg ha−1,,,https://doi.org/10.1016/j.agwat.2010.01.008,2025-11-25 14:21:27,8.0,True
3831,,Nangong,37.37° N,115.38° E,,silt loam,180000 ha,1970-2009,wheat,,,73.9 kg ha−1,,,https://doi.org/10.1016/j.agwat.2010.01.008,2025-11-25 14:21:27,8.0,True
3832,,Nangong,37.37° N,115.38° E,,silt loam,180000 ha,1970-2009,maize,,,100 kg ha−1,,,https://doi.org/10.1016/j.agwat.2010.01.008,2025-11-25 14:21:27,8.0,True
3833,,Qingdao,36.07° N,120.33° E,,loam-sandy loam,157000 ha,1970-2009,wheat,,,62.0 kg ha−1,,,https://doi.org/10.1016/j.agwat.2010.01.008,2025-11-25 14:21:27,8.0,True
3834,,Qingdao,36.07° N,120.33° E,,loam-sandy loam,157000 ha,1970-2009,maize,,,120 kg ha−1,,,https://doi.org/10.1016/j.agwat.2010.01.008,2025-11-25 14:21:27,8.0,True
3835,,Rizhao,35.38° N,119.53° E,,clay loam-clay,157000 ha,1970-2009,wheat,,,95.4 kg ha−1,,,https://doi.org/10.1016/j.agwat.2010.01.008,2025-11-25 14:21:27,8.0,True
3836,,Rizhao,35.38° N,119.53° E,,clay loam-clay,157000 ha,1970-2009,maize,,,90 kg ha−1,,,https://doi.org/10.1016/j.agwat.2010.01.008,2025-11-25 14:21:27,8.0,True
3837,,Shijiazhuang,38.03° N,114.42° E,,silt loam,300000 ha,1970-2009,wheat,,,79.8 kg ha−1,,,https://doi.org/10.1016/j.agwat.2010.01.008,2025-11-25 14:21:27,8.0,True
3838,,Shijiazhuang,38.03° N,114.42° E,,silt loam,300000 ha,1970-2009,maize,,,90 kg ha−1,,,https://doi.org/10.1016/j.agwat.2010.01.008,2025-11-25 14:21:27,8.0,True
3839,,Tangshan,39.67° N,118.15° E,,silty clay loam,215000 ha,1970-2009,wheat,,,49.1 kg ha−1,,,https://doi.org/10.1016/j.agwat.2010.01.008,2025-11-25 14:21:27,8.0,True
3840,,Tangshan,39.67° N,118.15° E,,silty clay loam,215000 ha,1970-2009,maize,,,60 kg ha−1,,,https://doi.org/10.1016/j.agwat.2010.01.008,2025-11-25 14:21:27,8.0,True
3841,,Tianjin,39.10° N,117.17° E,,silt loam-silty clay,120000 ha,1970-2009,wheat,,,80.9 kg ha−1,,,https://doi.org/10.1016/j.agwat.2010.01.008,2025-11-25 14:21:27,8.0,True
3842,,Tianjin,39.10° N,117.17° E,,silt loam-silty clay,120000 ha,1970-2009,maize,,,70 kg ha−1,,,https://doi.org/10.1016/j.agwat.2010.01.008,2025-11-25 14:21:27,8.0,True
3843,,Weifang,36.70° N,119.08° E,,silt loam,120000 ha,1970-2009,wheat,,,93.9 kg ha−1,,,https://doi.org/10.1016/j.agwat.2010.01.008,2025-11-25 14:21:27,8.0,True
3844,,Weifang,36.70° N,119.08° E,,silt loam,120000 ha,1970-2009,maize,,,72 kg ha−1,,,https://doi.org/10.1016/j.agwat.2010.01.008,2025-11-25 14:21:27,8.0,True
3845,,Xinxiang,35.32° N,113.88° E,,loam,167000 ha,1970-2009,wheat,,,72.2 kg ha−1,,,https://doi.org/10.1016/j.agwat.2010.01.008,2025-11-25 14:21:27,8.0,True
3846,,Xinxiang,35.32° N,113.88° E,,loam,167000 ha,1970-2009,maize,,,80 kg ha−1,,,https://doi.org/10.1016/j.agwat.2010.01.008,2025-11-25 14:21:27,8.0,True
4003,Traditional Tillage (TT),"Zhangye, Gansu Province, China",38.8500N,100.8100E,1200-1700 m,sandy loams,,25 March 2005,Triticum aestivum L. 'Longfu 2',,,5981 kg/ha,75.1 cm,11.3 kg/ha.mm,http://dx.doi.org/10.1007/s002710000019,2025-11-25 14:57:31,8.0,True
4004,Traditional Tillage (TT),"Zhangye, Gansu Province, China",38.8500N,100.8100E,1200-1700 m,sandy loams,,26 July 2006,Triticum aestivum L. 'Longfu 2',,,5981 kg/ha,63.4 cm,12.9 kg/ha.mm,http://dx.doi.org/10.1007/s002710000019,2025-11-25 14:57:31,8.0,True
4005,Traditional Tillage (TT),"Zhangye, Gansu Province, China",38.8500N,100.8100E,1200-1700 m,sandy loams,,28 July 2007,Triticum aestivum L. 'Longfu 2',,,6154 kg/ha,64.2 cm,13.1 kg/ha.mm,http://dx.doi.org/10.1007/s002710000019,2025-11-25 14:57:31,8.0,True
4006,Zero Tillage (ZT),"Zhangye, Gansu Province, China",38.8500N,100.8100E,1200-1700 m,sandy loams,,25 March 2005,Triticum aestivum L. 'Longfu 2',,,6128 kg/ha,72.6 cm,11.2 kg/ha.mm,http://dx.doi.org/10.1007/s002710000019,2025-11-25 14:57:31,8.0,True
4007,Zero Tillage (ZT),"Zhangye, Gansu Province, China",38.8500N,100.8100E,1200-1700 m,sandy loams,,26 July 2006,Triticum aestivum L. 'Longfu 2',,,6128 kg/ha,70.3 cm,14.0 kg/ha.mm,http://dx.doi.org/10.1007/s002710000019,2025-11-25 14:57:31,8.0,True
4008,Zero Tillage (ZT),"Zhangye, Gansu Province, China",38.8500N,100.8100E,1200-1700 m,sandy loams,,28 July 2007,Triticum aestivum L. 'Longfu 2',,,6354 kg/ha,66.8 cm,13.7 kg/ha.mm,http://dx.doi.org/10.1007/s002710000019,2025-11-25 14:57:31,8.0,True
4009,Permanent Raised Beds (PRB),"Zhangye, Gansu Province, China",38.8500N,100.8100E,1200-1700 m,sandy loams,,25 March 2005,Triticum aestivum L. 'Longfu 2',,,6314 kg/ha,68.7 cm,13.1 kg/ha.mm,http://dx.doi.org/10.1007/s002710000019,2025-11-25 14:57:31,8.0,True
4010,Permanent Raised Beds (PRB),"Zhangye, Gansu Province, China",38.8500N,100.8100E,1200-1700 m,sandy loams,,26 July 2006,Triticum aestivum L. 'Longfu 2',,,6314 kg/ha,68.7 cm,16.7 kg/ha.mm,http://dx.doi.org/10.1007/s002710000019,2025-11-25 14:57:31,8.0,True
4011,Permanent Raised Beds (PRB),"Zhangye, Gansu Province, China",38.8500N,100.8100E,1200-1700 m,sandy loams,,28 July 2007,Triticum aestivum L. 'Longfu 2',,,6297 kg/ha,67.9 cm,15.2 kg/ha.mm,http://dx.doi.org/10.1007/s002710000019,2025-11-25 14:57:31,8.0,True
4055,Full irrigation (100% ET C),"Imperial Valley, California, USA",32°48′24″ N,115°26′43″ W,,silty clay loam,0.45 ha,26 March 2019 to 1 July 2019,sunflower (Helianthus annuus),,,19.44 mg cm−1,,532.63 mm,https://doi.org/10.3390/w11112340,2025-11-25 15:15:15,9.0,True
4056,Deficit irrigation (65% ET C),"Imperial Valley, California, USA",32°48′24″ N,115°26′43″ W,,silty clay loam,0.45 ha,26 March 2019 to 1 July 2019,sunflower (Helianthus annuus),,,16.12 mg cm−1,,337.23 mm,https://doi.org/10.3390/w11112340,2025-11-25 15:15:15,9.0,True
4057,Conventional Drip Irrigation (CDI),"Guangxi University, Nanning, southern China",22°51′11″ N,108°17′27″ E,,clay,,7 April 2014 to 11 July 2014,Zea mays L.,1,,55.14 g plant−1,,1.92 kg m−3,https://doi.org/10.1038/s41598-017-17560-2,2025-11-25 15:17:23,8.0,True
4058,Alternate Partial Root-Zone Drip Irrigation (ADI),"Guangxi University, Nanning, southern China",22°51′11″ N,108°17′27″ E,,clay,,7 April 2014 to 11 July 2014,Zea mays L.,1,,58.25 g plant−1,,2.54 kg m−3,https://doi.org/10.1038/s41598-017-17560-2,2025-11-25 15:17:23,8.0,True
4059,Fixed Partial Root-Zone Drip Irrigation (FDI),"Guangxi University, Nanning, southern China",22°51′11″ N,108°17′27″ E,,clay,,7 April 2014 to 11 July 2014,Zea mays L.,1,,51.07 g plant−1,,2.22 kg m−3,https://doi.org/10.1038/s41598-017-17560-2,2025-11-25 15:17:23,8.0,True
4060,,"Guangxi University, Nanning, southern China",22°51′11″ N,108°17′27″ E,,clay,,7 April 2014 to 11 July 2014,Zea mays L.,1,,,,,https://doi.org/10.1038/s41598-017-17560-2,2025-11-25 15:17:23,8.0,True
4061,,"Guangxi University, Nanning, southern China",22°51′11″ N,108°17′27″ E,,clay,,7 April 2014 to 11 July 2014,Zea mays L.,1,,,,,https://doi.org/10.1038/s41598-017-17560-2,2025-11-25 15:17:23,8.0,True
4062,Alternate Furrow Irrigation (AFI) at 100% ETc,"Selekleka Agricultural Research Farm, Shire-Maitsebri Agricultural Research Center, Tigray, Ethiopia",14.3°N,38.72°E,1782m,loamy sand,,2017-12-15,Zea mays L.,120,,6714.8 kg/ha,1.469 m,1.778 kg/m3,https://doi.org/10.3126/jnarc.v6i0.28124,2025-11-25 15:18:51,8.0,True
4063,Alternate Furrow Irrigation (AFI) at 75% ETc,"Selekleka Agricultural Research Farm, Shire-Maitsebri Agricultural Research Center, Tigray, Ethiopia",14.3°N,38.72°E,1782m,loamy sand,,2018-12-20,Zea mays L.,120,,4548.6 kg/ha,1.572 m,1.607 kg/m3,https://doi.org/10.3126/jnarc.v6i0.28124,2025-11-25 15:18:51,8.0,True
4064,Alternate Furrow Irrigation (AFI) at 50% ETc,"Selekleka Agricultural Research Farm, Shire-Maitsebri Agricultural Research Center, Tigray, Ethiopia",14.3°N,38.72°E,1782m,loamy sand,,2018-12-20,Zea mays L.,120,,4310.8 kg/ha,1.405 m,2.288 kg/m3,https://doi.org/10.3126/jnarc.v6i0.28124,2025-11-25 15:18:51,8.0,True
4065,Fixed Furrow Irrigation (FFI) at 100% ETc,"Selekleka Agricultural Research Farm, Shire-Maitsebri Agricultural Research Center, Tigray, Ethiopia",14.3°N,38.72°E,1782m,loamy sand,,2017-12-15,Zea mays L.,120,,3075.2 kg/ha,1.720 m,0.815 kg/m3,https://doi.org/10.3126/jnarc.v6i0.28124,2025-11-25 15:18:51,8.0,True
4066,Fixed Furrow Irrigation (FFI) at 75% ETc,"Selekleka Agricultural Research Farm, Shire-Maitsebri Agricultural Research Center, Tigray, Ethiopia",14.3°N,38.72°E,1782m,loamy sand,,2018-12-20,Zea mays L.,120,,3964.5 kg/ha,1.619 m,1.400 kg/m3,https://doi.org/10.3126/jnarc.v6i0.28124,2025-11-25 15:18:51,8.0,True
4067,Fixed Furrow Irrigation (FFI) at 50% ETc,"Selekleka Agricultural Research Farm, Shire-Maitsebri Agricultural Research Center, Tigray, Ethiopia",14.3°N,38.72°E,1782m,loamy sand,,2018-12-20,Zea mays L.,120,,2647.5 kg/ha,1.491 m,1.402 kg/m3,https://doi.org/10.3126/jnarc.v6i0.28124,2025-11-25 15:18:51,8.0,True
4068,Conventional Furrow Irrigation (CFI) at 100% ETc,"Selekleka Agricultural Research Farm, Shire-Maitsebri Agricultural Research Center, Tigray, Ethiopia",14.3°N,38.72°E,1782m,loamy sand,,2017-12-15,Zea mays L.,120,,7323.3 kg/ha,1.795 m,0.972 kg/m3,https://doi.org/10.3126/jnarc.v6i0.28124,2025-11-25 15:18:51,8.0,True
4069,Conventional Furrow Irrigation (CFI) at 75% ETc,"Selekleka Agricultural Research Farm, Shire-Maitsebri Agricultural Research Center, Tigray, Ethiopia",14.3°N,38.72°E,1782m,loamy sand,,2018-12-20,Zea mays L.,120,,5238.2 kg/ha,1.695 m,0.925 kg/m3,https://doi.org/10.3126/jnarc.v6i0.28124,2025-11-25 15:18:51,8.0,True
4070,Conventional Furrow Irrigation (CFI) at 50% ETc,"Selekleka Agricultural Research Farm, Shire-Maitsebri Agricultural Research Center, Tigray, Ethiopia",14.3°N,38.72°E,1782m,loamy sand,,2018-12-20,Zea mays L.,120,,4032.3 kg/ha,1.790 m,1.068 kg/m3,https://doi.org/10.3126/jnarc.v6i0.28124,2025-11-25 15:18:51,8.0,True
4071,Drip irrigation,"Senador Nilo Coelho, Núcleo 5, Petrolina, PE, Brazil","9° 21' 27.65"" South","40° 37' 56.07"" West",396 m,sandy,,May 2017 - November 2017,Pyrus communis,10,,18.49 kg plant-1,,,https://doi.org/10.1016/j.plaphy.2020.01.034,2025-11-25 15:20:17,8.0,True
4072,Microsprinkler irrigation,"Senador Nilo Coelho, Núcleo 5, Petrolina, PE, Brazil","9° 21' 27.65"" South","40° 37' 56.07"" West",396 m,sandy,,May 2017 - November 2017,Pyrus communis,10,,18.49 kg plant-1,,,https://doi.org/10.1016/j.plaphy.2020.01.034,2025-11-25 15:20:17,8.0,True
4073,,"Senador Nilo Coelho, Núcleo 5, Petrolina, PE, Brazil","9° 21' 27.65"" South","40° 37' 56.07"" West",396 m,sandy,,May 2017 - November 2017,Pyrus communis,10,,,,,https://doi.org/10.1016/j.plaphy.2020.01.034,2025-11-25 15:20:17,8.0,True
4106,Full Irrigation,"Bikaner, India",28º4′ N,74º3′ E,238.3 m,loamy sand,,2012-2014,Peanut (Arachis hypogaea L.),,,Pod yield: 2172 kg ha−1,,"WPAET: 0.389 kg m−3, WPI: 0.661 kg m−3",https://doi.org/10.1038/s41598-021-82968-w,2025-11-25 15:32:18,9.0,True
4107,Deficit Irrigation 10%,"Bikaner, India",28º4′ N,74º3′ E,238.3 m,loamy sand,,2012-2014,Peanut (Arachis hypogaea L.),,,Pod yield: 2817 kg ha−1,,"WPAET: 0.397 kg m−3, WPI: 0.670 kg m−3",https://doi.org/10.1038/s41598-021-82968-w,2025-11-25 15:32:18,9.0,True
4108,Deficit Irrigation 20%,"Bikaner, India",28º4′ N,74º3′ E,238.3 m,loamy sand,,2012-2014,Peanut (Arachis hypogaea L.),,"Oil content: 5.26 g kg−1, Protein content: 2.74 g kg−1",Pod yield: 3810 kg ha−1,,"WPAET: 0.481 kg m−3, WPI: 0.633 kg m−3",https://doi.org/10.1038/s41598-021-82968-w,2025-11-25 15:32:18,9.0,True
4109,Deficit Irrigation 30%,"Bikaner, India",28º4′ N,74º3′ E,238.3 m,loamy sand,,2012-2014,Peanut (Arachis hypogaea L.),,,Pod yield: 2870 kg ha−1,,"WPAET: 0.384 kg m−3, WPI: 0.636 kg m−3",https://doi.org/10.1038/s41598-021-82968-w,2025-11-25 15:32:18,9.0,True
4110,Deficit Irrigation 40%,"Bikaner, India",28º4′ N,74º3′ E,238.3 m,loamy sand,,2012-2014,Peanut (Arachis hypogaea L.),,,Pod yield: 2122 kg ha−1,,"WPAET: 0.359 kg m−3, WPI: 0.607 kg m−3",https://doi.org/10.1038/s41598-021-82968-w,2025-11-25 15:32:18,9.0,True
4111,Deficit Irrigation 50%,"Bikaner, India",28º4′ N,74º3′ E,238.3 m,loamy sand,,2012-2014,Peanut (Arachis hypogaea L.),,,Pod yield: 1316 kg ha−1,,"WPAET: 0.325 kg m−3, WPI: 0.552 kg m−3",https://doi.org/10.1038/s41598-021-82968-w,2025-11-25 15:32:18,9.0,True
4112,100% of ETC,"Faisalabad, Punjab, Pakistan",31° 38.71 N,73° 01.27 E,184 m,sandy loam,,2014-11-10,Triticum aestivum L.,,,269 mm,,,https://doi.org/10.15406/ijh.2021.05.00287,2025-11-25 15:35:20,9.0,True
4113,80% of ETC,"Faisalabad, Punjab, Pakistan",31° 38.71 N,73° 01.27 E,184 m,sandy loam,,2014-11-10,Triticum aestivum L.,,,215 mm,,,https://doi.org/10.15406/ijh.2021.05.00287,2025-11-25 15:35:20,9.0,True
4114,60% of ETC,"Faisalabad, Punjab, Pakistan",31° 38.71 N,73° 01.27 E,184 m,sandy loam,,2014-11-10,Triticum aestivum L.,,,162 mm,,,https://doi.org/10.15406/ijh.2021.05.00287,2025-11-25 15:35:20,9.0,True
4115,100% of ETC,"Faisalabad, Punjab, Pakistan",31° 38.71 N,73° 01.27 E,184 m,sandy loam,,2015-11-11,Triticum aestivum L.,,,269 mm,,,https://doi.org/10.15406/ijh.2021.05.00287,2025-11-25 15:35:20,9.0,True
4116,80% of ETC,"Faisalabad, Punjab, Pakistan",31° 38.71 N,73° 01.27 E,184 m,sandy loam,,2015-11-11,Triticum aestivum L.,,,215 mm,,,https://doi.org/10.15406/ijh.2021.05.00287,2025-11-25 15:35:20,9.0,True
4117,60% of ETC,"Faisalabad, Punjab, Pakistan",31° 38.71 N,73° 01.27 E,184 m,sandy loam,,2015-11-11,Triticum aestivum L.,,,162 mm,,,https://doi.org/10.15406/ijh.2021.05.00287,2025-11-25 15:35:20,9.0,True
4118,deficit subsurface drip irrigation,Texas Southern High Plains,,,,,,December 2022,cotton (Gossypium hirsutum L.),,,,,,https://doi.org/10.1016/j.agwat.2023.108192,2025-11-25 15:37:45,8.0,True
4119,deficit irrigation,Texas Southern High Plains,,,,,,2020,cucumber,,,,,,https://doi.org/10.1016/j.agwat.2023.108192,2025-11-25 15:37:45,8.0,True
4120,deficit irrigation,Texas Southern High Plains,,,,,,2020,sweet corn,,,,,,https://doi.org/10.1016/j.agwat.2023.108192,2025-11-25 15:37:45,8.0,True
4121,deficit irrigation,Texas Southern High Plains,,,,,,2020,baby corn (Zea mays L.),,,,,,https://doi.org/10.1016/j.agwat.2023.108192,2025-11-25 15:37:45,8.0,True
4122,deficit irrigation,Texas Southern High Plains,,,,,,2020,cotton,,,,,,https://doi.org/10.1016/j.agwat.2023.108192,2025-11-25 15:37:45,8.0,True
4147,100% field capacity,"Kiboko, Makindu Sub-County, Kenya",02° 127 S,37° 437 E,975 m,sandy loams,,2018,maize (Zea mays),44444 plants ha-1,,10.9 t ha-1,308.1 cm,19.7 kg ha-1 mm-1,https://doi.org/10.56369/tsaes.3966,2025-11-25 15:47:59,9.0,True
4148,75% field capacity,"Kiboko, Makindu Sub-County, Kenya",02° 127 S,37° 437 E,975 m,sandy loams,,2018,maize (Zea mays),44444 plants ha-1,,10.4 t ha-1,297 cm,19.6 kg ha-1 mm-1,https://doi.org/10.56369/tsaes.3966,2025-11-25 15:47:59,9.0,True
4149,50% field capacity,"Kiboko, Makindu Sub-County, Kenya",02° 127 S,37° 437 E,975 m,sandy loams,,2018,maize (Zea mays),44444 plants ha-1,,9.8 t ha-1,295 cm,19.8 kg ha-1 mm-1,https://doi.org/10.56369/tsaes.3966,2025-11-25 15:47:59,9.0,True
4150,25% field capacity,"Kiboko, Makindu Sub-County, Kenya",02° 127 S,37° 437 E,975 m,sandy loams,,2018,maize (Zea mays),44444 plants ha-1,,9.0 t ha-1,292 cm,20.6 kg ha-1 mm-1,https://doi.org/10.56369/tsaes.3966,2025-11-25 15:47:59,9.0,True
4151,rain-fed,"Kiboko, Makindu Sub-County, Kenya",02° 127 S,37° 437 E,975 m,sandy loams,,2018,maize (Zea mays),44444 plants ha-1,,8.4 t ha-1,263 cm,22.0 kg ha-1 mm-1,https://doi.org/10.56369/tsaes.3966,2025-11-25 15:47:59,9.0,True
4152,100% field capacity,"Kiboko, Makindu Sub-County, Kenya",02° 127 S,37° 437 E,975 m,sandy loams,,2019,maize (Zea mays),44444 plants ha-1,,10.2 t ha-1,306 cm,23.0 kg ha-1 mm-1,https://doi.org/10.56369/tsaes.3966,2025-11-25 15:47:59,9.0,True
4153,75% field capacity,"Kiboko, Makindu Sub-County, Kenya",02° 127 S,37° 437 E,975 m,sandy loams,,2019,maize (Zea mays),44444 plants ha-1,,9.1 t ha-1,262 cm,23.7 kg ha-1 mm-1,https://doi.org/10.56369/tsaes.3966,2025-11-25 15:47:59,9.0,True
4154,50% field capacity,"Kiboko, Makindu Sub-County, Kenya",02° 127 S,37° 437 E,975 m,sandy loams,,2019,maize (Zea mays),44444 plants ha-1,,8.5 t ha-1,225 cm,24.8 kg ha-1 mm-1,https://doi.org/10.56369/tsaes.3966,2025-11-25 15:47:59,9.0,True
4155,25% field capacity,"Kiboko, Makindu Sub-County, Kenya",02° 127 S,37° 437 E,975 m,sandy loams,,2019,maize (Zea mays),44444 plants ha-1,,6.0 t ha-1,197 cm,19.8 kg ha-1 mm-1,https://doi.org/10.56369/tsaes.3966,2025-11-25 15:47:59,9.0,True
4156,rain-fed,"Kiboko, Makindu Sub-County, Kenya",02° 127 S,37° 437 E,975 m,sandy loams,,2019,maize (Zea mays),44444 plants ha-1,,3.0 t ha-1,96 cm,16.6 kg ha-1 mm-1,https://doi.org/10.56369/tsaes.3966,2025-11-25 15:47:59,9.0,True
4168,Supplemental Irrigation 100% of Field Capacity,"Maru Agricultural Station, Irbid, Jordan",32.5500,35.8500,589 m,silty clay,,2014-2015,Triticum aestivum L. and T. durum Desf.,300 plants m²,,4.79 t ha⁻¹,,1.13 kg m³,https://doi.org/10.3390/agriculture8050067,2025-11-25 15:52:38,9.0,True
4169,Supplemental Irrigation 75% of Field Capacity,"Maru Agricultural Station, Irbid, Jordan",32.5500,35.8500,589 m,silty clay,,2014-2015,Triticum aestivum L. and T. durum Desf.,300 plants m²,,4.10 t ha⁻¹,,1.07 kg m³,https://doi.org/10.3390/agriculture8050067,2025-11-25 15:52:38,9.0,True
4170,Supplemental Irrigation 50% of Field Capacity,"Maru Agricultural Station, Irbid, Jordan",32.5500,35.8500,589 m,silty clay,,2014-2015,Triticum aestivum L. and T. durum Desf.,300 plants m²,,3.81 t ha⁻¹,,1.07 kg m³,https://doi.org/10.3390/agriculture8050067,2025-11-25 15:52:38,9.0,True
4171,Rain-fed,"Maru Agricultural Station, Irbid, Jordan",32.5500,35.8500,589 m,silty clay,,2014-2015,Triticum aestivum L. and T. durum Desf.,300 plants m²,,2.24 t ha⁻¹,,0.82 kg m³,https://doi.org/10.3390/agriculture8050067,2025-11-25 15:52:38,9.0,True
4172,Supplemental Irrigation 100% of Field Capacity,"Maru Agricultural Station, Irbid, Jordan",32.5500,35.8500,589 m,silty clay,,2013-2014,Triticum aestivum L. and T. durum Desf.,300 plants m²,,4.28 t ha⁻¹,,0.93 kg m³,https://doi.org/10.3390/agriculture8050067,2025-11-25 15:52:38,9.0,True
4173,Supplemental Irrigation 75% of Field Capacity,"Maru Agricultural Station, Irbid, Jordan",32.5500,35.8500,589 m,silty clay,,2013-2014,Triticum aestivum L. and T. durum Desf.,300 plants m²,,3.47 t ha⁻¹,,0.95 kg m³,https://doi.org/10.3390/agriculture8050067,2025-11-25 15:52:38,9.0,True
4174,Supplemental Irrigation 50% of Field Capacity,"Maru Agricultural Station, Irbid, Jordan",32.5500,35.8500,589 m,silty clay,,2013-2014,Triticum aestivum L. and T. durum Desf.,300 plants m²,,3.33 t ha⁻¹,,0.91 kg m³,https://doi.org/10.3390/agriculture8050067,2025-11-25 15:52:38,9.0,True
4175,Rain-fed,"Maru Agricultural Station, Irbid, Jordan",32.5500,35.8500,589 m,silty clay,,2013-2014,Triticum aestivum L. and T. durum Desf.,300 plants m²,,3.89 t ha⁻¹,,0.97 kg m³,https://doi.org/10.3390/agriculture8050067,2025-11-25 15:52:38,9.0,True
4194,Regulated Deficit Irrigation (RDI),"Jaboticabal, São Paulo, Brazil",21°14′50′′ S,48°17′5′′ W,570 m,Clayey,,"November 14, 2014 - May 16, 2016",Sugarcane,13333 seedlings ha-1,,"Stalk yield (146.5 t ha-1), Sugar yield (21.81 t ha-1)",,146.7 kg ha-1 mm-1,https://doi.org/10.5539/jas.v10n7p174,2025-11-25 15:59:13,8.0,True
4195,Non-Irrigation,"Jaboticabal, São Paulo, Brazil",21°14′50′′ S,48°17′5′′ W,570 m,Clayey,,"November 14, 2014 - May 16, 2016",Sugarcane,13333 seedlings ha-1,,"Stalk yield (NA), Sugar yield (NA)",,,https://doi.org/10.5539/jas.v10n7p174,2025-11-25 15:59:13,8.0,True
4345,Well-watered control (100% ET0),"Raimat, Lleida, Spain",41.8390N,0.8300E,,silty loam,11 ha,2009,Pinot noir (Vitis vinifera L.),1900 vines ha-1,,,,,https://doi.org/10.1007/s11119-013-9334-5,2025-11-25 16:44:19,8.0,True
4346,Stressed (WL < -1.2 MPa in 2009),"Raimat, Lleida, Spain",41.8390N,0.8300E,,silty loam,11 ha,2009,Pinot noir (Vitis vinifera L.),1900 vines ha-1,,,,,https://doi.org/10.1007/s11119-013-9334-5,2025-11-25 16:44:19,8.0,True
4347,Well-watered control (100% ET0),"Raimat, Lleida, Spain",41.8390N,0.8300E,,silty loam,11 ha,2010,Pinot noir (Vitis vinifera L.),1900 vines ha-1,,,,,https://doi.org/10.1007/s11119-013-9334-5,2025-11-25 16:44:19,8.0,True
4348,Stressed (WL < -1.6 MPa in 2010),"Raimat, Lleida, Spain",41.8390N,0.8300E,,silty loam,11 ha,2010,Pinot noir (Vitis vinifera L.),1900 vines ha-1,,,,,https://doi.org/10.1007/s11119-013-9334-5,2025-11-25 16:44:19,8.0,True
4349,Direct Root-zone Delivery,"Kiona Vineyards, Block 2, Red Mountain AVA, Benton City, WA",46.2831,-119.4425,,Hezel loamy fine sand,,2015-09-26,Cabernet Sauvignon,990,"Higher sugar content, reduced acidity, higher total anthocyanin","4.54 tons/ac (100%), 4.08 tons/ac (60%), 3.40 tons/ac (30%), 3.18 tons/ac (15%)",,"3.63 tons/ac.ft (100%), 5.04 tons/ac.ft (60%), 8.50 tons/ac.ft (30%), 15.90 tons/ac.ft (15%)",https://doi.org/10.3390/rs9090961,2025-11-25 16:44:56,9.0,True
4350,Direct Root-zone Delivery,"Kiona Vineyards, Block 2, Red Mountain AVA, Benton City, WA",46.2831,-119.4425,,Hezel loamy fine sand,,2016-09-24,Cabernet Sauvignon,990,"Higher sugar content, reduced acidity, higher total anthocyanin","8.16 tons/ac (100%), 5.02 tons/ac (60%), 4.19 tons/ac (30%), 3.52 tons/ac (15%)",,"6.43 tons/ac.ft (100%), 5.98 tons/ac.ft (60%), 9.74 tons/ac.ft (30%), 15.30 tons/ac.ft (15%)",https://doi.org/10.3390/rs9090961,2025-11-25 16:44:56,9.0,True
4351,Direct Root-zone Delivery,"Kiona Vineyards, Block 2, Red Mountain AVA, Benton City, WA",46.2831,-119.4425,,Hezel loamy fine sand,,2017-09-26,Cabernet Sauvignon,990,"Higher sugar content, reduced acidity, higher total anthocyanin","4.64 tons/ac (100%), 4.43 tons/ac (60%), 4.06 tons/ac (30%), 3.52 tons/ac (15%)",,"3.74 tons/ac.ft (100%), 5.99 tons/ac.ft (60%), 10.97 tons/ac.ft (30%), 18.53 tons/ac.ft (15%)",https://doi.org/10.3390/rs9090961,2025-11-25 16:44:56,9.0,True
4355,Irrigation every 4 days + No gypsum,"El-Karada Water Requirements Research Station, Kafr El-Sheikh, North Delta, Egypt",31°6'N,30°56'E,,clay,67.5 m2,2012,"Oryza sativa L., cv. Giza 178",6,,9334 kg ha-1,80.9 cm,0.81 kg m-3,http://dx.doi.org/10.1016/0378-4290(94)90002-7,2025-11-25 16:49:17,8.0,True
4356,Irrigation every 4 days + Gypsum,"El-Karada Water Requirements Research Station, Kafr El-Sheikh, North Delta, Egypt",31°6'N,30°56'E,,clay,67.5 m2,2012,"Oryza sativa L., cv. Giza 178",6,,10220 kg ha-1,82.0 cm,1.10 kg m-3,http://dx.doi.org/10.1016/0378-4290(94)90002-7,2025-11-25 16:49:17,8.0,True
4357,Irrigation every 6 days + No gypsum,"El-Karada Water Requirements Research Station, Kafr El-Sheikh, North Delta, Egypt",31°6'N,30°56'E,,clay,67.5 m2,2012,"Oryza sativa L., cv. Giza 178",6,,8298 kg ha-1,80.7 cm,0.82 kg m-3,http://dx.doi.org/10.1016/0378-4290(94)90002-7,2025-11-25 16:49:17,8.0,True
4358,Irrigation every 6 days + Gypsum,"El-Karada Water Requirements Research Station, Kafr El-Sheikh, North Delta, Egypt",31°6'N,30°56'E,,clay,67.5 m2,2012,"Oryza sativa L., cv. Giza 178",6,,9944 kg ha-1,81.8 cm,1.20 kg m-3,http://dx.doi.org/10.1016/0378-4290(94)90002-7,2025-11-25 16:49:17,8.0,True
4359,Irrigation every 8 days + No gypsum,"El-Karada Water Requirements Research Station, Kafr El-Sheikh, North Delta, Egypt",31°6'N,30°56'E,,clay,67.5 m2,2012,"Oryza sativa L., cv. Giza 178",6,,6637 kg ha-1,80.3 cm,0.91 kg m-3,http://dx.doi.org/10.1016/0378-4290(94)90002-7,2025-11-25 16:49:17,8.0,True
4360,Irrigation every 8 days + Gypsum,"El-Karada Water Requirements Research Station, Kafr El-Sheikh, North Delta, Egypt",31°6'N,30°56'E,,clay,67.5 m2,2012,"Oryza sativa L., cv. Giza 178",6,,7414 kg ha-1,81.8 cm,1.10 kg m-3,http://dx.doi.org/10.1016/0378-4290(94)90002-7,2025-11-25 16:49:17,8.0,True
4361,Irrigation every 4 days + No gypsum,"El-Karada Water Requirements Research Station, Kafr El-Sheikh, North Delta, Egypt",31°6'N,30°56'E,,clay,67.5 m2,2013,"Oryza sativa L., cv. Giza 178",6,,10162 kg ha-1,80.7 cm,0.83 kg m-3,http://dx.doi.org/10.1016/0378-4290(94)90002-7,2025-11-25 16:49:17,8.0,True
4362,Irrigation every 4 days + Gypsum,"El-Karada Water Requirements Research Station, Kafr El-Sheikh, North Delta, Egypt",31°6'N,30°56'E,,clay,67.5 m2,2013,"Oryza sativa L., cv. Giza 178",6,,9468 kg ha-1,82.2 cm,0.97 kg m-3,http://dx.doi.org/10.1016/0378-4290(94)90002-7,2025-11-25 16:49:17,8.0,True
4363,Irrigation every 6 days + No gypsum,"El-Karada Water Requirements Research Station, Kafr El-Sheikh, North Delta, Egypt",31°6'N,30°56'E,,clay,67.5 m2,2013,"Oryza sativa L., cv. Giza 178",6,,8365 kg ha-1,80.8 cm,0.89 kg m-3,http://dx.doi.org/10.1016/0378-4290(94)90002-7,2025-11-25 16:49:17,8.0,True
4364,Irrigation every 6 days + Gypsum,"El-Karada Water Requirements Research Station, Kafr El-Sheikh, North Delta, Egypt",31°6'N,30°56'E,,clay,67.5 m2,2013,"Oryza sativa L., cv. Giza 178",6,,9954 kg ha-1,81.9 cm,1.16 kg m-3,http://dx.doi.org/10.1016/0378-4290(94)90002-7,2025-11-25 16:49:17,8.0,True
4365,Irrigation every 8 days + No gypsum,"El-Karada Water Requirements Research Station, Kafr El-Sheikh, North Delta, Egypt",31°6'N,30°56'E,,clay,67.5 m2,2013,"Oryza sativa L., cv. Giza 178",6,,6854 kg ha-1,80.5 cm,0.92 kg m-3,http://dx.doi.org/10.1016/0378-4290(94)90002-7,2025-11-25 16:49:17,8.0,True
4366,Irrigation every 8 days + Gypsum,"El-Karada Water Requirements Research Station, Kafr El-Sheikh, North Delta, Egypt",31°6'N,30°56'E,,clay,67.5 m2,2013,"Oryza sativa L., cv. Giza 178",6,,9954 kg ha-1,81.8 cm,1.12 kg m-3,http://dx.doi.org/10.1016/0378-4290(94)90002-7,2025-11-25 16:49:17,8.0,True
4367,Full irrigation (100% ETc),"Bourbiaa region, Tunisia",36° 37' N,"10° 08' 25"" E",,clay,,2005-2006,Durum wheat (Triticum durum Desf),350 grains m-1,,1487 g m-2,,2.8 kg m-3,http://dx.doi.org/10.1016/j.agwat.2003.09.002,2025-11-25 16:52:18,8.0,True
4368,Deficit irrigation (70% ETc),"Bourbiaa region, Tunisia",36° 37' N,"10° 08' 25"" E",,clay,,2005-2006,Durum wheat (Triticum durum Desf),350 grains m-1,,1401.2 g m-2,,3.0 kg m-3,http://dx.doi.org/10.1016/j.agwat.2003.09.002,2025-11-25 16:52:18,8.0,True
4369,Deficit irrigation (40% ETc),"Bourbiaa region, Tunisia",36° 37' N,"10° 08' 25"" E",,clay,,2005-2006,Durum wheat (Triticum durum Desf),350 grains m-1,,,,3.5 kg m-3,http://dx.doi.org/10.1016/j.agwat.2003.09.002,2025-11-25 16:52:18,8.0,True
4370,Rainfed,"Bourbiaa region, Tunisia",36° 37' N,"10° 08' 25"" E",,clay,,2005-2006,Durum wheat (Triticum durum Desf),350 grains m-1,,1025.1 g m-2,,4.0 kg m-3,http://dx.doi.org/10.1016/j.agwat.2003.09.002,2025-11-25 16:52:18,8.0,True
4371,Full irrigation (100% ETc),"Bourbiaa region, Tunisia",36° 37' N,"10° 08' 25"" E",,clay,,2006-2007,Durum wheat (Triticum durum Desf),350 grains m-1,,1254.6 g m-2,,2.8 kg m-3,http://dx.doi.org/10.1016/j.agwat.2003.09.002,2025-11-25 16:52:18,8.0,True
4372,Deficit irrigation (70% ETc),"Bourbiaa region, Tunisia",36° 37' N,"10° 08' 25"" E",,clay,,2006-2007,Durum wheat (Triticum durum Desf),350 grains m-1,,1150 g m-2,,3.1 kg m-3,http://dx.doi.org/10.1016/j.agwat.2003.09.002,2025-11-25 16:52:18,8.0,True
4373,Deficit irrigation (40% ETc),"Bourbiaa region, Tunisia",36° 37' N,"10° 08' 25"" E",,clay,,2006-2007,Durum wheat (Triticum durum Desf),350 grains m-1,,,,3.5 kg m-3,http://dx.doi.org/10.1016/j.agwat.2003.09.002,2025-11-25 16:52:18,8.0,True
4374,Rainfed,"Bourbiaa region, Tunisia",36° 37' N,"10° 08' 25"" E",,clay,,2006-2007,Durum wheat (Triticum durum Desf),350 grains m-1,,1100.7 g m-2,,4.0 kg m-3,http://dx.doi.org/10.1016/j.agwat.2003.09.002,2025-11-25 16:52:18,8.0,True
4375,Full irrigation (100% ETc),"Bourbiaa region, Tunisia",36° 37' N,"10° 08' 25"" E",,clay,,2007-2008,Durum wheat (Triticum durum Desf),350 grains m-1,,1362.2 g m-2,,2.8 kg m-3,http://dx.doi.org/10.1016/j.agwat.2003.09.002,2025-11-25 16:52:18,8.0,True
4376,Deficit irrigation (70% ETc),"Bourbiaa region, Tunisia",36° 37' N,"10° 08' 25"" E",,clay,,2007-2008,Durum wheat (Triticum durum Desf),350 grains m-1,,,,3.0 kg m-3,http://dx.doi.org/10.1016/j.agwat.2003.09.002,2025-11-25 16:52:18,8.0,True
4377,Deficit irrigation (40% ETc),"Bourbiaa region, Tunisia",36° 37' N,"10° 08' 25"" E",,clay,,2007-2008,Durum wheat (Triticum durum Desf),350 grains m-1,,,,2.9 kg m-3,http://dx.doi.org/10.1016/j.agwat.2003.09.002,2025-11-25 16:52:18,8.0,True
4378,Rainfed,"Bourbiaa region, Tunisia",36° 37' N,"10° 08' 25"" E",,clay,,2007-2008,Durum wheat (Triticum durum Desf),350 grains m-1,,,,3.5 kg m-3,http://dx.doi.org/10.1016/j.agwat.2003.09.002,2025-11-25 16:52:18,8.0,True
4379,Continuous Flooding (CF),"Lagoa da Confusão, State of Tocantins, Brazil",10°46′39.80″S,49°55′20.94″W,190 m ASL,Plinthaquults,,"2014, 2015, 2016",Oryza sativa,150 plants m−2,,4.1 to 10.6 mg ha−1,,0.36 to 0.46 kg m−3,http://dx.doi.org/10.1016/S0065-2113(04)92004-4,2025-11-25 16:52:50,9.0,True
4380,AWD with Short Cycle (AWDS),"Lagoa da Confusão, State of Tocantins, Brazil",10°46′39.80″S,49°55′20.94″W,190 m ASL,Plinthaquults,,"2014, 2015, 2016",Oryza sativa,150 plants m−2,,4.1 to 10.6 mg ha−1,,0.5 kg m−3,http://dx.doi.org/10.1016/S0065-2113(04)92004-4,2025-11-25 16:52:50,9.0,True
4381,AWD with Long Cycle (AWDL),"Lagoa da Confusão, State of Tocantins, Brazil",10°46′39.80″S,49°55′20.94″W,190 m ASL,Plinthaquults,,"2014, 2015, 2016",Oryza sativa,150 plants m−2,,4.1 to 10.6 mg ha−1,,0.4 kg m−3,http://dx.doi.org/10.1016/S0065-2113(04)92004-4,2025-11-25 16:52:50,9.0,True
4382,Saturated Soil without Ponded Water (SS),"Lagoa da Confusão, State of Tocantins, Brazil",10°46′39.80″S,49°55′20.94″W,190 m ASL,Plinthaquults,,"2014, 2015, 2016",Oryza sativa,150 plants m−2,,4.1 to 10.6 mg ha−1,,0.5 kg m−3,http://dx.doi.org/10.1016/S0065-2113(04)92004-4,2025-11-25 16:52:50,9.0,True
4383,Aerobic (AR),"Lagoa da Confusão, State of Tocantins, Brazil",10°46′39.80″S,49°55′20.94″W,190 m ASL,Plinthaquults,,"2014, 2015, 2016",Oryza sativa,150 plants m−2,,4.1 to 10.6 mg ha−1,,0.8 kg m−3,http://dx.doi.org/10.1016/S0065-2113(04)92004-4,2025-11-25 16:52:50,9.0,True
4520,Crop Water Stress Index (CWSI) method,"Urmia region, Iran",37° 39′ N,44° 58′ E,1365 m,silt clay loam,,2017,black gram (Vigna mungo),"200,000",,,,,https://doi.org/10.1038/s41598-020-79516-3,2025-11-25 17:49:07,9.0,True
4521,Crop Water Stress Index (CWSI) method,"Urmia region, Iran",37° 39′ N,44° 58′ E,1365 m,clay loam,,2017,black gram (Vigna mungo),"200,000",,,,,https://doi.org/10.1038/s41598-020-79516-3,2025-11-25 17:49:07,9.0,True
4522,Deficit irrigation (50%),"Urmia region, Iran",37° 39′ N,44° 58′ E,1365 m,silt clay loam,,2017,black gram (Vigna mungo),"200,000",,,,,https://doi.org/10.1038/s41598-020-79516-3,2025-11-25 17:49:07,9.0,True
4523,Deficit irrigation (75%),"Urmia region, Iran",37° 39′ N,44° 58′ E,1365 m,silt clay loam,,2017,black gram (Vigna mungo),"200,000",,,,,https://doi.org/10.1038/s41598-020-79516-3,2025-11-25 17:49:07,9.0,True
4524,Non-stress treatment (100%),"Urmia region, Iran",37° 39′ N,44° 58′ E,1365 m,silt clay loam,,2017,black gram (Vigna mungo),"200,000",,,,,https://doi.org/10.1038/s41598-020-79516-3,2025-11-25 17:49:07,9.0,True
4525,Deficit irrigation (125%),"Urmia region, Iran",37° 39′ N,44° 58′ E,1365 m,silt clay loam,,2017,black gram (Vigna mungo),"200,000",,,,,https://doi.org/10.1038/s41598-020-79516-3,2025-11-25 17:49:07,9.0,True
4534,Full Irrigation,"Greeley, Colorado, USA",40.17626,-104.63810,1425 m,sandy clay loam,5.5 ha,2011-08-04 to 2011-09-22,maize,74000 to 78000 plants ha-1,,,,2.5 kg m-3,https://doi.org/10.1007/s00271-013-0415-z,2025-11-25 17:55:43,8.0,True
4535,Low-Frequency Deficit Irrigation,"Greeley, Colorado, USA",40.17626,-104.63810,1425 m,sandy clay loam,5.5 ha,2011-08-04 to 2011-09-22,maize,74000 to 78000 plants ha-1,,,,,https://doi.org/10.1007/s00271-013-0415-z,2025-11-25 17:55:43,8.0,True
4536,High-Frequency Deficit Irrigation,"Greeley, Colorado, USA",40.17626,-104.63810,1425 m,sandy clay loam,5.5 ha,2011-08-04 to 2011-09-22,maize,74000 to 78000 plants ha-1,,,,,https://doi.org/10.1007/s00271-013-0415-z,2025-11-25 17:55:43,8.0,True
4675,Drip Irrigation,"Broga, Negeri Sembilan, Malaysia",2°56'N,101º54'E,,coco peat,250 m²,November 2014 to January 2015,Cucumis melo L ‘Glamour’,4 plants/m²,"Total soluble solids, total carbohydrate content, ascorbic acid content, total phenolic content",68 t·ha-1,,,https://doi.org/10.1016/j.agwat.2008.11.006,2025-11-25 18:24:28,8.0,True
4676,Drip Irrigation,"Broga, Negeri Sembilan, Malaysia",2°56'N,101º54'E,,coco peat,250 m²,November 2014 to January 2015,Cucumis melo L ‘Glamour’,2 plants/m²,"Total soluble solids, total carbohydrate content, ascorbic acid content, total phenolic content",430.15 t·ha-1,,,https://doi.org/10.1016/j.agwat.2008.11.006,2025-11-25 18:24:28,8.0,True
4677,Drip Irrigation,"Broga, Negeri Sembilan, Malaysia",2°56'N,101º54'E,,coco peat,250 m²,November 2014 to January 2015,Cucumis melo L ‘Glamour’,1 plant/m²,"Total soluble solids, total carbohydrate content, ascorbic acid content, total phenolic content",18 t·ha-1,,,https://doi.org/10.1016/j.agwat.2008.11.006,2025-11-25 18:24:28,8.0,True
4678,,"Broga, Negeri Sembilan, Malaysia",2°56'N,101º54'E,,coco peat,250 m²,November 2014 to January 2015,Cucumis melo L ‘Glamour’,,,,,,https://doi.org/10.1016/j.agwat.2008.11.006,2025-11-25 18:24:28,8.0,True
4679,FAO-56 dual procedure (full irrigation),"Haouz irrigated area, Morocco",31.63222,8.15667,412,silty clay loam,6 hectares,2004-2005,winter wheat (Arrehane 1774),,,50 quintals/ha,,1.17 kg/m3,https://doi.org/10.4236/as.2011.23036,2025-11-25 18:26:14,9.0,True
4680,existing rule approach,"Haouz irrigated area, Morocco",31.63222,8.15667,412,silty clay loam,6 hectares,2004-2005,winter wheat (Arrehane 1774),,,39 quintals/ha,,0.99 kg/m3,https://doi.org/10.4236/as.2011.23036,2025-11-25 18:26:14,9.0,True
4681,FAO-56 single approach for drip irrigation,"Haouz irrigated area, Morocco",31.63222,8.15667,412,silty clay loam,6 hectares,2004-2005,winter wheat (Arrehane 1774),,,62 quintals/ha,,1.50 kg/m3,https://doi.org/10.4236/as.2011.23036,2025-11-25 18:26:14,9.0,True
4716,Current irrigation regime,Reunion Island,-21.15°,55.50°,,,"23,000 hectares",2015-2100,Saccharum officinarum,,,,,,https://www.cabidigitallibrary.org/doi/full/10.5555/20173377089,2025-11-25 18:37:44,8.0,True
4717,Automatic irrigation scenario,Reunion Island,-21.15°,55.50°,,,"23,000 hectares",2015-2100,Saccharum officinarum,,,,,,https://www.cabidigitallibrary.org/doi/full/10.5555/20173377089,2025-11-25 18:37:44,8.0,True
4718,Fixed irrigation dose of 10 mm w-1,Reunion Island,-21.15°,55.50°,,,"23,000 hectares",2015-2100,Saccharum officinarum,,,10-17% increase,,,https://www.cabidigitallibrary.org/doi/full/10.5555/20173377089,2025-11-25 18:37:44,8.0,True
4719,Fixed irrigation dose of 15 mm w-1,Reunion Island,-21.15°,55.50°,,,"23,000 hectares",2015-2100,Saccharum officinarum,,,10-17% increase,,,https://www.cabidigitallibrary.org/doi/full/10.5555/20173377089,2025-11-25 18:37:44,8.0,True
4720,Fixed irrigation dose of 20 mm w-1,Reunion Island,-21.15°,55.50°,,,"23,000 hectares",2015-2100,Saccharum officinarum,,,17-25% increase,,,https://www.cabidigitallibrary.org/doi/full/10.5555/20173377089,2025-11-25 18:37:44,8.0,True
4721,,Reunion Island,-21.15°,55.50°,,,"23,000 hectares",2015-2100,Saccharum officinarum,,,15% increase with WSR7 variety,,,https://www.cabidigitallibrary.org/doi/full/10.5555/20173377089,2025-11-25 18:37:44,8.0,True
4722,,Reunion Island,-21.15°,55.50°,,,"23,000 hectares",2015-2100,Saccharum officinarum,,,18% increase with WSR7 variety,,,https://www.cabidigitallibrary.org/doi/full/10.5555/20173377089,2025-11-25 18:37:44,8.0,True
4807,Drip irrigation,"Agro-Industrial Complex of Terracal Company, Guadalupe, Piauí, Brazil",6.8°S,43.6°W,170m,sandy loam,,2014-2016,Saccharum spp.,,,"40t/ha at 8 months, 51t/ha at 11.5 months, 70t/ha at 15 months",,1.604 ± 0.051 (effective Kc),https://doi.org/10.1016/j.fcr.2016.06.013,2025-11-25 19:11:29,8.0,True
4905,,CONUS,,,,,,2015-2019,,,,,,,https://doi.org/10.1016/j.catena.2018.02.005,2025-11-25 19:42:56,9.0,True
4906,,Wisconsin,,,,,80 ha,2015-2019,,,,,,,https://doi.org/10.1016/j.catena.2018.02.005,2025-11-25 19:42:56,9.0,True
4907,,Florida,,,,sandy soils,,2015-2019,,,,,,,https://doi.org/10.1016/j.catena.2018.02.005,2025-11-25 19:42:56,9.0,True
4908,,Wyoming,,,,,,2015-2019,,,,,,,https://doi.org/10.1016/j.catena.2018.02.005,2025-11-25 19:42:56,9.0,True
4909,,Michigan,,,,,,2015-2019,,,,,,,https://doi.org/10.1016/j.catena.2018.02.005,2025-11-25 19:42:56,9.0,True
4910,,Oklahoma,,,,,,2015-2019,,,,,,,https://doi.org/10.1016/j.catena.2018.02.005,2025-11-25 19:42:56,9.0,True
4950,Real-Time Irrigation Scheduling Tool (RTIST),"Eastern Nebraska, USA",42.02°N,98.22°W,,sandy-loam to loamy-sand,,2019,maize,,,Higher yield with RTIST compared to traditional practices,,Increased water productivity with RTIST,https://doi.org/10.13031/trans.13633,2025-11-25 20:17:03,9.0,True
4951,Real-Time Irrigation Scheduling Tool (RTIST),"Eastern Nebraska, USA",41.95°N,98.2°W,,sandy-loam to loamy-sand,,2019,maize,,,Higher yield with RTIST compared to traditional practices,,Increased water productivity with RTIST,https://doi.org/10.13031/trans.13633,2025-11-25 20:17:03,9.0,True
4952,,"Eastern Nebraska, USA",42.02°N,98.22°W,,sandy-loam to loamy-sand,,2019,maize,,,Actual yield lower than RTIST,,,https://doi.org/10.13031/trans.13633,2025-11-25 20:17:03,9.0,True
4953,,"Eastern Nebraska, USA",41.95°N,98.2°W,,sandy-loam to loamy-sand,,2019,maize,,,Actual yield lower than RTIST,,,https://doi.org/10.13031/trans.13633,2025-11-25 20:17:03,9.0,True
4954,,US Midwest,,,,,,2011-2019,maize,,,average yield of 9.93 mg ha^-1 for maize,,,https://doi.org/10.5194/hess-27-1173-2023,2025-11-25 20:17:56,8.0,True
4955,,US Midwest,,,,,,2011-2019,soybean,,,average yield of 3.50 mg ha^-1 for soybean,,,https://doi.org/10.5194/hess-27-1173-2023,2025-11-25 20:17:56,8.0,True
4956,,US Midwest,,,,,,2011-2019,maize,,,improved yield accuracy by 23% under higher water stress,,,https://doi.org/10.5194/hess-27-1173-2023,2025-11-25 20:17:56,8.0,True
4957,,US Midwest,,,,,,2011-2019,soybean,,,yield estimates improved in 63% of site years,,,https://doi.org/10.5194/hess-27-1173-2023,2025-11-25 20:17:56,8.0,True
4958,,US Midwest,,,,,,2011-2019,maize,,,yield estimates improved by 17.7%,,,https://doi.org/10.5194/hess-27-1173-2023,2025-11-25 20:17:56,8.0,True
4959,,US Midwest,,,,,,2011-2019,soybean,,,yield estimates improved by 4.8% in NDVI,,,https://doi.org/10.5194/hess-27-1173-2023,2025-11-25 20:17:56,8.0,True
4960,,US Midwest,,,,,,2011-2019,maize,,,,,,https://doi.org/10.5194/hess-27-1173-2023,2025-11-25 20:17:56,8.0,True
4961,,US Midwest,,,,,,2011-2019,soybean,,,,,,https://doi.org/10.5194/hess-27-1173-2023,2025-11-25 20:17:56,8.0,True
5067,Irrigation at seedling stage,"Institute's research farm, Maharashtra, India",,,,vertisol,5 x 2.27 m,2009-06 to 2011-10,Soybean (Glycine max),,,2921 kg/ha,58.69 cm,80.85 kg/ha/cm,https://doi.org/10.18805/ag.D-4932,2025-11-25 20:28:12,9.0,True
5068,Irrigation at flower initiation stage,"Institute's research farm, Maharashtra, India",,,,vertisol,5 x 2.27 m,2009-06 to 2011-10,Soybean (Glycine max),,,3079 kg/ha,62.58 cm,83.30 kg/ha/cm,https://doi.org/10.18805/ag.D-4932,2025-11-25 20:28:12,9.0,True
5069,Irrigation at seed filling stage,"Institute's research farm, Maharashtra, India",,,,vertisol,5 x 2.27 m,2009-06 to 2011-10,Soybean (Glycine max),,,3045 kg/ha,60.42 cm,82.16 kg/ha/cm,https://doi.org/10.18805/ag.D-4932,2025-11-25 20:28:12,9.0,True
5070,Irrigation at seedling + flower initiation stage,"Institute's research farm, Maharashtra, India",,,,vertisol,5 x 2.27 m,2009-06 to 2011-10,Soybean (Glycine max),,,2989 kg/ha,63.04 cm,74.98 kg/ha/cm,https://doi.org/10.18805/ag.D-4932,2025-11-25 20:28:12,9.0,True
5071,Irrigation at seedling + seed filling stage,"Institute's research farm, Maharashtra, India",,,,vertisol,5 x 2.27 m,2009-06 to 2011-10,Soybean (Glycine max),,,3083 kg/ha,61.53 cm,77.87 kg/ha/cm,https://doi.org/10.18805/ag.D-4932,2025-11-25 20:28:12,9.0,True
5072,Irrigation at flower initiation + seed filling stage,"Institute's research farm, Maharashtra, India",,,,vertisol,5 x 2.27 m,2009-06 to 2011-10,Soybean (Glycine max),,,3221 kg/ha,62.76 cm,80.03 kg/ha/cm,https://doi.org/10.18805/ag.D-4932,2025-11-25 20:28:12,9.0,True
5073,Irrigation at seedling + flower initiation + seed filling stage,"Institute's research farm, Maharashtra, India",,,,vertisol,5 x 2.27 m,2009-06 to 2011-10,Soybean (Glycine max),,,3138 kg/ha,64.83 cm,72.30 kg/ha/cm,https://doi.org/10.18805/ag.D-4932,2025-11-25 20:28:12,9.0,True
5074,Control (no irrigation),"Institute's research farm, Maharashtra, India",,,,vertisol,5 x 2.27 m,2009-06 to 2011-10,Soybean (Glycine max),,,2833 kg/ha,58.53 cm,84.85 kg/ha/cm,https://doi.org/10.18805/ag.D-4932,2025-11-25 20:28:12,9.0,True
5125,Full Irrigation,"Ile-Ife, Nigeria",7°28′ 0″N,4°34′ 0″E,271 m,sandy loam,285 m²,"February 2, 2013",Soybean (Glycine max L. Merr.),"55,556 plants ha−1",,3.11 t ha−1,,5.95 kg ha−1 mm−1,https://doi.org/10.1186/s40066-015-0030-8,2025-11-25 20:48:04,8.0,True
5126,Skipping irrigation every other week during flowering,"Ile-Ife, Nigeria",7°28′ 0″N,4°34′ 0″E,271 m,sandy loam,285 m²,"February 2, 2013",Soybean (Glycine max L. Merr.),"55,556 plants ha−1",,2.82 t ha−1,,6.09 kg ha−1 mm−1,https://doi.org/10.1186/s40066-015-0030-8,2025-11-25 20:48:04,8.0,True
5127,Skipping irrigation every other week during pod initiation,"Ile-Ife, Nigeria",7°28′ 0″N,4°34′ 0″E,271 m,sandy loam,285 m²,"February 2, 2013",Soybean (Glycine max L. Merr.),"55,556 plants ha−1",,2.32 t ha−1,,5.11 kg ha−1 mm−1,https://doi.org/10.1186/s40066-015-0030-8,2025-11-25 20:48:04,8.0,True
5128,Skipping irrigation every other week during seed filling,"Ile-Ife, Nigeria",7°28′ 0″N,4°34′ 0″E,271 m,sandy loam,285 m²,"February 2, 2013",Soybean (Glycine max L. Merr.),"55,556 plants ha−1",,1.81 t ha−1,,3.89 kg ha−1 mm−1,https://doi.org/10.1186/s40066-015-0030-8,2025-11-25 20:48:04,8.0,True
5129,Skipping irrigation every other week during maturity,"Ile-Ife, Nigeria",7°28′ 0″N,4°34′ 0″E,271 m,sandy loam,285 m²,"February 2, 2013",Soybean (Glycine max L. Merr.),"55,556 plants ha−1",,2.31 t ha−1,,4.66 kg ha−1 mm−1,https://doi.org/10.1186/s40066-015-0030-8,2025-11-25 20:48:04,8.0,True
5130,Full Irrigation,"Ile-Ife, Nigeria",7°28′ 0″N,4°34′ 0″E,271 m,sandy loam,285 m²,"February 2, 2014",Soybean (Glycine max L. Merr.),"55,556 plants ha−1",,1.52 t ha−1,,3.00 kg ha−1 mm−1,https://doi.org/10.1186/s40066-015-0030-8,2025-11-25 20:48:04,8.0,True
5131,Skipping irrigation every other week during flowering,"Ile-Ife, Nigeria",7°28′ 0″N,4°34′ 0″E,271 m,sandy loam,285 m²,"February 2, 2014",Soybean (Glycine max L. Merr.),"55,556 plants ha−1",,1.09 t ha−1,,2.26 kg ha−1 mm−1,https://doi.org/10.1186/s40066-015-0030-8,2025-11-25 20:48:04,8.0,True
5132,Skipping irrigation every other week during pod initiation,"Ile-Ife, Nigeria",7°28′ 0″N,4°34′ 0″E,271 m,sandy loam,285 m²,"February 2, 2014",Soybean (Glycine max L. Merr.),"55,556 plants ha−1",,1.24 t ha−1,,2.74 kg ha−1 mm−1,https://doi.org/10.1186/s40066-015-0030-8,2025-11-25 20:48:04,8.0,True
5133,Skipping irrigation every other week during seed filling,"Ile-Ife, Nigeria",7°28′ 0″N,4°34′ 0″E,271 m,sandy loam,285 m²,"February 2, 2014",Soybean (Glycine max L. Merr.),"55,556 plants ha−1",,0.70 t ha−1,,1.93 kg ha−1 mm−1,https://doi.org/10.1186/s40066-015-0030-8,2025-11-25 20:48:04,8.0,True
5134,Skipping irrigation every other week during maturity,"Ile-Ife, Nigeria",7°28′ 0″N,4°34′ 0″E,271 m,sandy loam,285 m²,"February 2, 2014",Soybean (Glycine max L. Merr.),"55,556 plants ha−1",,0.70 t ha−1,,2.51 kg ha−1 mm−1,https://doi.org/10.1186/s40066-015-0030-8,2025-11-25 20:48:04,8.0,True
5167,Full irrigation (VFPS),"Uludag University Faculty of Agriculture Research and Training Centre, Bursa, Turkey",40º 11’N,29º 04’E,100 m,clay,23.4 m2,21 April 2005,Soybean (Glycine max),,"Crude oil content: 22.7%, Crude protein content: 30.5%",4004 kg ha-1,98.2 cm,0.49 kg m-3,https://doi.org/10.1501/Tarimbil_0000001375,2025-11-25 20:59:01,9.0,True
5168,Deficit irrigation (V75FPS),"Uludag University Faculty of Agriculture Research and Training Centre, Bursa, Turkey",40º 11’N,29º 04’E,100 m,clay,23.4 m2,21 April 2005,Soybean (Glycine max),,"Crude oil content: 22.3%, Crude protein content: 31.5%",3910 kg ha-1,90.2 cm,0.51 kg m-3,https://doi.org/10.1501/Tarimbil_0000001375,2025-11-25 20:59:01,9.0,True
5169,Deficit irrigation (V50FPS),"Uludag University Faculty of Agriculture Research and Training Centre, Bursa, Turkey",40º 11’N,29º 04’E,100 m,clay,23.4 m2,21 April 2005,Soybean (Glycine max),,"Crude oil content: 22.2%, Crude protein content: 32.3%",3889 kg ha-1,86.7 cm,0.52 kg m-3,https://doi.org/10.1501/Tarimbil_0000001375,2025-11-25 20:59:01,9.0,True
5170,Deficit irrigation (V25FPS),"Uludag University Faculty of Agriculture Research and Training Centre, Bursa, Turkey",40º 11’N,29º 04’E,100 m,clay,23.4 m2,21 April 2005,Soybean (Glycine max),,"Crude oil content: 21.7%, Crude protein content: 31.4%",3798 kg ha-1,81.5 cm,0.54 kg m-3,https://doi.org/10.1501/Tarimbil_0000001375,2025-11-25 20:59:01,9.0,True
5171,Deficit irrigation (VF75PS),"Uludag University Faculty of Agriculture Research and Training Centre, Bursa, Turkey",40º 11’N,29º 04’E,100 m,clay,23.4 m2,21 April 2005,Soybean (Glycine max),,"Crude oil content: 22.2%, Crude protein content: 31.1%",3793 kg ha-1,89.1 cm,0.50 kg m-3,https://doi.org/10.1501/Tarimbil_0000001375,2025-11-25 20:59:01,9.0,True
5172,Deficit irrigation (VF50PS),"Uludag University Faculty of Agriculture Research and Training Centre, Bursa, Turkey",40º 11’N,29º 04’E,100 m,clay,23.4 m2,21 April 2005,Soybean (Glycine max),,"Crude oil content: 21.7%, Crude protein content: 32.4%",3528 kg ha-1,86.2 cm,0.50 kg m-3,https://doi.org/10.1501/Tarimbil_0000001375,2025-11-25 20:59:01,9.0,True
5173,Deficit irrigation (VF25PS),"Uludag University Faculty of Agriculture Research and Training Centre, Bursa, Turkey",40º 11’N,29º 04’E,100 m,clay,23.4 m2,21 April 2005,Soybean (Glycine max),,"Crude oil content: 21.1%, Crude protein content: 32.9%",3174 kg ha-1,76.3 cm,0.47 kg m-3,https://doi.org/10.1501/Tarimbil_0000001375,2025-11-25 20:59:01,9.0,True
5174,Deficit irrigation (VFP75S),"Uludag University Faculty of Agriculture Research and Training Centre, Bursa, Turkey",40º 11’N,29º 04’E,100 m,clay,23.4 m2,21 April 2005,Soybean (Glycine max),,"Crude oil content: 21.9%, Crude protein content: 32.2%",3687 kg ha-1,93.6 cm,0.48 kg m-3,https://doi.org/10.1501/Tarimbil_0000001375,2025-11-25 20:59:01,9.0,True
5175,Deficit irrigation (VFP50S),"Uludag University Faculty of Agriculture Research and Training Centre, Bursa, Turkey",40º 11’N,29º 04’E,100 m,clay,23.4 m2,21 April 2005,Soybean (Glycine max),,"Crude oil content: 21.6%, Crude protein content: 32.4%",3385 kg ha-1,90.0 cm,0.47 kg m-3,https://doi.org/10.1501/Tarimbil_0000001375,2025-11-25 20:59:01,9.0,True
5176,Deficit irrigation (VFP25S),"Uludag University Faculty of Agriculture Research and Training Centre, Bursa, Turkey",40º 11’N,29º 04’E,100 m,clay,23.4 m2,21 April 2005,Soybean (Glycine max),,"Crude oil content: 20.6%, Crude protein content: 32.5%",3095 kg ha-1,84.7 cm,0.47 kg m-3,https://doi.org/10.1501/Tarimbil_0000001375,2025-11-25 20:59:01,9.0,True
5177,Deficit irrigation (VFPS75),"Uludag University Faculty of Agriculture Research and Training Centre, Bursa, Turkey",40º 11’N,29º 04’E,100 m,clay,23.4 m2,21 April 2005,Soybean (Glycine max),,"Crude oil content: 22.6%, Crude protein content: 30.6%",3554 kg ha-1,92.6 cm,0.47 kg m-3,https://doi.org/10.1501/Tarimbil_0000001375,2025-11-25 20:59:01,9.0,True
5178,Deficit irrigation (VFPS50),"Uludag University Faculty of Agriculture Research and Training Centre, Bursa, Turkey",40º 11’N,29º 04’E,100 m,clay,23.4 m2,21 April 2005,Soybean (Glycine max),,"Crude oil content: 22.3%, Crude protein content: 32.1%",3256 kg ha-1,87.7 cm,0.44 kg m-3,https://doi.org/10.1501/Tarimbil_0000001375,2025-11-25 20:59:01,9.0,True
5179,Deficit irrigation (VFPS25),"Uludag University Faculty of Agriculture Research and Training Centre, Bursa, Turkey",40º 11’N,29º 04’E,100 m,clay,23.4 m2,21 April 2005,Soybean (Glycine max),,"Crude oil content: 22.4%, Crude protein content: 32.1%",2932 kg ha-1,82.6 cm,0.42 kg m-3,https://doi.org/10.1501/Tarimbil_0000001375,2025-11-25 20:59:01,9.0,True
5180,Rain-fed (Non-irrigated),"Uludag University Faculty of Agriculture Research and Training Centre, Bursa, Turkey",40º 11’N,29º 04’E,100 m,clay,23.4 m2,21 April 2005,Soybean (Glycine max),,"Crude oil content: 19.1%, Crude protein content: 33.6%",1974 kg ha-1,64.8 cm,0.56 kg m-3,https://doi.org/10.1501/Tarimbil_0000001375,2025-11-25 20:59:01,9.0,True
5224,Subsoil irrigation,"Western Polissia, Ukraine",50°01' N,23°45' E,,mineral,,,winter cereals,,,4.7 t/ha,,0.2 m3/ha,https://doi.org/10.1007/s42452-024-06412-0,2025-11-25 21:06:56,8.0,True
5225,Subsoil irrigation,"Western Polissia, Ukraine",50°01' N,23°45' E,,peat,,,winter cereals,,,4.7 t/ha,,0.2 m3/ha,https://doi.org/10.1007/s42452-024-06412-0,2025-11-25 21:06:56,8.0,True
5226,Sprinkler irrigation,"Western Polissia, Ukraine",50°01' N,23°45' E,,mineral,,,potatoes,,,25 t/ha,,0.2 m3/ha,https://doi.org/10.1007/s42452-024-06412-0,2025-11-25 21:06:56,8.0,True
5227,Sprinkler irrigation,"Western Polissia, Ukraine",50°01' N,23°45' E,,peat,,,potatoes,,,25 t/ha,,0.2 m3/ha,https://doi.org/10.1007/s42452-024-06412-0,2025-11-25 21:06:56,8.0,True
5228,Subsoil irrigation,"Western Polissia, Ukraine",50°01' N,23°45' E,,mineral,,,perennial grasses,,,3.5 t/ha,,0.3 m3/ha,https://doi.org/10.1007/s42452-024-06412-0,2025-11-25 21:06:56,8.0,True
5229,Subsoil irrigation,"Western Polissia, Ukraine",50°01' N,23°45' E,,peat,,,perennial grasses,,,3.5 t/ha,,0.3 m3/ha,https://doi.org/10.1007/s42452-024-06412-0,2025-11-25 21:06:56,8.0,True
5230,Sprinkler irrigation,"Western Polissia, Ukraine",50°01' N,23°45' E,,mineral,,,vegetables,,,,,0.3 m3/ha,https://doi.org/10.1007/s42452-024-06412-0,2025-11-25 21:06:56,8.0,True
5231,Sprinkler irrigation,"Western Polissia, Ukraine",50°01' N,23°45' E,,peat,,,vegetables,,,,,0.3 m3/ha,https://doi.org/10.1007/s42452-024-06412-0,2025-11-25 21:06:56,8.0,True
5247,Krasnodar type irrigation,"Kilia Rice Irrigation System, Odesa region, Ukraine",,,,sandy loam,3.45 thousand hectares,2003-2021,rice,710 seeds per 1 m2,,4.8 ton/ha at 25 mm/day; 7.1 ton/ha at 12 mm/day; 5.2 ton/ha at 4 mm/day,,,https://doi.org/10.2478/heem-2023-0008,2025-11-25 21:13:09,8.0,True
5248,,"Kilia Rice Irrigation System, Odesa region, Ukraine",,,,sandy loam,3.45 thousand hectares,2003-2021,rice,710 seeds per 1 m2,,183 pcs/m2 at <10 mm/day; 213 pcs/m2 at 10-15 mm/day; 202 pcs/m2 at 15-20 mm/day; 187 pcs/m2 at >20 mm/day,,,https://doi.org/10.2478/heem-2023-0008,2025-11-25 21:13:09,8.0,True
5249,,"Kilia Rice Irrigation System, Odesa region, Ukraine",,,,sandy loam,3.45 thousand hectares,2003-2021,rice,,,,,8300 m3/ha to 12000 m3/ha,https://doi.org/10.2478/heem-2023-0008,2025-11-25 21:13:09,8.0,True
5250,Uniform irrigation management based on weekly crop water usage,"Clemson University Pee Dee Research and Education Center, Florence, South Carolina, USA",34.310707° N,-79.747591° W,,loamy sands,,2017-05-05,Phytogen 490 cotton,11.5 plants m-2,,1044 kg ha-1,,1.6 kg ha-1 mm-1,https://doi.org/10.1016/j.agwat.2019.03.037,2025-11-25 21:15:12,9.0,True
5251,Uniform irrigation management based on weekly crop water usage,"Clemson University Pee Dee Research and Education Center, Florence, South Carolina, USA",34.310707° N,-79.747591° W,,loamy sands,,2017-05-05,Phytogen 490 cotton,5 plants m-2,,1084 kg ha-1,,1.7 kg ha-1 mm-1,https://doi.org/10.1016/j.agwat.2019.03.037,2025-11-25 21:15:12,9.0,True
5252,NDVI-based irrigation management,"Clemson University Pee Dee Research and Education Center, Florence, South Carolina, USA",34.310707° N,-79.747591° W,,loamy sands,,2017-05-05,Phytogen 490 cotton,11.5 plants m-2,,1084 kg ha-1,,1.7 kg ha-1 mm-1,https://doi.org/10.1016/j.agwat.2019.03.037,2025-11-25 21:15:12,9.0,True
5253,NDVI-based irrigation management,"Clemson University Pee Dee Research and Education Center, Florence, South Carolina, USA",34.310707° N,-79.747591° W,,loamy sands,,2017-05-05,Phytogen 490 cotton,5 plants m-2,,1084 kg ha-1,,1.7 kg ha-1 mm-1,https://doi.org/10.1016/j.agwat.2019.03.037,2025-11-25 21:15:12,9.0,True
5254,Uniform irrigation management based on weekly crop water usage,"Clemson University Pee Dee Research and Education Center, Florence, South Carolina, USA",34.310707° N,-79.747591° W,,loamy sands,,2018-05-09,Phytogen 490 cotton,11.5 plants m-2,,1318 kg ha-1,,1.3 kg ha-1 mm-1,https://doi.org/10.1016/j.agwat.2019.03.037,2025-11-25 21:15:12,9.0,True
5255,Uniform irrigation management based on weekly crop water usage,"Clemson University Pee Dee Research and Education Center, Florence, South Carolina, USA",34.310707° N,-79.747591° W,,loamy sands,,2018-05-09,Phytogen 490 cotton,5 plants m-2,,1318 kg ha-1,,1.3 kg ha-1 mm-1,https://doi.org/10.1016/j.agwat.2019.03.037,2025-11-25 21:15:12,9.0,True
5256,NDVI-based irrigation management,"Clemson University Pee Dee Research and Education Center, Florence, South Carolina, USA",34.310707° N,-79.747591° W,,loamy sands,,2018-05-09,Phytogen 490 cotton,11.5 plants m-2,,1274 kg ha-1,,1.3 kg ha-1 mm-1,https://doi.org/10.1016/j.agwat.2019.03.037,2025-11-25 21:15:12,9.0,True
5257,NDVI-based irrigation management,"Clemson University Pee Dee Research and Education Center, Florence, South Carolina, USA",34.310707° N,-79.747591° W,,loamy sands,,2018-05-09,Phytogen 490 cotton,5 plants m-2,,1274 kg ha-1,,1.3 kg ha-1 mm-1,https://doi.org/10.1016/j.agwat.2019.03.037,2025-11-25 21:15:12,9.0,True
5284,Drip irrigation,"Ottava, Sardinia, Italy",40° 46’ N,8° 29’ E,81 m,Lithic Xerorthents,45 m2,20-Mar-2015,Helianthus annuus L.,8.9,,2432 kg d.m. ha-1,,0.66 kg ha-1 mm-1,https://doi.org/10.1007/s00271-018-0588-6,2025-11-25 21:23:22,9.0,True
5285,Rainfed,"Ottava, Sardinia, Italy",40° 46’ N,8° 29’ E,81 m,Lithic Xerorthents,45 m2,20-Mar-2015,Helianthus annuus L.,8.9,,754 kg d.m. ha-1,,0.21 kg ha-1 mm-1,https://doi.org/10.1007/s00271-018-0588-6,2025-11-25 21:23:22,9.0,True
5286,Drip irrigation,"Ottava, Sardinia, Italy",40° 46’ N,8° 29’ E,81 m,Lithic Xerorthents,45 m2,3-Apr-2015,Helianthus annuus L.,4.3,,2437 kg d.m. ha-1,,0.74 kg ha-1 mm-1,https://doi.org/10.1007/s00271-018-0588-6,2025-11-25 21:23:22,9.0,True
5287,Rainfed,"Ottava, Sardinia, Italy",40° 46’ N,8° 29’ E,81 m,Lithic Xerorthents,45 m2,3-Apr-2015,Helianthus annuus L.,4.3,,902 kg d.m. ha-1,,0.31 kg ha-1 mm-1,https://doi.org/10.1007/s00271-018-0588-6,2025-11-25 21:23:22,9.0,True
5288,Drip irrigation,"Ottava, Sardinia, Italy",40° 46’ N,8° 29’ E,81 m,Lithic Xerorthents,45 m2,17-Dec-2015,Helianthus annuus L.,8.0,,,,,https://doi.org/10.1007/s00271-018-0588-6,2025-11-25 21:23:22,9.0,True
5289,Rainfed,"Ottava, Sardinia, Italy",40° 46’ N,8° 29’ E,81 m,Lithic Xerorthents,45 m2,17-Dec-2015,Helianthus annuus L.,8.0,,1701 kg ha-1,,,https://doi.org/10.1007/s00271-018-0588-6,2025-11-25 21:23:22,9.0,True
5290,Drip irrigation,"Ottava, Sardinia, Italy",40° 46’ N,8° 29’ E,81 m,Lithic Xerorthents,45 m2,29-Jan-2016,Helianthus annuus L.,6.7,,2661 kg d.m. ha-1,,0.90 kg ha-1 mm-1,https://doi.org/10.1007/s00271-018-0588-6,2025-11-25 21:23:22,9.0,True
5291,Rainfed,"Ottava, Sardinia, Italy",40° 46’ N,8° 29’ E,81 m,Lithic Xerorthents,45 m2,29-Jan-2016,Helianthus annuus L.,6.7,,894 kg d.m. ha-1,,0.32 kg ha-1 mm-1,https://doi.org/10.1007/s00271-018-0588-6,2025-11-25 21:23:22,9.0,True
5292,Drip irrigation,"Ottava, Sardinia, Italy",40° 46’ N,8° 29’ E,81 m,Lithic Xerorthents,45 m2,15-Mar-2016,Helianthus annuus L.,6.8,,1578 kg d.m. ha-1,,0.74 kg ha-1 mm-1,https://doi.org/10.1007/s00271-018-0588-6,2025-11-25 21:23:22,9.0,True
5293,Rainfed,"Ottava, Sardinia, Italy",40° 46’ N,8° 29’ E,81 m,Lithic Xerorthents,45 m2,15-Mar-2016,Helianthus annuus L.,6.8,,1171 kg d.m. ha-1,,0.31 kg ha-1 mm-1,https://doi.org/10.1007/s00271-018-0588-6,2025-11-25 21:23:22,9.0,True
5294,Drip irrigation,"Ottava, Sardinia, Italy",40° 46’ N,8° 29’ E,81 m,Lithic Xerorthents,45 m2,3-Feb-2017,Helianthus annuus L.,6.8,,1014 kg d.m. ha-1,,0.90 kg ha-1 mm-1,https://doi.org/10.1007/s00271-018-0588-6,2025-11-25 21:23:22,9.0,True
5295,Rainfed,"Ottava, Sardinia, Italy",40° 46’ N,8° 29’ E,81 m,Lithic Xerorthents,45 m2,3-Feb-2017,Helianthus annuus L.,6.8,,893 kg d.m. ha-1,,0.32 kg ha-1 mm-1,https://doi.org/10.1007/s00271-018-0588-6,2025-11-25 21:23:22,9.0,True
5296,Drip irrigation,"Ottava, Sardinia, Italy",40° 46’ N,8° 29’ E,81 m,Lithic Xerorthents,45 m2,23-Feb-2017,Helianthus annuus L.,8.5,,1182 kg d.m. ha-1,,0.90 kg ha-1 mm-1,https://doi.org/10.1007/s00271-018-0588-6,2025-11-25 21:23:22,9.0,True
5297,Rainfed,"Ottava, Sardinia, Italy",40° 46’ N,8° 29’ E,81 m,Lithic Xerorthents,45 m2,23-Feb-2017,Helianthus annuus L.,8.5,,978 kg d.m. ha-1,,0.32 kg ha-1 mm-1,https://doi.org/10.1007/s00271-018-0588-6,2025-11-25 21:23:22,9.0,True
5298,Drip irrigation,"Ottava, Sardinia, Italy",40° 46’ N,8° 29’ E,81 m,Lithic Xerorthents,45 m2,23-Mar-2017,Helianthus annuus L.,6.5,,1222 kg d.m. ha-1,,0.90 kg ha-1 mm-1,https://doi.org/10.1007/s00271-018-0588-6,2025-11-25 21:23:22,9.0,True
5299,Rainfed,"Ottava, Sardinia, Italy",40° 46’ N,8° 29’ E,81 m,Lithic Xerorthents,45 m2,23-Mar-2017,Helianthus annuus L.,6.5,,1222 kg d.m. ha-1,,0.32 kg ha-1 mm-1,https://doi.org/10.1007/s00271-018-0588-6,2025-11-25 21:23:22,9.0,True
5300,Drip irrigation,"Ottava, Sardinia, Italy",40° 46’ N,8° 29’ E,81 m,Lithic Xerorthents,45 m2,10-Jan-2018,Helianthus annuus L.,7.7,,2236 kg d.m. ha-1,,0.90 kg ha-1 mm-1,https://doi.org/10.1007/s00271-018-0588-6,2025-11-25 21:23:22,9.0,True
5301,Rainfed,"Ottava, Sardinia, Italy",40° 46’ N,8° 29’ E,81 m,Lithic Xerorthents,45 m2,10-Jan-2018,Helianthus annuus L.,7.7,,2147 kg d.m. ha-1,,0.32 kg ha-1 mm-1,https://doi.org/10.1007/s00271-018-0588-6,2025-11-25 21:23:22,9.0,True
5302,Drip irrigation,"Ottava, Sardinia, Italy",40° 46’ N,8° 29’ E,81 m,Lithic Xerorthents,45 m2,15-Mar-2018,Helianthus annuus L.,7.8,,2169 kg d.m. ha-1,,0.90 kg ha-1 mm-1,https://doi.org/10.1007/s00271-018-0588-6,2025-11-25 21:23:22,9.0,True
5303,Rainfed,"Ottava, Sardinia, Italy",40° 46’ N,8° 29’ E,81 m,Lithic Xerorthents,45 m2,15-Mar-2018,Helianthus annuus L.,7.8,,2076 kg d.m. ha-1,,0.32 kg ha-1 mm-1,https://doi.org/10.1007/s00271-018-0588-6,2025-11-25 21:23:22,9.0,True
5304,Full Irrigation (FI),"Stoneville, MS",33° 42′ N,90° 55′ W,32 m,Dundee silt loam,,8 May 2018,Cotton (Gossypium hirsutum L.),"120,000 plants ha-1",,1779 kg ha-1,1.5 m,1.38 kg ha-1 mm-1,https://doi.org/10.1016/j.fcr.2016.06.003,2025-11-25 21:26:37,9.0,True
5305,Full Irrigation (FI),"Stoneville, MS",33° 42′ N,90° 55′ W,32 m,Dundee silt loam,,8 May 2018,Cotton (Gossypium hirsutum L.),"120,000 plants ha-1",,2028 kg ha-1,1.5 m,1.38 kg ha-1 mm-1,https://doi.org/10.1016/j.fcr.2016.06.003,2025-11-25 21:26:37,9.0,True
5306,Half Irrigation (HI),"Stoneville, MS",33° 42′ N,90° 55′ W,32 m,Dundee silt loam,,8 May 2018,Cotton (Gossypium hirsutum L.),"120,000 plants ha-1",,1803 kg ha-1,1.5 m,2.70 kg ha-1 mm-1,https://doi.org/10.1016/j.fcr.2016.06.003,2025-11-25 21:26:37,9.0,True
5307,Half Irrigation (HI),"Stoneville, MS",33° 42′ N,90° 55′ W,32 m,Dundee silt loam,,8 May 2018,Cotton (Gossypium hirsutum L.),"120,000 plants ha-1",,2082 kg ha-1,1.5 m,2.70 kg ha-1 mm-1,https://doi.org/10.1016/j.fcr.2016.06.003,2025-11-25 21:26:37,9.0,True
5308,Rainfed (RF),"Stoneville, MS",33° 42′ N,90° 55′ W,32 m,Dundee silt loam,,8 May 2018,Cotton (Gossypium hirsutum L.),"120,000 plants ha-1",,1573 kg ha-1,1.5 m,,https://doi.org/10.1016/j.fcr.2016.06.003,2025-11-25 21:26:37,9.0,True
5309,Rainfed (RF),"Stoneville, MS",33° 42′ N,90° 55′ W,32 m,Dundee silt loam,,8 May 2018,Cotton (Gossypium hirsutum L.),"120,000 plants ha-1",,1788 kg ha-1,1.5 m,,https://doi.org/10.1016/j.fcr.2016.06.003,2025-11-25 21:26:37,9.0,True
5310,Full Irrigation (FI),"Stoneville, MS",33° 42′ N,90° 55′ W,32 m,Dundee silt loam,,16 May 2019,Cotton (Gossypium hirsutum L.),"120,000 plants ha-1",,1779 kg ha-1,1.5 m,1.38 kg ha-1 mm-1,https://doi.org/10.1016/j.fcr.2016.06.003,2025-11-25 21:26:37,9.0,True
5311,Full Irrigation (FI),"Stoneville, MS",33° 42′ N,90° 55′ W,32 m,Dundee silt loam,,16 May 2019,Cotton (Gossypium hirsutum L.),"120,000 plants ha-1",,2028 kg ha-1,1.5 m,1.38 kg ha-1 mm-1,https://doi.org/10.1016/j.fcr.2016.06.003,2025-11-25 21:26:37,9.0,True
5312,Half Irrigation (HI),"Stoneville, MS",33° 42′ N,90° 55′ W,32 m,Dundee silt loam,,16 May 2019,Cotton (Gossypium hirsutum L.),"120,000 plants ha-1",,1803 kg ha-1,1.5 m,2.70 kg ha-1 mm-1,https://doi.org/10.1016/j.fcr.2016.06.003,2025-11-25 21:26:37,9.0,True
5313,Half Irrigation (HI),"Stoneville, MS",33° 42′ N,90° 55′ W,32 m,Dundee silt loam,,16 May 2019,Cotton (Gossypium hirsutum L.),"120,000 plants ha-1",,2082 kg ha-1,1.5 m,2.70 kg ha-1 mm-1,https://doi.org/10.1016/j.fcr.2016.06.003,2025-11-25 21:26:37,9.0,True
5314,Rainfed (RF),"Stoneville, MS",33° 42′ N,90° 55′ W,32 m,Dundee silt loam,,16 May 2019,Cotton (Gossypium hirsutum L.),"120,000 plants ha-1",,1573 kg ha-1,1.5 m,,https://doi.org/10.1016/j.fcr.2016.06.003,2025-11-25 21:26:37,9.0,True
5315,Rainfed (RF),"Stoneville, MS",33° 42′ N,90° 55′ W,32 m,Dundee silt loam,,16 May 2019,Cotton (Gossypium hirsutum L.),"120,000 plants ha-1",,1788 kg ha-1,1.5 m,,https://doi.org/10.1016/j.fcr.2016.06.003,2025-11-25 21:26:37,9.0,True
5354,100% of actual evapotranspiration,"Pencahue Valley, Maule Region, Chile",35.2320,-71.4420,96 m,clay-loam,,2010-2011 to 2013-2014,Olea europaea L. cv. Arbequina,1333 tree ha-1,,11984 kg ha-1,,42.6 kg fruit mm-1,https://doi.org/10.1016/J.AGWAT.2016.08.017,2025-11-25 21:39:13,9.0,True
5355,Irrigation cut-off at 9stem threshold of approximately -3.5 MPa,"Pencahue Valley, Maule Region, Chile",35.2320,-71.4420,96 m,clay-loam,,2010-2011 to 2013-2014,Olea europaea L. cv. Arbequina,1333 tree ha-1,,10917 kg ha-1,,46.4 kg fruit mm-1,https://doi.org/10.1016/J.AGWAT.2016.08.017,2025-11-25 21:39:13,9.0,True
5356,Irrigation cut-off at 9stem threshold of approximately -5.0 MPa,"Pencahue Valley, Maule Region, Chile",35.2320,-71.4420,96 m,clay-loam,,2010-2011 to 2013-2014,Olea europaea L. cv. Arbequina,1333 tree ha-1,,7998 kg ha-1,,37.3 kg fruit mm-1,https://doi.org/10.1016/J.AGWAT.2016.08.017,2025-11-25 21:39:13,9.0,True
5357,Irrigation cut-off at 9stem threshold of approximately -6.0 MPa,"Pencahue Valley, Maule Region, Chile",35.2320,-71.4420,96 m,clay-loam,,2010-2011 to 2013-2014,Olea europaea L. cv. Arbequina,1333 tree ha-1,,7305 kg ha-1,,36.8 kg fruit mm-1,https://doi.org/10.1016/J.AGWAT.2016.08.017,2025-11-25 21:39:13,9.0,True
5358,Control treatment,"Dos Hermanas, Seville, Spain",37º 25′ N,5º 95′ W,42 m,loam,,2015-06-10,Olea europaea L cv Manzanilla de Sevilla,,,3.1 ± 1.0 t ha-1,,,https://doi.org/10.1016/j.agwat.2020.106418,2025-11-25 21:40:24,9.0,True
5359,RDI-1,"Dos Hermanas, Seville, Spain",37º 25′ N,5º 95′ W,42 m,loam,,2015-06-10,Olea europaea L cv Manzanilla de Sevilla,,,1.9 ± 0.5 t ha-1,,,https://doi.org/10.1016/j.agwat.2020.106418,2025-11-25 21:40:24,9.0,True
5360,RDI-2,"Dos Hermanas, Seville, Spain",37º 25′ N,5º 95′ W,42 m,loam,,2015-06-10,Olea europaea L cv Manzanilla de Sevilla,,,1.9 ± 0.6 t ha-1,,,https://doi.org/10.1016/j.agwat.2020.106418,2025-11-25 21:40:24,9.0,True
5361,RDI-3,"Dos Hermanas, Seville, Spain",37º 25′ N,5º 95′ W,42 m,loam,,2015-06-10,Olea europaea L cv Manzanilla de Sevilla,,,3.4 ± 0.9 t ha-1,,,https://doi.org/10.1016/j.agwat.2020.106418,2025-11-25 21:40:24,9.0,True
5362,Control treatment,"Dos Hermanas, Seville, Spain",37º 25′ N,5º 95′ W,42 m,loam,,2016-06-08,Olea europaea L cv Manzanilla de Sevilla,,,18.3 ± 2.1 t ha-1,,,https://doi.org/10.1016/j.agwat.2020.106418,2025-11-25 21:40:24,9.0,True
5363,RDI-1,"Dos Hermanas, Seville, Spain",37º 25′ N,5º 95′ W,42 m,loam,,2016-06-08,Olea europaea L cv Manzanilla de Sevilla,,,14.5 ± 1.1 t ha-1,,,https://doi.org/10.1016/j.agwat.2020.106418,2025-11-25 21:40:24,9.0,True
5364,RDI-2,"Dos Hermanas, Seville, Spain",37º 25′ N,5º 95′ W,42 m,loam,,2016-06-08,Olea europaea L cv Manzanilla de Sevilla,,,17.3 ± 1.5 t ha-1,,,https://doi.org/10.1016/j.agwat.2020.106418,2025-11-25 21:40:24,9.0,True
5365,RDI-3,"Dos Hermanas, Seville, Spain",37º 25′ N,5º 95′ W,42 m,loam,,2016-06-08,Olea europaea L cv Manzanilla de Sevilla,,,14.8 ± 1.5 t ha-1,,,https://doi.org/10.1016/j.agwat.2020.106418,2025-11-25 21:40:24,9.0,True
5366,Control treatment,"Dos Hermanas, Seville, Spain",37º 25′ N,5º 95′ W,42 m,loam,,2017-06-12,Olea europaea L cv Manzanilla de Sevilla,,,12.2 ± 2.0 t ha-1,,,https://doi.org/10.1016/j.agwat.2020.106418,2025-11-25 21:40:24,9.0,True
5367,RDI-1,"Dos Hermanas, Seville, Spain",37º 25′ N,5º 95′ W,42 m,loam,,2017-06-12,Olea europaea L cv Manzanilla de Sevilla,,,9.5 ± 1.1 t ha-1,,,https://doi.org/10.1016/j.agwat.2020.106418,2025-11-25 21:40:24,9.0,True
5368,RDI-2,"Dos Hermanas, Seville, Spain",37º 25′ N,5º 95′ W,42 m,loam,,2017-06-12,Olea europaea L cv Manzanilla de Sevilla,,,13.8 ± 0.5 t ha-1,,,https://doi.org/10.1016/j.agwat.2020.106418,2025-11-25 21:40:24,9.0,True
5369,RDI-3,"Dos Hermanas, Seville, Spain",37º 25′ N,5º 95′ W,42 m,loam,,2017-06-12,Olea europaea L cv Manzanilla de Sevilla,,,10.5 ± 1.4 t ha-1,,,https://doi.org/10.1016/j.agwat.2020.106418,2025-11-25 21:40:24,9.0,True
5382,Control (100% replacement of crop water needs),"Sanabria orchard, southwest Spain",37°15'N,-5°48'W,,sandy loam,,2011,Olea europaea L. 'Arbequina',1667 trees ha−1,,,0.6 to 0.7 m,,http://dx.doi.org/10.1016/j.agwat.2012.06.027,2025-11-25 21:49:57,9.0,True
5383,"Regulated Deficit Irrigation (RDI, 30% replacement of crop water needs)","Sanabria orchard, southwest Spain",37°15'N,-5°48'W,,sandy loam,,2011,Olea europaea L. 'Arbequina',1667 trees ha−1,,,0.6 to 0.7 m,,http://dx.doi.org/10.1016/j.agwat.2012.06.027,2025-11-25 21:49:57,9.0,True
5396,Regulated Deficit Irrigation (RDI),"Belgrade, Serbia",,,,loam-clay,400 m2,2006-2007,Tomato (Solanum lycopersicum L.) Cedrico,90,"soluble solids, titrable acidity",74.0 t ha-1,,83.6 kg m-3H2O ha-1,http://dx.doi.org/10.5513/JCEA01/12.4.960,2025-11-25 21:57:09,9.0,True
5397,Full Irrigation (FI),"Belgrade, Serbia",,,,loam-clay,400 m2,2006-2007,Tomato (Solanum lycopersicum L.) Cedrico,90,"soluble solids, titrable acidity",74.5 t ha-1,,47.6 kg m-3H2O ha-1,http://dx.doi.org/10.5513/JCEA01/12.4.960,2025-11-25 21:57:09,9.0,True
5398,Regulated Deficit Irrigation (RDI),"Belgrade, Serbia",,,,loam-clay,400 m2,2006-2007,Tomato (Solanum lycopersicum L.) Abellus,90,"soluble solids, titrable acidity",55.9 t ha-1,,63.2 kg m-3H2O ha-1,http://dx.doi.org/10.5513/JCEA01/12.4.960,2025-11-25 21:57:09,9.0,True
5399,Full Irrigation (FI),"Belgrade, Serbia",,,,loam-clay,400 m2,2006-2007,Tomato (Solanum lycopersicum L.) Abellus,90,"soluble solids, titrable acidity",59.0 t ha-1,,47.4 kg m-3H2O ha-1,http://dx.doi.org/10.5513/JCEA01/12.4.960,2025-11-25 21:57:09,9.0,True
5422,4 days interval (A) - 100% cumulative evaporation (T1),Bursa Uludag University Faculty of Agriculture,40º 11' N,29º 04' E,110 m,clay,21 m2,2019-05-03,"Lycopersicon esculentum Mill., cv. Heinz 1015",,,111.65 t ha-1,,21.2 kg m-3,https://doi.org/10.35193/bseufbd.1188145,2025-11-25 22:15:06,10.0,True
5423,4 days interval (A) - 80% cumulative evaporation (T2),Bursa Uludag University Faculty of Agriculture,40º 11' N,29º 04' E,110 m,clay,21 m2,2019-05-03,"Lycopersicon esculentum Mill., cv. Heinz 1015",,,105.50 t ha-1,,22.4 kg m-3,https://doi.org/10.35193/bseufbd.1188145,2025-11-25 22:15:06,10.0,True
5424,4 days interval (A) - 60% cumulative evaporation (T3),Bursa Uludag University Faculty of Agriculture,40º 11' N,29º 04' E,110 m,clay,21 m2,2019-05-03,"Lycopersicon esculentum Mill., cv. Heinz 1015",,,68.34 t ha-1,,16.3 kg m-3,https://doi.org/10.35193/bseufbd.1188145,2025-11-25 22:15:06,10.0,True
5425,8 days interval (B) - 100% cumulative evaporation (T1),Bursa Uludag University Faculty of Agriculture,40º 11' N,29º 04' E,110 m,clay,21 m2,2019-05-03,"Lycopersicon esculentum Mill., cv. Heinz 1015",,,110.84 t ha-1,,21.2 kg m-3,https://doi.org/10.35193/bseufbd.1188145,2025-11-25 22:15:06,10.0,True
5426,8 days interval (B) - 80% cumulative evaporation (T2),Bursa Uludag University Faculty of Agriculture,40º 11' N,29º 04' E,110 m,clay,21 m2,2019-05-03,"Lycopersicon esculentum Mill., cv. Heinz 1015",,,97.89 t ha-1,,20.6 kg m-3,https://doi.org/10.35193/bseufbd.1188145,2025-11-25 22:15:06,10.0,True
5427,8 days interval (B) - 60% cumulative evaporation (T3),Bursa Uludag University Faculty of Agriculture,40º 11' N,29º 04' E,110 m,clay,21 m2,2019-05-03,"Lycopersicon esculentum Mill., cv. Heinz 1015",,,67.36 t ha-1,,16.1 kg m-3,https://doi.org/10.35193/bseufbd.1188145,2025-11-25 22:15:06,10.0,True
5442,Open water surface evaporation 60%,"Silifke, Mersin, Turkey",36º 22',33º 55',,alluvial,136.5 m2,2012-11-06,Lycopersicon esculentum Mill cv. Astona,28,"Kuru madde %5.53, pH 4.33, C vitamini 9.26 mg 100ml-1",68.4 t ha-1,,28.3 kg m-3,https://doi.org/10.21657/topraksu.339821,2025-11-25 22:24:36,9.0,True
5443,Open water surface evaporation 80%,"Silifke, Mersin, Turkey",36º 22',33º 55',,alluvial,136.5 m2,2012-11-06,Lycopersicon esculentum Mill cv. Astona,28,"Kuru madde %5.13, pH 4.40, C vitamini 8.52 mg 100ml-1",105.5 t ha-1,,32.2 kg m-3,https://doi.org/10.21657/topraksu.339821,2025-11-25 22:24:36,9.0,True
5444,Open water surface evaporation 100%,"Silifke, Mersin, Turkey",36º 22',33º 55',,alluvial,136.5 m2,2012-11-06,Lycopersicon esculentum Mill cv. Astona,28,"Kuru madde %5.00, pH 4.43, C vitamini 7.69 mg 100ml-1",128.7 t ha-1,,36.8 kg m-3,https://doi.org/10.21657/topraksu.339821,2025-11-25 22:24:36,9.0,True
5445,Open water surface evaporation 120%,"Silifke, Mersin, Turkey",36º 22',33º 55',,alluvial,136.5 m2,2012-11-06,Lycopersicon esculentum Mill cv. Astona,28,"Kuru madde %4.53, pH 4.58, C vitamini 7.62 mg 100ml-1",115.8 t ha-1,,24.8 kg m-3,https://doi.org/10.21657/topraksu.339821,2025-11-25 22:24:36,9.0,True
5551,1.2 ETc,Egyptian Nile Delta,31.50,31.09,,Vertisols,,2019/2020,Triticum aestivum,,,8.1 t ha–1,,1.6 kg m–3,https://acsess.onlinelibrary.wiley.com/doi/book/10.2134/advagricsystmodel2,2025-11-26 02:13:43,9.0,True
5552,1.0 ETc,Egyptian Nile Delta,31.50,31.09,,Vertisols,,2019/2020,Triticum aestivum,,,7.4 t ha–1,,1.5 kg m–3,https://acsess.onlinelibrary.wiley.com/doi/book/10.2134/advagricsystmodel2,2025-11-26 02:13:43,9.0,True
5553,0.8 ETc,Egyptian Nile Delta,31.50,31.09,,Vertisols,,2019/2020,Triticum aestivum,,,3.7 t ha–1,,0.7 kg m–3,https://acsess.onlinelibrary.wiley.com/doi/book/10.2134/advagricsystmodel2,2025-11-26 02:13:43,9.0,True
5554,1.2 ETc,Egyptian Nile Delta,31.50,31.09,,Vertisols,,2020/2021,Triticum aestivum,,,8.7 t ha–1,,2.0 kg m–3,https://acsess.onlinelibrary.wiley.com/doi/book/10.2134/advagricsystmodel2,2025-11-26 02:13:43,9.0,True
5555,1.0 ETc,Egyptian Nile Delta,31.50,31.09,,Vertisols,,2020/2021,Triticum aestivum,,,7.4 t ha–1,,1.8 kg m–3,https://acsess.onlinelibrary.wiley.com/doi/book/10.2134/advagricsystmodel2,2025-11-26 02:13:43,9.0,True
5556,0.8 ETc,Egyptian Nile Delta,31.50,31.09,,Vertisols,,2020/2021,Triticum aestivum,,,6.8 t ha–1,,1.7 kg m–3,https://acsess.onlinelibrary.wiley.com/doi/book/10.2134/advagricsystmodel2,2025-11-26 02:13:43,9.0,True
5632,,"Great Plains, USA",,,,,,,,,,,,,https://doi.org/10.1016/j.agwat.2015.03.023,2025-11-26 02:31:52,8.0,True
5633,Deficit Irrigation,"Great Plains, USA",,,,,,,Sorghum,,,,,,https://doi.org/10.1016/j.agwat.2015.03.023,2025-11-26 02:31:52,8.0,True
5634,Deficit Irrigation,"Great Plains, USA",,,,,,,Corn,,,,,,https://doi.org/10.1016/j.agwat.2015.03.023,2025-11-26 02:31:52,8.0,True
5635,Center Pivot Irrigation,"Great Plains, USA",,,,,,,Cotton,,,,,,https://doi.org/10.1016/j.agwat.2015.03.023,2025-11-26 02:31:52,8.0,True
5636,Subsurface Drip Irrigation,"Great Plains, USA",,,,,,,Cotton,,,,,,https://doi.org/10.1016/j.agwat.2015.03.023,2025-11-26 02:31:52,8.0,True
5637,,"Great Plains, USA",,,,,,,Wheat,,,,,,https://doi.org/10.1016/j.agwat.2015.03.023,2025-11-26 02:31:52,8.0,True
5709,Evapotranspiration-based irrigation at 100% ET,"Mississippi State University, Mississippi State, MS, USA",,,,sandy loam,,126 days after planting,Glycine max (L.) Merr. (Soybean),1 per pot,,,104 cm,,https://doi.org/10.1007/s00271-018-0580-1,2025-11-26 03:00:50,8.0,True
5710,Evapotranspiration-based irrigation at 80% ET,"Mississippi State University, Mississippi State, MS, USA",,,,sandy loam,,126 days after planting,Glycine max (L.) Merr. (Soybean),1 per pot,,,102 cm,,https://doi.org/10.1007/s00271-018-0580-1,2025-11-26 03:00:50,8.0,True
5711,Evapotranspiration-based irrigation at 60% ET,"Mississippi State University, Mississippi State, MS, USA",,,,sandy loam,,126 days after planting,Glycine max (L.) Merr. (Soybean),1 per pot,,,100 cm,,https://doi.org/10.1007/s00271-018-0580-1,2025-11-26 03:00:50,8.0,True
5712,Evapotranspiration-based irrigation at 40% ET,"Mississippi State University, Mississippi State, MS, USA",,,,sandy loam,,126 days after planting,Glycine max (L.) Merr. (Soybean),1 per pot,,,95 cm,,https://doi.org/10.1007/s00271-018-0580-1,2025-11-26 03:00:50,8.0,True
5713,Evapotranspiration-based irrigation at 20% ET,"Mississippi State University, Mississippi State, MS, USA",,,,sandy loam,,126 days after planting,Glycine max (L.) Merr. (Soybean),1 per pot,,,79 cm,,https://doi.org/10.1007/s00271-018-0580-1,2025-11-26 03:00:50,8.0,True
5718,Irrigation scheduling at 50 % moisture depletion of available water capacity under black polyethylene mulch with drip irrigation,"Akola, Maharashtra, India",,,,Clay,,"November 27, 2013 to February 19, 2014",Cabbage (Brassica oleracea var.capitata),,,14.31 t ha-1,,,https://doi.org/10.1007/s40003-016-0238-2,2025-11-26 03:06:05,9.0,True
5719,Irrigation scheduling at 50 % moisture depletion of available water capacity under silver polyethylene mulch with drip irrigation,"Akola, Maharashtra, India",,,,Clay,,"November 27, 2013 to February 19, 2014",Cabbage (Brassica oleracea var.capitata),,,15.25 t ha-1,,,https://doi.org/10.1007/s40003-016-0238-2,2025-11-26 03:06:05,9.0,True
5720,Irrigation scheduling at 50 % moisture depletion of available water capacity with drip irrigation,"Akola, Maharashtra, India",,,,Clay,,"November 27, 2013 to February 19, 2014",Cabbage (Brassica oleracea var.capitata),,,14.20 t ha-1,,,https://doi.org/10.1007/s40003-016-0238-2,2025-11-26 03:06:05,9.0,True
5721,Irrigation scheduling at 100 % crop evapotranspiration under black polyethylene mulch with drip irrigation,"Akola, Maharashtra, India",,,,Clay,,"November 27, 2013 to February 19, 2014",Cabbage (Brassica oleracea var.capitata),,,17.00 t ha-1,,,https://doi.org/10.1007/s40003-016-0238-2,2025-11-26 03:06:05,9.0,True
5722,Irrigation scheduling at 100 % crop evapotranspiration under silver polyethylene mulch with drip irrigation,"Akola, Maharashtra, India",,,,Clay,,"November 27, 2013 to February 19, 2014",Cabbage (Brassica oleracea var.capitata),,,17.10 t ha-1,,,https://doi.org/10.1007/s40003-016-0238-2,2025-11-26 03:06:05,9.0,True
5723,Irrigation scheduling at 100 % crop evapotranspiration with drip irrigation,"Akola, Maharashtra, India",,,,Clay,,"November 27, 2013 to February 19, 2014",Cabbage (Brassica oleracea var.capitata),,,14.31 t ha-1,,,https://doi.org/10.1007/s40003-016-0238-2,2025-11-26 03:06:05,9.0,True
5724,Irrigation scheduling at 110 % of crop evapotranspiration (ETc) with drip irrigation,"Akola, Maharashtra, India",,,,,,"November 27, 2013 to February 19, 2014",Cabbage (Brassica oleracea var.capitata),,,143.11 q ha-1,,5.02 kg m-3,https://doi.org/10.1007/s40003-016-0238-2,2025-11-26 03:06:05,9.0,True
5725,Irrigation scheduling at 90 % of crop evapotranspiration (ETc) with drip irrigation,"Akola, Maharashtra, India",,,,,,"November 27, 2013 to February 19, 2014",Cabbage (Brassica oleracea var.capitata),,,114.19 q ha-1,,5.17 kg m-3,https://doi.org/10.1007/s40003-016-0238-2,2025-11-26 03:06:05,9.0,True
5726,Irrigation scheduling at 80 % of crop evapotranspiration (ETc) with drip irrigation,"Akola, Maharashtra, India",,,,,,"November 27, 2013 to February 19, 2014",Cabbage (Brassica oleracea var.capitata),,,103.07 q ha-1,,5.18 kg m-3,https://doi.org/10.1007/s40003-016-0238-2,2025-11-26 03:06:05,9.0,True
5727,Irrigation scheduling at 70 % of crop evapotranspiration (ETc) with drip irrigation,"Akola, Maharashtra, India",,,,,,"November 27, 2013 to February 19, 2014",Cabbage (Brassica oleracea var.capitata),,,92.75 q ha-1,,5.36 kg m-3,https://doi.org/10.1007/s40003-016-0238-2,2025-11-26 03:06:05,9.0,True
5728,Irrigation scheduling at 60 % of crop evapotranspiration (ETc) with drip irrigation,"Akola, Maharashtra, India",,,,,,"November 27, 2013 to February 19, 2014",Cabbage (Brassica oleracea var.capitata),,,79.94 q ha-1,,5.55 kg m-3,https://doi.org/10.1007/s40003-016-0238-2,2025-11-26 03:06:05,9.0,True
5729,Irrigation scheduling at 110 % of crop evapotranspiration (ETc) under polyethylene mulch with drip irrigation,"Akola, Maharashtra, India",,,,,,"November 27, 2013 to February 19, 2014",Cabbage (Brassica oleracea var.capitata),,,137.22 q ha-1,,5.16 kg m-3,https://doi.org/10.1007/s40003-016-0238-2,2025-11-26 03:06:05,9.0,True
5730,Irrigation scheduling at 90 % of crop evapotranspiration (ETc) under polyethylene mulch with drip irrigation,"Akola, Maharashtra, India",,,,,,"November 27, 2013 to February 19, 2014",Cabbage (Brassica oleracea var.capitata),,,128.03 q ha-1,,5.79 kg m-3,https://doi.org/10.1007/s40003-016-0238-2,2025-11-26 03:06:05,9.0,True
5731,Irrigation scheduling at 80 % of crop evapotranspiration (ETc) under polyethylene mulch with drip irrigation,"Akola, Maharashtra, India",,,,,,"November 27, 2013 to February 19, 2014",Cabbage (Brassica oleracea var.capitata),,,120.41 q ha-1,,6.05 kg m-3,https://doi.org/10.1007/s40003-016-0238-2,2025-11-26 03:06:05,9.0,True
5732,Irrigation scheduling at 70 % of crop evapotranspiration (ETc) under polyethylene mulch with drip irrigation,"Akola, Maharashtra, India",,,,,,"November 27, 2013 to February 19, 2014",Cabbage (Brassica oleracea var.capitata),,,111.37 q ha-1,,6.44 kg m-3,https://doi.org/10.1007/s40003-016-0238-2,2025-11-26 03:06:05,9.0,True
5733,Irrigation scheduling at 60 % of crop evapotranspiration (ETc) under polyethylene mulch with drip irrigation,"Akola, Maharashtra, India",,,,,,"November 27, 2013 to February 19, 2014",Cabbage (Brassica oleracea var.capitata),,,99.49 q ha-1,,6.91 kg m-3,https://doi.org/10.1007/s40003-016-0238-2,2025-11-26 03:06:05,9.0,True
5734,,"Groß-Enzersdorf, Austria",48°12'N,16°34'E,157 m,chernozem,8.5 ha,2019-04-25,Glycine max (L.) Merr.,66 plants m–2,,,,,https://doi.org/10.1016/j.agwat.2011.12.002,2025-11-26 03:08:40,8.0,True
5735,hose reel irrigation,"Groß-Enzersdorf, Austria",48°12'N,16°34'E,157 m,chernozem,8.5 ha,2019-07-23,Glycine max (L.) Merr.,66 plants m–2,,,,,https://doi.org/10.1016/j.agwat.2011.12.002,2025-11-26 03:08:40,8.0,True
5736,hose reel irrigation,"Groß-Enzersdorf, Austria",48°12'N,16°34'E,157 m,chernozem,8.5 ha,2019-08-13,Glycine max (L.) Merr.,66 plants m–2,,,,,https://doi.org/10.1016/j.agwat.2011.12.002,2025-11-26 03:08:40,8.0,True
5737,,"Groß-Enzersdorf, Austria",48°12'N,16°34'E,157 m,chernozem,8.5 ha,2019-09-03,Glycine max (L.) Merr.,66 plants m–2,,,,,https://doi.org/10.1016/j.agwat.2011.12.002,2025-11-26 03:08:40,8.0,True
5738,,"Groß-Enzersdorf, Austria",48°12'N,16°34'E,157 m,chernozem,8.5 ha,2019-09-11,Glycine max (L.) Merr.,66 plants m–2,,,,,https://doi.org/10.1016/j.agwat.2011.12.002,2025-11-26 03:08:40,8.0,True
5822,Fully irrigated,"Bushland, Texas, United States",35.1833,-102.1,1170 m,Pullman silty clay loam,4.4 ha,1990,Corn,,,73.3 cm,,,https://doi.org/10.1016/j.advwatres.2012.07.023,2025-11-26 03:25:52,8.0,True
5823,Fully irrigated,"Bushland, Texas, United States",35.1833,-102.1,1170 m,Pullman silty clay loam,4.4 ha,2006,Corn,,,67.4 cm,,,https://doi.org/10.1016/j.advwatres.2012.07.023,2025-11-26 03:25:52,8.0,True
5824,Fully irrigated,"Bushland, Texas, United States",35.1833,-102.1,1170 m,Pullman silty clay loam,4.4 ha,2007,Corn,,,71.9 cm,,,https://doi.org/10.1016/j.advwatres.2012.07.023,2025-11-26 03:25:52,8.0,True
5831,Micro-irrigation with surface drip tubing (100% ETc),"Greeley, Colorado",40.45,-104.64,,sandy loam,9 m by 44 m,2008-05-12,Maize (Zea Mays L.),"81,000 seeds per hectare",,11059 kg ha−1,,,https://doi.org/10.1016/j.agwat.2011.11.005,2025-11-26 03:27:10,9.0,True
5832,Micro-irrigation with surface drip tubing (85% ETc),"Greeley, Colorado",40.45,-104.64,,sandy loam,9 m by 44 m,2008-05-12,Maize (Zea Mays L.),"81,000 seeds per hectare",,,,,https://doi.org/10.1016/j.agwat.2011.11.005,2025-11-26 03:27:10,9.0,True
5833,Micro-irrigation with surface drip tubing (70% ETc),"Greeley, Colorado",40.45,-104.64,,sandy loam,9 m by 44 m,2008-05-12,Maize (Zea Mays L.),"81,000 seeds per hectare",,,,,https://doi.org/10.1016/j.agwat.2011.11.005,2025-11-26 03:27:10,9.0,True
5834,Micro-irrigation with surface drip tubing (55% ETc),"Greeley, Colorado",40.45,-104.64,,sandy loam,9 m by 44 m,2008-05-12,Maize (Zea Mays L.),"81,000 seeds per hectare",,,,,https://doi.org/10.1016/j.agwat.2011.11.005,2025-11-26 03:27:10,9.0,True
5835,Micro-irrigation with surface drip tubing (40% ETc),"Greeley, Colorado",40.45,-104.64,,sandy loam,9 m by 44 m,2008-05-12,Maize (Zea Mays L.),"81,000 seeds per hectare",,,,,https://doi.org/10.1016/j.agwat.2011.11.005,2025-11-26 03:27:10,9.0,True
5836,Micro-irrigation with surface drip tubing (100% ETc),"Greeley, Colorado",40.45,-104.64,,sandy loam,9 m by 44 m,2009-05-11,Maize (Zea Mays L.),"81,000 seeds per hectare",,,,,https://doi.org/10.1016/j.agwat.2011.11.005,2025-11-26 03:27:10,9.0,True
5837,Micro-irrigation with surface drip tubing (85% ETc),"Greeley, Colorado",40.45,-104.64,,sandy loam,9 m by 44 m,2009-05-11,Maize (Zea Mays L.),"81,000 seeds per hectare",,,,,https://doi.org/10.1016/j.agwat.2011.11.005,2025-11-26 03:27:10,9.0,True
5838,Micro-irrigation with surface drip tubing (70% ETc),"Greeley, Colorado",40.45,-104.64,,sandy loam,9 m by 44 m,2009-05-11,Maize (Zea Mays L.),"81,000 seeds per hectare",,,,,https://doi.org/10.1016/j.agwat.2011.11.005,2025-11-26 03:27:10,9.0,True
5839,Micro-irrigation with surface drip tubing (55% ETc),"Greeley, Colorado",40.45,-104.64,,sandy loam,9 m by 44 m,2009-05-11,Maize (Zea Mays L.),"81,000 seeds per hectare",,,,,https://doi.org/10.1016/j.agwat.2011.11.005,2025-11-26 03:27:10,9.0,True
5840,Micro-irrigation with surface drip tubing (40% ETc),"Greeley, Colorado",40.45,-104.64,,sandy loam,9 m by 44 m,2009-05-11,Maize (Zea Mays L.),"81,000 seeds per hectare",,,,,https://doi.org/10.1016/j.agwat.2011.11.005,2025-11-26 03:27:10,9.0,True
5841,Micro-irrigation with surface drip tubing (100% ETc),"Greeley, Colorado",40.45,-104.64,,sandy loam,9 m by 44 m,2010-05-11,Maize (Zea Mays L.),"81,000 seeds per hectare",,,,,https://doi.org/10.1016/j.agwat.2011.11.005,2025-11-26 03:27:10,9.0,True
5842,Micro-irrigation with surface drip tubing (85% ETc),"Greeley, Colorado",40.45,-104.64,,sandy loam,9 m by 44 m,2010-05-11,Maize (Zea Mays L.),"81,000 seeds per hectare",,,,,https://doi.org/10.1016/j.agwat.2011.11.005,2025-11-26 03:27:10,9.0,True
5843,Micro-irrigation with surface drip tubing (70% ETc),"Greeley, Colorado",40.45,-104.64,,sandy loam,9 m by 44 m,2010-05-11,Maize (Zea Mays L.),"81,000 seeds per hectare",,,,,https://doi.org/10.1016/j.agwat.2011.11.005,2025-11-26 03:27:10,9.0,True
5844,Micro-irrigation with surface drip tubing (55% ETc),"Greeley, Colorado",40.45,-104.64,,sandy loam,9 m by 44 m,2010-05-11,Maize (Zea Mays L.),"81,000 seeds per hectare",,,,,https://doi.org/10.1016/j.agwat.2011.11.005,2025-11-26 03:27:10,9.0,True
5845,Micro-irrigation with surface drip tubing (40% ETc),"Greeley, Colorado",40.45,-104.64,,sandy loam,9 m by 44 m,2010-05-11,Maize (Zea Mays L.),"81,000 seeds per hectare",,,,,https://doi.org/10.1016/j.agwat.2011.11.005,2025-11-26 03:27:10,9.0,True
5890,Supplemental irrigation,"Jamie Whitten Delta States Research Center, Stoneville, MS, USA","33°26'30.86""","-90°53'26.60""",,silt loam,10 ha,2011,Cotton (DP 0912 B2RF),,,3399 kg/ha,,,https://doi.org/10.5539/jas.v4n12p93,2025-11-26 04:14:54,8.0,True
5891,Non-irrigated,"Jamie Whitten Delta States Research Center, Stoneville, MS, USA","33°26'30.86""","-90°53'26.60""",,silt loam,10 ha,2011,Cotton (DP 0912 B2RF),,,2975 kg/ha,,,https://doi.org/10.5539/jas.v4n12p93,2025-11-26 04:14:54,8.0,True
5914,,"Maringá, Paraná, Brazil",23º25’57’’ S,51º57’08’’ W,542 m,Nitossolo Vermelho distroférrico,,20/11/2017 to 19/03/2018,Capsicum annuum L.,6 per flowerbed,"soluble solids level, pH, titratable acidity",5222.45 g per plant,,,https://doi.org/10.1590/1807-1929/agriambi.v21n1p9-13,2025-11-26 04:23:09,8.0,True
5915,,"Maringá, Paraná, Brazil",23º25’57’’ S,51º57’08’’ W,542 m,Nitossolo Vermelho distroférrico,,15/06/2018 to 15/11/2018,Capsicum annuum L.,6 per flowerbed,"soluble solids level, pH, titratable acidity",2939.4 g per plant,,,https://doi.org/10.1590/1807-1929/agriambi.v21n1p9-13,2025-11-26 04:23:09,8.0,True
5916,,"Maringá, Paraná, Brazil",23º25’57’’ S,51º57’08’’ W,542 m,Nitossolo Vermelho distroférrico,,,Capsicum annuum L.,,soluble solids content increased from 5.43 ºBrix to 6.05 ºBrix with magnetic treatment,,,,https://doi.org/10.1590/1807-1929/agriambi.v21n1p9-13,2025-11-26 04:23:09,8.0,True
5917,,"Maringá, Paraná, Brazil",23º25’57’’ S,51º57’08’’ W,542 m,Nitossolo Vermelho distroférrico,,,Capsicum annuum L.,,pH values increased with magnetic treatment,,,,https://doi.org/10.1590/1807-1929/agriambi.v21n1p9-13,2025-11-26 04:23:09,8.0,True
5934,Deficit irrigation (mild),"Yimin Irrigation Experiment Station, Minle County, Gansu Province, China",38°39′N,100°43′E,1970 m,light loam,13.5 m²,2017-2019,Isatis indigotica,8.3 × 10^5 plants·ha-1,,,,7.84% increase,https://doi.org/10.3389/fpls.2022.1013131,2025-11-26 04:28:40,9.0,True
5935,Deficit irrigation (moderate),"Yimin Irrigation Experiment Station, Minle County, Gansu Province, China",38°39′N,100°43′E,1970 m,light loam,13.5 m²,2017-2019,Isatis indigotica,8.3 × 10^5 plants·ha-1,,9.80% - 17.74% reduction,,5.63% - 10.24% reduction,https://doi.org/10.3389/fpls.2022.1013131,2025-11-26 04:28:40,9.0,True
5936,Deficit irrigation (severe),"Yimin Irrigation Experiment Station, Minle County, Gansu Province, China",38°39′N,100°43′E,1970 m,light loam,13.5 m²,2017-2019,Isatis indigotica,8.3 × 10^5 plants·ha-1,,10.21% reduction,24.28 cm,,https://doi.org/10.3389/fpls.2022.1013131,2025-11-26 04:28:40,9.0,True
5937,Adequate irrigation (control),"Yimin Irrigation Experiment Station, Minle County, Gansu Province, China",38°39′N,100°43′E,1970 m,light loam,13.5 m²,2017-2019,Isatis indigotica,8.3 × 10^5 plants·ha-1,,,29.12 cm,,https://doi.org/10.3389/fpls.2022.1013131,2025-11-26 04:28:40,9.0,True
5957,Growth stage-based deficit irrigation (RDI),"Greeley, Colorado, USA",40.4425,-104.6367,1427 m,sandy loam,,2012-04-30,Zea mays L.,80496,,1193 kg/ha,,,https://doi.org/10.1016/0378-4290(92)90044-A,2025-11-26 04:39:52,9.0,True
5958,Growth stage-based deficit irrigation (RDI),"Greeley, Colorado, USA",40.4425,-104.6367,1427 m,sandy loam,,2013-05-15,Zea mays L.,77665,,551 kg/ha,,,https://doi.org/10.1016/0378-4290(92)90044-A,2025-11-26 04:39:52,9.0,True
5959,Growth stage-based deficit irrigation (RDI),"Greeley, Colorado, USA",40.4425,-104.6367,1427 m,sandy loam,,2015-06-01,Zea mays L.,82570,,1148 kg/ha,,,https://doi.org/10.1016/0378-4290(92)90044-A,2025-11-26 04:39:52,9.0,True
5960,,"Greeley, Colorado, USA",40.4425,-104.6367,1427 m,sandy loam,,2012-04-30,Zea mays L.,80496,,2046 kg/ha,,,https://doi.org/10.1016/0378-4290(92)90044-A,2025-11-26 04:39:52,9.0,True
5961,,"Greeley, Colorado, USA",40.4425,-104.6367,1427 m,sandy loam,,2013-05-15,Zea mays L.,77665,,1710 kg/ha,,,https://doi.org/10.1016/0378-4290(92)90044-A,2025-11-26 04:39:52,9.0,True
5962,,"Greeley, Colorado, USA",40.4425,-104.6367,1427 m,sandy loam,,2015-06-01,Zea mays L.,82570,,1260 kg/ha,,,https://doi.org/10.1016/0378-4290(92)90044-A,2025-11-26 04:39:52,9.0,True
5963,,"Greeley, Colorado, USA",40.4425,-104.6367,1427 m,sandy loam,,2012-04-30,Zea mays L.,80496,,42.3 kernels/plant,,,https://doi.org/10.1016/0378-4290(92)90044-A,2025-11-26 04:39:52,9.0,True
5964,,"Greeley, Colorado, USA",40.4425,-104.6367,1427 m,sandy loam,,2013-05-15,Zea mays L.,77665,,31.5 kernels/plant,,,https://doi.org/10.1016/0378-4290(92)90044-A,2025-11-26 04:39:52,9.0,True
5965,,"Greeley, Colorado, USA",40.4425,-104.6367,1427 m,sandy loam,,2015-06-01,Zea mays L.,82570,,15.4 kernels/plant,,,https://doi.org/10.1016/0378-4290(92)90044-A,2025-11-26 04:39:52,9.0,True
5966,,"Greeley, Colorado, USA",40.4425,-104.6367,1427 m,sandy loam,,2012-04-30,Zea mays L.,80496,,9.82 g,,,https://doi.org/10.1016/0378-4290(92)90044-A,2025-11-26 04:39:52,9.0,True
5967,,"Greeley, Colorado, USA",40.4425,-104.6367,1427 m,sandy loam,,2013-05-15,Zea mays L.,77665,,6.74 g,,,https://doi.org/10.1016/0378-4290(92)90044-A,2025-11-26 04:39:52,9.0,True
5968,,"Greeley, Colorado, USA",40.4425,-104.6367,1427 m,sandy loam,,2015-06-01,Zea mays L.,82570,,9.48 g,,,https://doi.org/10.1016/0378-4290(92)90044-A,2025-11-26 04:39:52,9.0,True
5983,100% of crop water requirements (no stress),"Greeley, CO",40°26′50″ N,104°38′10″ W,1425 masl,fine sandy loam,16 ha,2008-2011,maize (Zea mays L.),"80,000 plants ha−1",,13 Mg ha−1,243 cm,2.0 kg m−3,https://doi.org/10.1007/s00271-017-0540-1,2025-11-26 04:43:49,9.0,True
5984,85% of crop water requirements,"Greeley, CO",40°26′50″ N,104°38′10″ W,1425 masl,fine sandy loam,16 ha,2008-2011,maize (Zea mays L.),"80,000 plants ha−1",,12.94 Mg ha−1,232 cm,2.0 kg m−3,https://doi.org/10.1007/s00271-017-0540-1,2025-11-26 04:43:49,9.0,True
5985,75% of crop water requirements,"Greeley, CO",40°26′50″ N,104°38′10″ W,1425 masl,fine sandy loam,16 ha,2008-2011,maize (Zea mays L.),"80,000 plants ha−1",,12.60 Mg ha−1,231 cm,2.0 kg m−3,https://doi.org/10.1007/s00271-017-0540-1,2025-11-26 04:43:49,9.0,True
5986,70% of crop water requirements,"Greeley, CO",40°26′50″ N,104°38′10″ W,1425 masl,fine sandy loam,16 ha,2008-2011,maize (Zea mays L.),"80,000 plants ha−1",,11.35 Mg ha−1,200 cm,2.0 kg m−3,https://doi.org/10.1007/s00271-017-0540-1,2025-11-26 04:43:49,9.0,True
5987,55% of crop water requirements,"Greeley, CO",40°26′50″ N,104°38′10″ W,1425 masl,fine sandy loam,16 ha,2008-2011,maize (Zea mays L.),"80,000 plants ha−1",,9.01 Mg ha−1,159 cm,2.0 kg m−3,https://doi.org/10.1007/s00271-017-0540-1,2025-11-26 04:43:49,9.0,True
5988,40% of crop water requirements,"Greeley, CO",40°26′50″ N,104°38′10″ W,1425 masl,fine sandy loam,16 ha,2008-2011,maize (Zea mays L.),"80,000 plants ha−1",,8.82 Mg ha−1,147 cm,2.0 kg m−3,https://doi.org/10.1007/s00271-017-0540-1,2025-11-26 04:43:49,9.0,True
5995,Partial Root Zone Drying (PRD),"Padua, Italy",45.4064,11.8768,,sand–peat mixture,,2022-05-13,Vitis vinifera,1,,,,,https://doi.org/10.1093/jxb/51.350.1627,2025-11-26 04:52:42,8.0,True
5996,Partial Root Zone Drying (PRD),"Padua, Italy",45.4064,11.8768,,sand–peat mixture,,2022-05-19,Vitis vinifera,1,,,,,https://doi.org/10.1093/jxb/51.350.1627,2025-11-26 04:52:42,8.0,True
5997,Partial Root Zone Drying (PRD),"Padua, Italy",45.4064,11.8768,,sand–peat mixture,,2022-05-25,Vitis vinifera,1,,,,,https://doi.org/10.1093/jxb/51.350.1627,2025-11-26 04:52:42,8.0,True
5998,Partial Root Zone Drying (PRD),"Padua, Italy",45.4064,11.8768,,sand–peat mixture,,2022-06-01,Vitis vinifera,1,,,,,https://doi.org/10.1093/jxb/51.350.1627,2025-11-26 04:52:42,8.0,True
5999,Partial Root Zone Drying (PRD),"Padua, Italy",45.4064,11.8768,,sand–peat mixture,,2022-06-08,Vitis vinifera,1,,,,,https://doi.org/10.1093/jxb/51.350.1627,2025-11-26 04:52:42,8.0,True
6000,Partial Root Zone Drying (PRD),"Padua, Italy",45.4064,11.8768,,sand–peat mixture,,2022-06-15,Vitis vinifera,1,,,,,https://doi.org/10.1093/jxb/51.350.1627,2025-11-26 04:52:42,8.0,True
6001,Partial Root Zone Drying (PRD),"Padua, Italy",45.4064,11.8768,,sand–peat mixture,,2022-06-22,Vitis vinifera,1,,,,,https://doi.org/10.1093/jxb/51.350.1627,2025-11-26 04:52:42,8.0,True
6002,Partial Root Zone Drying (PRD),"Padua, Italy",45.4064,11.8768,,sand–peat mixture,,2022-06-29,Vitis vinifera,1,,,,,https://doi.org/10.1093/jxb/51.350.1627,2025-11-26 04:52:42,8.0,True
6003,Partial Root Zone Drying (PRD),"Padua, Italy",45.4064,11.8768,,sand–peat mixture,,2022-07-05,Vitis vinifera,1,,,,,https://doi.org/10.1093/jxb/51.350.1627,2025-11-26 04:52:42,8.0,True
6004,Partial Root Zone Drying (PRD),"Padua, Italy",45.4064,11.8768,,sand–peat mixture,,2022-07-11,Vitis vinifera,1,,,,,https://doi.org/10.1093/jxb/51.350.1627,2025-11-26 04:52:42,8.0,True
6005,,Ethiopia,,,,,,2015-2018,Teff,,,1.7 tonnes/ha,,92.0 kcal/m3,https://doi.org/10.1016/j.agwat.2007.01.002,2025-11-26 04:59:41,8.0,True
6006,,Ethiopia,,,,,,2015-2018,Barley,,,2.1 tonnes/ha,,90.7 kcal/m3,https://doi.org/10.1016/j.agwat.2007.01.002,2025-11-26 04:59:41,8.0,True
6007,,Ethiopia,,,,,,2015-2018,Wheat,,,2.6 tonnes/ha,,87.2 kcal/m3,https://doi.org/10.1016/j.agwat.2007.01.002,2025-11-26 04:59:41,8.0,True
6008,,Ethiopia,,,,,,2015-2018,Maize,,,3.7 tonnes/ha,,74.0 kcal/m3,https://doi.org/10.1016/j.agwat.2007.01.002,2025-11-26 04:59:41,8.0,True
6009,,Ethiopia,,,,,,2015-2018,Sorghum,,,2.5 tonnes/ha,,88.6 kcal/m3,https://doi.org/10.1016/j.agwat.2007.01.002,2025-11-26 04:59:41,8.0,True
6010,,Ethiopia,,,,,,2015-2018,Finger millet,,,2.2 tonnes/ha,,87.0 kcal/m3,https://doi.org/10.1016/j.agwat.2007.01.002,2025-11-26 04:59:41,8.0,True
6011,,Ethiopia,,,,,,2015-2018,Rice,,,2.8 tonnes/ha,,88.8 kcal/m3,https://doi.org/10.1016/j.agwat.2007.01.002,2025-11-26 04:59:41,8.0,True
6012,,Ethiopia,,,,,,2015-2018,Faba bean,,,2.0 tonnes/ha,,49.6 kcal/m3,https://doi.org/10.1016/j.agwat.2007.01.002,2025-11-26 04:59:41,8.0,True
6013,,Ethiopia,,,,,,2015-2018,Field pea,,,1.6 tonnes/ha,,47.8 kcal/m3,https://doi.org/10.1016/j.agwat.2007.01.002,2025-11-26 04:59:41,8.0,True
6014,,Ethiopia,,,,,,2015-2018,Chickpea,,,2.0 tonnes/ha,,23.1 kcal/m3,https://doi.org/10.1016/j.agwat.2007.01.002,2025-11-26 04:59:41,8.0,True
6015,,Ethiopia,,,,,,2015-2018,Lentil,,,1.4 tonnes/ha,,86.8 kcal/m3,https://doi.org/10.1016/j.agwat.2007.01.002,2025-11-26 04:59:41,8.0,True
6016,,Ethiopia,,,,,,2015-2018,Soybean,,,2.2 tonnes/ha,,62.8 kcal/m3,https://doi.org/10.1016/j.agwat.2007.01.002,2025-11-26 04:59:41,8.0,True
6017,,Ethiopia,,,,,,2015-2018,Green pepper,,,6.2 tonnes/ha,,11.0 kcal/m3,https://doi.org/10.1016/j.agwat.2007.01.002,2025-11-26 04:59:41,8.0,True
6018,,Ethiopia,,,,,,2015-2018,Red pepper,,,1.8 tonnes/ha,,20.2 kcal/m3,https://doi.org/10.1016/j.agwat.2007.01.002,2025-11-26 04:59:41,8.0,True
6019,,Ethiopia,,,,,,2015-2018,Onion,,,9.3 tonnes/ha,,13.2 kcal/m3,https://doi.org/10.1016/j.agwat.2007.01.002,2025-11-26 04:59:41,8.0,True
6020,,Ethiopia,,,,,,2015-2018,Potato,,,13.7 tonnes/ha,,21.5 kcal/m3,https://doi.org/10.1016/j.agwat.2007.01.002,2025-11-26 04:59:41,8.0,True
6021,40% of CWR,"University of KwaZulu-Natal (UKZN), Pietermaritzburg, KwaZulu-Natal, South Africa",29°37'S,30°23'E,750 m a.s.l.,Clay loam,,2022/10/27,Orange-fleshed sweet potato (OFSP),"55,556",,16.39 t ha−1,,,https://doi.org/10.2134/agronj14.0287,2025-11-26 05:05:44,8.0,True
6022,100% of CWR,"University of KwaZulu-Natal (UKZN), Pietermaritzburg, KwaZulu-Natal, South Africa",29°37'S,30°23'E,750 m a.s.l.,Clay loam,,2022/10/27,Orange-fleshed sweet potato (OFSP),"55,556",,15.09 t ha−1,,,https://doi.org/10.2134/agronj14.0287,2025-11-26 05:05:44,8.0,True
6023,30% of CWR,"Agricultural Research Council (ARC), Roodeplaat, Gauteng, South Africa",25°36'S,28°21'E,"1,168 m a.s.l.",Sandy clay loam,,2010/09/08,Taro (Colocasia esculenta L. Schott),"20,000",,6.66 t ha−1,,,https://doi.org/10.2134/agronj14.0287,2025-11-26 05:05:44,8.0,True
6024,60% of CWR,"Agricultural Research Council (ARC), Roodeplaat, Gauteng, South Africa",25°36'S,28°21'E,"1,168 m a.s.l.",Sandy clay loam,,2010/09/08,Taro (Colocasia esculenta L. Schott),"20,000",,9.98 t ha−1,,,https://doi.org/10.2134/agronj14.0287,2025-11-26 05:05:44,8.0,True
6025,100% of CWR,"Agricultural Research Council (ARC), Roodeplaat, Gauteng, South Africa",25°36'S,28°21'E,"1,168 m a.s.l.",Sandy clay loam,,2010/09/08,Taro (Colocasia esculenta L. Schott),"20,000",,9.38 t ha−1,,,https://doi.org/10.2134/agronj14.0287,2025-11-26 05:05:44,8.0,True
6026,,"Fountainhill, KwaZulu-Natal, South Africa",29°27'S,30°32'E,851 m a.s.l.,Loamy sand,,2021/12/14,Orange-fleshed sweet potato (OFSP),"55,556",,11.29 t ha−1,,,https://doi.org/10.2134/agronj14.0287,2025-11-26 05:05:44,8.0,True
6027,,"Swayimane, KwaZulu-Natal, South Africa",29°31'S,30°42'E,878 m a.s.l.,Sandy loam,,2023/10/01,Orange-fleshed sweet potato (OFSP),"55,556",,16.96 t ha−1,,,https://doi.org/10.2134/agronj14.0287,2025-11-26 05:05:44,8.0,True
6028,,"Ukulinga, Pietermaritzburg, KwaZulu-Natal, South Africa",29°39'S,30°24'E,775 m a.s.l.,Sandy clay loam,,2010/09/08,Taro (Colocasia esculenta L. Schott),"20,000",,12.00 t ha−1,,,https://doi.org/10.2134/agronj14.0287,2025-11-26 05:05:44,8.0,True
6045,Recycled Water Irrigation,"Northern Adelaide Plains, South Australia",-34.7111,138.6222,17 m,calcareous,,2018-2050,almonds,,,Yield reduction of 12-20%,,,https://doi.org/10.1016/j.agwat.2020.106167,2025-11-26 05:16:40,8.0,True
6046,Recycled Water Irrigation,"Northern Adelaide Plains, South Australia",-34.7111,138.6222,17 m,hard red brown,,2018-2050,almonds,,,Yield reduction of 12-20%,,,https://doi.org/10.1016/j.agwat.2020.106167,2025-11-26 05:16:40,8.0,True
6047,Recycled Water Irrigation,"Northern Adelaide Plains, South Australia",-34.7111,138.6222,17 m,sand over clay,,2018-2050,almonds,,,Yield reduction of 12-20%,,,https://doi.org/10.1016/j.agwat.2020.106167,2025-11-26 05:16:40,8.0,True
6048,Recycled Water Irrigation,"Northern Adelaide Plains, South Australia",-34.7111,138.6222,17 m,deep uniform to gradational,,2018-2050,almonds,,,Yield reduction of 12-20%,,,https://doi.org/10.1016/j.agwat.2020.106167,2025-11-26 05:16:40,8.0,True
6049,Recycled Water Irrigation,"Northern Adelaide Plains, South Australia",-34.7111,138.6222,17 m,calcareous,,2018-2050,wine grapes,,,Yield reduction of 0-5.7%,,,https://doi.org/10.1016/j.agwat.2020.106167,2025-11-26 05:16:40,8.0,True
6050,Recycled Water Irrigation,"Northern Adelaide Plains, South Australia",-34.7111,138.6222,17 m,hard red brown,,2018-2050,wine grapes,,,Yield reduction of 0-5.7%,,,https://doi.org/10.1016/j.agwat.2020.106167,2025-11-26 05:16:40,8.0,True
6051,Recycled Water Irrigation,"Northern Adelaide Plains, South Australia",-34.7111,138.6222,17 m,sand over clay,,2018-2050,wine grapes,,,Yield reduction of 0-5.7%,,,https://doi.org/10.1016/j.agwat.2020.106167,2025-11-26 05:16:40,8.0,True
6052,Recycled Water Irrigation,"Northern Adelaide Plains, South Australia",-34.7111,138.6222,17 m,deep uniform to gradational,,2018-2050,wine grapes,,,Yield reduction of 0-5.7%,,,https://doi.org/10.1016/j.agwat.2020.106167,2025-11-26 05:16:40,8.0,True
6053,Recycled Water Irrigation,"Northern Adelaide Plains, South Australia",-34.7111,138.6222,17 m,calcareous,,2018-2050,pistachios,,,No significant yield loss,,,https://doi.org/10.1016/j.agwat.2020.106167,2025-11-26 05:16:40,8.0,True
6054,Recycled Water Irrigation,"Northern Adelaide Plains, South Australia",-34.7111,138.6222,17 m,hard red brown,,2018-2050,pistachios,,,No significant yield loss,,,https://doi.org/10.1016/j.agwat.2020.106167,2025-11-26 05:16:40,8.0,True
6055,Recycled Water Irrigation,"Northern Adelaide Plains, South Australia",-34.7111,138.6222,17 m,sand over clay,,2018-2050,pistachios,,,No significant yield loss,,,https://doi.org/10.1016/j.agwat.2020.106167,2025-11-26 05:16:40,8.0,True
6056,Recycled Water Irrigation,"Northern Adelaide Plains, South Australia",-34.7111,138.6222,17 m,deep uniform to gradational,,2018-2050,pistachios,,,No significant yield loss,,,https://doi.org/10.1016/j.agwat.2020.106167,2025-11-26 05:16:40,8.0,True
6057,Recycled Water Irrigation,"Northern Adelaide Plains, South Australia",-34.7111,138.6222,17 m,calcareous,,2018-2050,carrot,,,Yield reduction of 19.6-32.4%,,,https://doi.org/10.1016/j.agwat.2020.106167,2025-11-26 05:16:40,8.0,True
6058,Recycled Water Irrigation,"Northern Adelaide Plains, South Australia",-34.7111,138.6222,17 m,hard red brown,,2018-2050,carrot,,,Yield reduction of 19.6-32.4%,,,https://doi.org/10.1016/j.agwat.2020.106167,2025-11-26 05:16:40,8.0,True
6059,Recycled Water Irrigation,"Northern Adelaide Plains, South Australia",-34.7111,138.6222,17 m,sand over clay,,2018-2050,carrot,,,Yield reduction of 19.6-32.4%,,,https://doi.org/10.1016/j.agwat.2020.106167,2025-11-26 05:16:40,8.0,True
6060,Recycled Water Irrigation,"Northern Adelaide Plains, South Australia",-34.7111,138.6222,17 m,deep uniform to gradational,,2018-2050,carrot,,,Yield reduction of 19.6-32.4%,,,https://doi.org/10.1016/j.agwat.2020.106167,2025-11-26 05:16:40,8.0,True
6061,Recycled Water Irrigation,"Northern Adelaide Plains, South Australia",-34.7111,138.6222,17 m,calcareous,,2018-2050,onion,,,Yield reduction of 23.5-34.9%,,,https://doi.org/10.1016/j.agwat.2020.106167,2025-11-26 05:16:40,8.0,True
6062,Recycled Water Irrigation,"Northern Adelaide Plains, South Australia",-34.7111,138.6222,17 m,hard red brown,,2018-2050,onion,,,Yield reduction of 23.5-34.9%,,,https://doi.org/10.1016/j.agwat.2020.106167,2025-11-26 05:16:40,8.0,True
6063,Recycled Water Irrigation,"Northern Adelaide Plains, South Australia",-34.7111,138.6222,17 m,sand over clay,,2018-2050,onion,,,Yield reduction of 23.5-34.9%,,,https://doi.org/10.1016/j.agwat.2020.106167,2025-11-26 05:16:40,8.0,True
6064,Recycled Water Irrigation,"Northern Adelaide Plains, South Australia",-34.7111,138.6222,17 m,deep uniform to gradational,,2018-2050,onion,,,Yield reduction of 23.5-34.9%,,,https://doi.org/10.1016/j.agwat.2020.106167,2025-11-26 05:16:40,8.0,True
6065,Recycled Water Irrigation,"Northern Adelaide Plains, South Australia",-34.7111,138.6222,17 m,calcareous,,2018-2050,potato,,,Yield reduction of 23.5-34.9%,,,https://doi.org/10.1016/j.agwat.2020.106167,2025-11-26 05:16:40,8.0,True
6066,Recycled Water Irrigation,"Northern Adelaide Plains, South Australia",-34.7111,138.6222,17 m,hard red brown,,2018-2050,potato,,,Yield reduction of 23.5-34.9%,,,https://doi.org/10.1016/j.agwat.2020.106167,2025-11-26 05:16:40,8.0,True
6067,Recycled Water Irrigation,"Northern Adelaide Plains, South Australia",-34.7111,138.6222,17 m,sand over clay,,2018-2050,potato,,,Yield reduction of 23.5-34.9%,,,https://doi.org/10.1016/j.agwat.2020.106167,2025-11-26 05:16:40,8.0,True
6068,Recycled Water Irrigation,"Northern Adelaide Plains, South Australia",-34.7111,138.6222,17 m,deep uniform to gradational,,2018-2050,potato,,,Yield reduction of 23.5-34.9%,,,https://doi.org/10.1016/j.agwat.2020.106167,2025-11-26 05:16:40,8.0,True
6069,,"Northern Adelaide Plains, South Australia",-34.7111,138.6222,17 m,,,2018-2050,pasture,,,No significant yield loss,,,https://doi.org/10.1016/j.agwat.2020.106167,2025-11-26 05:16:40,8.0,True
6098,Shallow burial of drip irrigation tape (SSI),"Siziwang County, Inner Mongolia, China",41°30′ N,111°40′ E,,sandy loam,12 × 9 m²,2019-05-06 to 2019-09-07,Potato (Solanum tuberosum L.),,,,,,https://doi.org/10.1016/j.agwat.2018.05.011,2025-11-26 05:35:09,9.0,True
6099,Surface drip irrigation (SI),"Siziwang County, Inner Mongolia, China",41°30′ N,111°40′ E,,sandy loam,12 × 9 m²,2019-05-06 to 2019-09-07,Potato (Solanum tuberosum L.),,,,,,https://doi.org/10.1016/j.agwat.2018.05.011,2025-11-26 05:35:09,9.0,True
6100,Shallow burial of drip irrigation tape (SSI),"Chayouzhong County, Inner Mongolia, China",41°30′ N,111°64′ E,,sandy loam,12 × 9 m²,2020-05-01 to 2020-09-09,Potato (Solanum tuberosum L.),,,,,,https://doi.org/10.1016/j.agwat.2018.05.011,2025-11-26 05:35:09,9.0,True
6101,Surface drip irrigation (SI),"Chayouzhong County, Inner Mongolia, China",41°30′ N,111°64′ E,,sandy loam,12 × 9 m²,2020-05-01 to 2020-09-09,Potato (Solanum tuberosum L.),,,,,,https://doi.org/10.1016/j.agwat.2018.05.011,2025-11-26 05:35:09,9.0,True
6102,Shallow burial of drip irrigation tape (SSI),"Chayouzhong County, Inner Mongolia, China",41°30′ N,111°64′ E,,loam,12 × 9 m²,2021-05-02 to 2021-09-02,Potato (Solanum tuberosum L.),,,,,,https://doi.org/10.1016/j.agwat.2018.05.011,2025-11-26 05:35:09,9.0,True
6103,Surface drip irrigation (SI),"Chayouzhong County, Inner Mongolia, China",41°30′ N,111°64′ E,,loam,12 × 9 m²,2021-05-02 to 2021-09-02,Potato (Solanum tuberosum L.),,,,,,https://doi.org/10.1016/j.agwat.2018.05.011,2025-11-26 05:35:09,9.0,True
6104,Shallow burial of drip irrigation tape (SSI),"Chayouzhong County, Inner Mongolia, China",41°30′ N,111°64′ E,,loam,12 × 9 m²,2022-05-01 to 2022-09-01,Potato (Solanum tuberosum L.),,,,,,https://doi.org/10.1016/j.agwat.2018.05.011,2025-11-26 05:35:09,9.0,True
6105,Surface drip irrigation (SI),"Chayouzhong County, Inner Mongolia, China",41°30′ N,111°64′ E,,loam,12 × 9 m²,2022-05-01 to 2022-09-01,Potato (Solanum tuberosum L.),,,,,,https://doi.org/10.1016/j.agwat.2018.05.011,2025-11-26 05:35:09,9.0,True
6106,Sustained-deficit irrigation (SDI) 33%,Southeastern Spain,36.0,-3.5,,,,2011,Mangifera indica L. cv. Osteen,660 trees per ha,,18.4 tonnes ha−1,,7.14 kg m−3,https://doi.org/10.1007/s13593-021-00671-6,2025-11-26 05:35:52,9.0,True
6107,Sustained-deficit irrigation (SDI) 50%,Southeastern Spain,36.0,-3.5,,,,2011,Mangifera indica L. cv. Osteen,660 trees per ha,,,,,https://doi.org/10.1007/s13593-021-00671-6,2025-11-26 05:35:52,9.0,True
6108,Sustained-deficit irrigation (SDI) 75%,Southeastern Spain,36.0,-3.5,,,,2011,Mangifera indica L. cv. Osteen,660 trees per ha,,,,,https://doi.org/10.1007/s13593-021-00671-6,2025-11-26 05:35:52,9.0,True
6109,Regulated-deficit irrigation (RDI) 50%,Southeastern Spain,36.0,-3.5,,,,2011,Mangifera indica L. cv. Osteen,660 trees per ha,,,,,https://doi.org/10.1007/s13593-021-00671-6,2025-11-26 05:35:52,9.0,True
6110,Regulated-deficit irrigation (RDI) 75%,Southeastern Spain,36.0,-3.5,,,,2011,Mangifera indica L. cv. Osteen,660 trees per ha,,,,,https://doi.org/10.1007/s13593-021-00671-6,2025-11-26 05:35:52,9.0,True
6111,Regulated-deficit irrigation (RDI) 100%,Southeastern Spain,36.0,-3.5,,,,2011,Mangifera indica L. cv. Osteen,660 trees per ha,,,,,https://doi.org/10.1007/s13593-021-00671-6,2025-11-26 05:35:52,9.0,True
6112,Partial root drying (PRD) 50%,Southeastern Spain,36.0,-3.5,,,,2011,Mangifera indica L. cv. Osteen,660 trees per ha,,,,,https://doi.org/10.1007/s13593-021-00671-6,2025-11-26 05:35:52,9.0,True
6113,Partial root drying (PRD) 75%,Southeastern Spain,36.0,-3.5,,,,2011,Mangifera indica L. cv. Osteen,660 trees per ha,,,,,https://doi.org/10.1007/s13593-021-00671-6,2025-11-26 05:35:52,9.0,True
6114,Partial root drying (PRD) 100%,Southeastern Spain,36.0,-3.5,,,,2011,Mangifera indica L. cv. Osteen,660 trees per ha,,,,,https://doi.org/10.1007/s13593-021-00671-6,2025-11-26 05:35:52,9.0,True
6131,Drip irrigation,"Souss-Massa, Morocco",30.21,-8.98,207 m,loamy sand,,2020-2021,Citrus (Esbal variety of clementine),1000 trees/ha,,,,,https://doi.org/10.1016/j.agwat.2021.106773,2025-11-26 05:40:11,9.0,True
6132,,"Souss-Massa, Morocco",30.21,-8.98,207 m,loamy sand,,2020,Citrus (Esbal variety of clementine),1000 trees/ha,,938 mm,,,https://doi.org/10.1016/j.agwat.2021.106773,2025-11-26 05:40:11,9.0,True
6133,,"Souss-Massa, Morocco",30.21,-8.98,207 m,loamy sand,,2021,Citrus (Esbal variety of clementine),1000 trees/ha,,795 mm,,,https://doi.org/10.1016/j.agwat.2021.106773,2025-11-26 05:40:11,9.0,True
6134,,"Souss-Massa, Morocco",30.21,-8.98,207 m,loamy sand,,2020,Citrus (Esbal variety of clementine),1000 trees/ha,,633 mm,,,https://doi.org/10.1016/j.agwat.2021.106773,2025-11-26 05:40:11,9.0,True
6135,,"Souss-Massa, Morocco",30.21,-8.98,207 m,loamy sand,,2021,Citrus (Esbal variety of clementine),1000 trees/ha,,993 mm,,,https://doi.org/10.1016/j.agwat.2021.106773,2025-11-26 05:40:11,9.0,True
6136,,"Souss-Massa, Morocco",30.21,-8.98,207 m,loamy sand,,2020,Citrus (Esbal variety of clementine),1000 trees/ha,,1501.6 mm,,,https://doi.org/10.1016/j.agwat.2021.106773,2025-11-26 05:40:11,9.0,True
6137,,"Souss-Massa, Morocco",30.21,-8.98,207 m,loamy sand,,2021,Citrus (Esbal variety of clementine),1000 trees/ha,,1613.7 mm,,,https://doi.org/10.1016/j.agwat.2021.106773,2025-11-26 05:40:11,9.0,True
6138,,"Souss-Massa, Morocco",30.21,-8.98,207 m,loamy sand,,2020,Citrus (Esbal variety of clementine),1000 trees/ha,,831 mm,,,https://doi.org/10.1016/j.agwat.2021.106773,2025-11-26 05:40:11,9.0,True
6171,Partial Root-Zone Drying (fixed),,,,,,,,Grape,,"TSS, TSS/TA, Vitamin C, Anthocyanins, phenols, Resveratrol, Antioxidant capacity, Aminoacids, Polyamines",,,,https://doi.org/10.3389/fsufs.2017.00003,2025-11-26 05:53:31,9.0,True
6172,Partial Root-Zone Drying (alternate),,,,,,,,Grape,,"TSS, TSS/TA, Vitamin C, Anthocyanins, phenols, Resveratrol, Antioxidant capacity, Aminoacids, Polyamines",,,,https://doi.org/10.3389/fsufs.2017.00003,2025-11-26 05:53:31,9.0,True
6173,Partial Root-Zone Drying (fixed),,,,,,,,Apple,,"Color, TSS, Firmness",,,,https://doi.org/10.3389/fsufs.2017.00003,2025-11-26 05:53:31,9.0,True
6174,Partial Root-Zone Drying (alternate),,,,,,,,Apple,,"Color, TSS, Firmness",,,,https://doi.org/10.3389/fsufs.2017.00003,2025-11-26 05:53:31,9.0,True
6175,Partial Root-Zone Drying (fixed),,,,,,,,Pear,,TSS,,,,https://doi.org/10.3389/fsufs.2017.00003,2025-11-26 05:53:31,9.0,True
6176,Partial Root-Zone Drying (fixed),,,,,,,,Olive,,"Oils, Polyphenols, antioxidants",,,,https://doi.org/10.3389/fsufs.2017.00003,2025-11-26 05:53:31,9.0,True
6177,Partial Root-Zone Drying (fixed),,,,,,,,Orange,,"TSS, TA, Color, Flavonoids",,,,https://doi.org/10.3389/fsufs.2017.00003,2025-11-26 05:53:31,9.0,True
6178,Partial Root-Zone Drying (fixed),,,,,,,,Tomato,,"Color, TSS, Sugars, organic acids, TA, Ca, Mg, P, K, Vitamin C, Lycopene, β-carotene, Phenols, antioxidant activity",,,,https://doi.org/10.3389/fsufs.2017.00003,2025-11-26 05:53:31,9.0,True
6179,Partial Root-Zone Drying (fixed),,,,,,,,Potato,,"N, Starch, Antioxidant activity",,,,https://doi.org/10.3389/fsufs.2017.00003,2025-11-26 05:53:31,9.0,True
6180,Partial Root-Zone Drying (fixed),,,,,,,,Cotton,,Fibers,,,,https://doi.org/10.3389/fsufs.2017.00003,2025-11-26 05:53:31,9.0,True
6181,Partial Root-Zone Drying (fixed),,,,,,,,Mango,,,"Yield, water use efficiency, physiological characteristics",,,https://doi.org/10.3389/fsufs.2017.00003,2025-11-26 05:53:31,9.0,True
6182,Partial Root-Zone Drying (fixed),,,,,,,,Papaya,,,,,,https://doi.org/10.3389/fsufs.2017.00003,2025-11-26 05:53:31,9.0,True
6183,Partial Root-Zone Drying (fixed),,,,,,,,Strawberry,,"Vitamin C, ellagic acid",,,,https://doi.org/10.3389/fsufs.2017.00003,2025-11-26 05:53:31,9.0,True
6184,Partial Root-Zone Drying (fixed),,,,,,,,Raspberry,,,,,,https://doi.org/10.3389/fsufs.2017.00003,2025-11-26 05:53:31,9.0,True
6185,Partial Root-Zone Drying (fixed),,,,,,,,Bean,,,,,,https://doi.org/10.3389/fsufs.2017.00003,2025-11-26 05:53:31,9.0,True
6186,Partial Root-Zone Drying (fixed),,,,,,,,Eggplant,,,,,,https://doi.org/10.3389/fsufs.2017.00003,2025-11-26 05:53:31,9.0,True
6221,Full irrigation,"High Agronomic Institute of Chott Mariem, Sousse, Tunisia",35.9191° N,10.5632° E,19 m,sandy loam,572 m2,"February 25, 2017 to June 4, 2017",Potato (Solanum tuberosum L.),,,28.94 t/ha,,11.20 kg/m3,https://doi.org/10.13128/ijam-650,2025-11-26 06:04:14,8.0,True
6222,Deficit irrigation,"High Agronomic Institute of Chott Mariem, Sousse, Tunisia",35.9191° N,10.5632° E,19 m,sandy loam,572 m2,"February 25, 2017 to June 4, 2017",Potato (Solanum tuberosum L.),,,18.44 t/ha,,13.96 kg/m3,https://doi.org/10.13128/ijam-650,2025-11-26 06:04:14,8.0,True
6231,Full Irrigation (FI),Kingdom of Saudi Arabia,24°44' N,46°36' E,665 m,sandy loam,102.7 m²,23 September 2015 to 19 December 2015,Tomato (Solanum lycopersicum L.),26,,56.70 Mg ha-1,,17.05 kg m-3,https://doi.org/10.4067/S0718-58392019000100075,2025-11-26 06:07:44,9.0,True
6232,Regulated Deficit Irrigation (RDI),Kingdom of Saudi Arabia,24°44' N,46°36' E,665 m,sandy loam,102.7 m²,23 September 2015 to 19 December 2015,Tomato (Solanum lycopersicum L.),26,,48.72 Mg ha-1,,18.34 kg m-3,https://doi.org/10.4067/S0718-58392019000100075,2025-11-26 06:07:44,9.0,True
6233,Partial Root Zone Drying Irrigation (PRD),Kingdom of Saudi Arabia,24°44' N,46°36' E,665 m,sandy loam,102.7 m²,23 September 2015 to 19 December 2015,Tomato (Solanum lycopersicum L.),26,,51.23 Mg ha-1,,18.89 kg m-3,https://doi.org/10.4067/S0718-58392019000100075,2025-11-26 06:07:44,9.0,True
6234,Full Irrigation (FI),Kingdom of Saudi Arabia,24°44' N,46°36' E,665 m,sandy loam,102.7 m²,23 September 2016 to 25 January 2017,Tomato (Solanum lycopersicum L.),26,,61.17 Mg ha-1,,13.77 kg m-3,https://doi.org/10.4067/S0718-58392019000100075,2025-11-26 06:07:44,9.0,True
6235,Regulated Deficit Irrigation (RDI),Kingdom of Saudi Arabia,24°44' N,46°36' E,665 m,sandy loam,102.7 m²,23 September 2016 to 25 January 2017,Tomato (Solanum lycopersicum L.),26,,53.37 Mg ha-1,,14.83 kg m-3,https://doi.org/10.4067/S0718-58392019000100075,2025-11-26 06:07:44,9.0,True
6236,Partial Root Zone Drying Irrigation (PRD),Kingdom of Saudi Arabia,24°44' N,46°36' E,665 m,sandy loam,102.7 m²,23 September 2016 to 25 January 2017,Tomato (Solanum lycopersicum L.),26,,55.55 Mg ha-1,,15.31 kg m-3,https://doi.org/10.4067/S0718-58392019000100075,2025-11-26 06:07:44,9.0,True
6424,Irrigation level IR50,"Cukurova University experimental farm, Adana, Turkey",36° 59'N,35° 27'E,20 m,heavy clay,,2017-09-22 to 2018-06-11,Fragaria × ananassa cv. Rubygem,266,,,,,https://doi.org/10.1126/science.225.4664.801,2025-11-26 06:42:12,8.0,True
6425,Irrigation level IR75,"Cukurova University experimental farm, Adana, Turkey",36° 59'N,35° 27'E,20 m,heavy clay,,2017-09-22 to 2018-06-11,Fragaria × ananassa cv. Rubygem,266,,,,,https://doi.org/10.1126/science.225.4664.801,2025-11-26 06:42:12,8.0,True
6426,Irrigation level IR100,"Cukurova University experimental farm, Adana, Turkey",36° 59'N,35° 27'E,20 m,heavy clay,,2017-09-22 to 2018-06-11,Fragaria × ananassa cv. Rubygem,266,,,,,https://doi.org/10.1126/science.225.4664.801,2025-11-26 06:42:12,8.0,True
6427,Irrigation level IR125,"Cukurova University experimental farm, Adana, Turkey",36° 59'N,35° 27'E,20 m,heavy clay,,2017-09-22 to 2018-06-11,Fragaria × ananassa cv. Rubygem,266,,,,,https://doi.org/10.1126/science.225.4664.801,2025-11-26 06:42:12,8.0,True
6428,,"Cukurova University experimental farm, Adana, Turkey",36° 59'N,35° 27'E,20 m,heavy clay,,2017-09-22 to 2018-06-11,Fragaria × ananassa cv. Rubygem,266,,,,,https://doi.org/10.1126/science.225.4664.801,2025-11-26 06:42:12,8.0,True
6474,Regulated Deficit Irrigation,Serbia,,,,sandy loams,,2007,potato,,increased antioxidant activity,41.78,,334.27,https://doi.org/10.5772/29275,2025-11-26 06:46:02,8.0,True
6475,Regulated Deficit Irrigation,Serbia,,,,sandy loams,,2008,potato,,increased antioxidant activity,50.46,,380.14,https://doi.org/10.5772/29275,2025-11-26 06:46:02,8.0,True
6476,Partial Root-Zone Drying,Serbia,,,,sandy loams,,2007,potato,,increased antioxidant activity,43.41,,56.02,https://doi.org/10.5772/29275,2025-11-26 06:46:02,8.0,True
6477,Partial Root-Zone Drying,Serbia,,,,sandy loams,,2008,potato,,increased antioxidant activity,50.46,,380.14,https://doi.org/10.5772/29275,2025-11-26 06:46:02,8.0,True
6478,Partial Root-Zone Drying,Serbia,,,,sandy loams,,2008,tomato,,increased antioxidant activity,,,,https://doi.org/10.5772/29275,2025-11-26 06:46:02,8.0,True
6479,,Serbia,,,,sandy loams,,,tomato,,,53.19,,236.40,https://doi.org/10.5772/29275,2025-11-26 06:46:02,8.0,True
6480,,Serbia,,,,sandy loams,,,tomato,,,45.31,,241.00,https://doi.org/10.5772/29275,2025-11-26 06:46:02,8.0,True
6481,Center Pivot Irrigation,"Dumas, Texas",35.27652,-101.658,1114 m,Silty Clay Loam,,1999-05-13,Maize (Zea mays L.),84000,,12.3 Mg ha/C01,,,https://doi.org/10.1016/j.agsy.2003.11.006,2025-11-26 06:47:03,8.0,True
6482,Center Pivot Irrigation,"Dumas, Texas",35.27652,-101.658,1114 m,Silty Clay Loam,,2000-04-15,Maize (Zea mays L.),84000,,,,,https://doi.org/10.1016/j.agsy.2003.11.006,2025-11-26 06:47:03,8.0,True
6483,Center Pivot Irrigation,"Dumas, Texas",35.27652,-101.658,1114 m,Silty Clay Loam,,2000-09-04,Maize (Zea mays L.),84000,,,,,https://doi.org/10.1016/j.agsy.2003.11.006,2025-11-26 06:47:03,8.0,True
6484,,"Hansford County, Texas",36.067,-101.487,969 m,Pullman Clay Loam,,1995-1999,Maize (Zea mays L.),,,,,,https://doi.org/10.1016/j.agsy.2003.11.006,2025-11-26 06:47:03,8.0,True
6485,,"Moore County, Texas",35.27652,-101.658,1114 m,Silty Clay Loam,,1995-1999,Maize (Zea mays L.),,,,,,https://doi.org/10.1016/j.agsy.2003.11.006,2025-11-26 06:47:03,8.0,True
6486,,"Castro County, Texas",34.610,-102.320,1173 m,Pullman Clay Loam,,1995-1999,Maize (Zea mays L.),,,,,,https://doi.org/10.1016/j.agsy.2003.11.006,2025-11-26 06:47:03,8.0,True
6487,,"Dallam County, Texas",36.083,-102.487,1220 m,Dallam Fine Sandy Loam,,1995-1999,Maize (Zea mays L.),,,,,,https://doi.org/10.1016/j.agsy.2003.11.006,2025-11-26 06:47:03,8.0,True
6488,45-kPa weighted average soil water tension,"UGA Stripling Irrigation Research Park, Camilla, GA",,,,loamy sand,,2020-05-07,Gossypium hirsutum,,,1535 kg/ha,,4.29 kg/mm,https://doi.org/10.1016/j.agwat.2003.12.002,2025-11-26 06:48:23,9.0,True
6489,20-kPa weighted average soil water tension,"UGA Stripling Irrigation Research Park, Camilla, GA",,,,loamy sand,,2020-05-07,Gossypium hirsutum,,,1362 kg/ha,,2.17 kg/mm,https://doi.org/10.1016/j.agwat.2003.12.002,2025-11-26 06:48:23,9.0,True
6490,UGA SmartIrrigation Cotton app,"UGA Stripling Irrigation Research Park, Camilla, GA",,,,loamy sand,,2020-05-07,Gossypium hirsutum,,,1495 kg/ha,,3.52 kg/mm,https://doi.org/10.1016/j.agwat.2003.12.002,2025-11-26 06:48:23,9.0,True
6491,UGA Checkbook method,"UGA Stripling Irrigation Research Park, Camilla, GA",,,,loamy sand,,2020-05-07,Gossypium hirsutum,,,1340 kg/ha,,1.45 kg/mm,https://doi.org/10.1016/j.agwat.2003.12.002,2025-11-26 06:48:23,9.0,True
6492,Rainfed control,"UGA Stripling Irrigation Research Park, Camilla, GA",,,,loamy sand,,2020-05-07,Gossypium hirsutum,,,936 kg/ha,,,https://doi.org/10.1016/j.agwat.2003.12.002,2025-11-26 06:48:23,9.0,True
6493,45-kPa weighted average soil water tension,"UGA Stripling Irrigation Research Park, Camilla, GA",,,,loamy sand,,2021-05-07,Gossypium hirsutum,,,1335 kg/ha,,1.34 kg/mm,https://doi.org/10.1016/j.agwat.2003.12.002,2025-11-26 06:48:23,9.0,True
6494,20-kPa weighted average soil water tension,"UGA Stripling Irrigation Research Park, Camilla, GA",,,,loamy sand,,2021-05-07,Gossypium hirsutum,,,1342 kg/ha,,0.89 kg/mm,https://doi.org/10.1016/j.agwat.2003.12.002,2025-11-26 06:48:23,9.0,True
6495,UGA SmartIrrigation Cotton app,"UGA Stripling Irrigation Research Park, Camilla, GA",,,,loamy sand,,2021-05-07,Gossypium hirsutum,,,1305 kg/ha,,0.85 kg/mm,https://doi.org/10.1016/j.agwat.2003.12.002,2025-11-26 06:48:23,9.0,True
6496,UGA Checkbook method,"UGA Stripling Irrigation Research Park, Camilla, GA",,,,loamy sand,,2021-05-07,Gossypium hirsutum,,,1319 kg/ha,,0.35 kg/mm,https://doi.org/10.1016/j.agwat.2003.12.002,2025-11-26 06:48:23,9.0,True
6497,Rainfed control,"UGA Stripling Irrigation Research Park, Camilla, GA",,,,loamy sand,,2021-05-07,Gossypium hirsutum,,,1215 kg/ha,,,https://doi.org/10.1016/j.agwat.2003.12.002,2025-11-26 06:48:23,9.0,True
6498,45-kPa weighted average soil water tension,"UGA Stripling Irrigation Research Park, Camilla, GA",,,,loamy sand,,2022-04-25,Gossypium hirsutum,,,1408 kg/ha,,-1.24 kg/mm,https://doi.org/10.1016/j.agwat.2003.12.002,2025-11-26 06:48:23,9.0,True
6499,20-kPa weighted average soil water tension,"UGA Stripling Irrigation Research Park, Camilla, GA",,,,loamy sand,,2022-04-25,Gossypium hirsutum,,,1232 kg/ha,,-1.28 kg/mm,https://doi.org/10.1016/j.agwat.2003.12.002,2025-11-26 06:48:23,9.0,True
6500,UGA SmartIrrigation Cotton app,"UGA Stripling Irrigation Research Park, Camilla, GA",,,,loamy sand,,2022-04-25,Gossypium hirsutum,,,1346 kg/ha,,-1.85 kg/mm,https://doi.org/10.1016/j.agwat.2003.12.002,2025-11-26 06:48:23,9.0,True
6501,UGA Checkbook method,"UGA Stripling Irrigation Research Park, Camilla, GA",,,,loamy sand,,2022-04-25,Gossypium hirsutum,,,1366 kg/ha,,-0.88 kg/mm,https://doi.org/10.1016/j.agwat.2003.12.002,2025-11-26 06:48:23,9.0,True
6502,Rainfed control,"UGA Stripling Irrigation Research Park, Camilla, GA",,,,loamy sand,,2022-04-25,Gossypium hirsutum,,,1604 kg/ha,,,https://doi.org/10.1016/j.agwat.2003.12.002,2025-11-26 06:48:23,9.0,True
6539,,,,,,,,1986-2015,maize,,,,,4.8% change in CWP,https://doi.org/10.1098/rstb.1977.0140,2025-11-26 06:55:31,8.0,True
6540,,,,,,,,1986-2015,wheat,,,,,6.4% change in CWP,https://doi.org/10.1098/rstb.1977.0140,2025-11-26 06:55:31,8.0,True
6541,,,,,,,,1986-2015,rice,,,,,5.8% change in CWP,https://doi.org/10.1098/rstb.1977.0140,2025-11-26 06:55:31,8.0,True
6542,,,,,,,,1986-2015,soybean,,,,,7.1% change in CWP,https://doi.org/10.1098/rstb.1977.0140,2025-11-26 06:55:31,8.0,True
6543,,,,,,,,1986-2015,maize,,,2% mean bias,,,https://doi.org/10.1098/rstb.1977.0140,2025-11-26 06:55:31,8.0,True
6544,,,,,,,,1986-2015,wheat,,,2% mean bias,,,https://doi.org/10.1098/rstb.1977.0140,2025-11-26 06:55:31,8.0,True
6545,,,,,,,,1986-2015,rice,,,2% mean bias,,,https://doi.org/10.1098/rstb.1977.0140,2025-11-26 06:55:31,8.0,True
6546,,,,,,,,1986-2015,soybean,,,1% mean bias,,,https://doi.org/10.1098/rstb.1977.0140,2025-11-26 06:55:31,8.0,True
6547,Irrigation at tillering stage,"Agro-nomic Research Area, University of Agriculture, Faisalabad, Pakistan",31.25 ˚N,73.06 ˚E,184.4 m a.s.l.,sandy clay loam,,2009-2010,Triticum aestivum L.,,,3.01 t·ha−1,88.07 cm,0.82 g·MJ−1,https://doi.org/10.4236/ajps.2013.47175,2025-11-26 06:56:17,8.0,True
6548,Irrigation at tillering and stem elongation stage,"Agro-nomic Research Area, University of Agriculture, Faisalabad, Pakistan",31.25 ˚N,73.06 ˚E,184.4 m a.s.l.,sandy clay loam,,2009-2010,Triticum aestivum L.,,,3.53 t·ha−1,95.88 cm,0.90 g·MJ−1,https://doi.org/10.4236/ajps.2013.47175,2025-11-26 06:56:17,8.0,True
6549,Irrigation at stem elongation and booting stage,"Agro-nomic Research Area, University of Agriculture, Faisalabad, Pakistan",31.25 ˚N,73.06 ˚E,184.4 m a.s.l.,sandy clay loam,,2009-2010,Triticum aestivum L.,,,3.61 t·ha−1,89.91 cm,0.98 g·MJ−1,https://doi.org/10.4236/ajps.2013.47175,2025-11-26 06:56:17,8.0,True
6550,"Irrigation at tillering, stem elongation, booting and grain filling stage","Agro-nomic Research Area, University of Agriculture, Faisalabad, Pakistan",31.25 ˚N,73.06 ˚E,184.4 m a.s.l.,sandy clay loam,,2009-2010,Triticum aestivum L.,,,4.23 t·ha−1,90.79 cm,1.07 g·MJ−1,https://doi.org/10.4236/ajps.2013.47175,2025-11-26 06:56:17,8.0,True
6551,,"Agro-nomic Research Area, University of Agriculture, Faisalabad, Pakistan",31.25 ˚N,73.06 ˚E,184.4 m a.s.l.,sandy clay loam,,2009-2010,Triticum aestivum L.,,,4.37 t·ha−1,93.03 cm,0.92 g·MJ−1,https://doi.org/10.4236/ajps.2013.47175,2025-11-26 06:56:17,8.0,True
6552,,"Agro-nomic Research Area, University of Agriculture, Faisalabad, Pakistan",31.25 ˚N,73.06 ˚E,184.4 m a.s.l.,sandy clay loam,,2009-2010,Triticum aestivum L.,,,3.33 t·ha−1,91.10 cm,0.90 g·MJ−1,https://doi.org/10.4236/ajps.2013.47175,2025-11-26 06:56:17,8.0,True
6553,,"Agro-nomic Research Area, University of Agriculture, Faisalabad, Pakistan",31.25 ˚N,73.06 ˚E,184.4 m a.s.l.,sandy clay loam,,2009-2010,Triticum aestivum L.,,,2.90 t·ha−1,90.95 cm,0.80 g·MJ−1,https://doi.org/10.4236/ajps.2013.47175,2025-11-26 06:56:17,8.0,True
6668,,"Echraf public irrigation scheme, Haouaria agricultural plain, Cap Bon peninsula, Tunisia",36.9933,11.4718,,sandy soils,,"March 5 to June 15, 2022",potato,,,,,,https://doi.org/10.1016/j.atech.2022.100053,2025-11-26 07:24:43,8.0,True
6669,,"Echraf public irrigation scheme, Haouaria agricultural plain, Cap Bon peninsula, Tunisia",36.9933,11.4718,,sandy soils,,"March 5 to June 15, 2022",potato,,,,,,https://doi.org/10.1016/j.atech.2022.100053,2025-11-26 07:24:43,8.0,True
6670,,"Echraf public irrigation scheme, Haouaria agricultural plain, Cap Bon peninsula, Tunisia",36.9933,11.4718,,sandy soils,,"March 5 to June 15, 2022",potato,,,,,,https://doi.org/10.1016/j.atech.2022.100053,2025-11-26 07:24:43,8.0,True
6680,,"Zhuozhou, Hebei Province, China",39°37′N,115°51′E,,sandy loam,1.54 ha,"September 22, 2014",alfalfa,,,,,,https://doi.org/10.1016/j.eja.2010.12.001,2025-11-26 07:31:39,9.0,True
6681,,"Zhuozhou, Hebei Province, China",39°37′N,115°51′E,,sandy loam,1.54 ha,,alfalfa,,,452 mm (IDSS),,,https://doi.org/10.1016/j.eja.2010.12.001,2025-11-26 07:31:39,9.0,True
6682,,"Zhuozhou, Hebei Province, China",39°37′N,115°51′E,,sandy loam,1.54 ha,,alfalfa,,,423 mm (SW-based),,,https://doi.org/10.1016/j.eja.2010.12.001,2025-11-26 07:31:39,9.0,True
6683,,"Zhuozhou, Hebei Province, China",39°37′N,115°51′E,,sandy loam,1.54 ha,,alfalfa,,,,,NRMSE of 6.29% (soil water model),https://doi.org/10.1016/j.eja.2010.12.001,2025-11-26 07:31:39,9.0,True
6684,Hydrogel with 60% of crop evapotranspiration,"Macaquinhos site, Remígio City, Paraíba State, Brazil",,,,sandy textured soil,,September 2016 to June 2017,Passiflora edulis,1,,,,,https://doi.org/10.9755/ejfa.v24i1.10599,2025-11-26 07:35:28,8.0,True
6685,Hydrogel with 70% of crop evapotranspiration,"Macaquinhos site, Remígio City, Paraíba State, Brazil",,,,sandy textured soil,,September 2016 to June 2017,Passiflora edulis,1,,,,,https://doi.org/10.9755/ejfa.v24i1.10599,2025-11-26 07:35:28,8.0,True
6686,Hydrogel with 80% of crop evapotranspiration,"Macaquinhos site, Remígio City, Paraíba State, Brazil",,,,sandy textured soil,,September 2016 to June 2017,Passiflora edulis,1,,,,,https://doi.org/10.9755/ejfa.v24i1.10599,2025-11-26 07:35:28,8.0,True
6687,Hydrogel with 90% of crop evapotranspiration,"Macaquinhos site, Remígio City, Paraíba State, Brazil",,,,sandy textured soil,,September 2016 to June 2017,Passiflora edulis,1,,,,,https://doi.org/10.9755/ejfa.v24i1.10599,2025-11-26 07:35:28,8.0,True
6688,Hydrogel with 100% of crop evapotranspiration,"Macaquinhos site, Remígio City, Paraíba State, Brazil",,,,sandy textured soil,,September 2016 to June 2017,Passiflora edulis,1,,,,,https://doi.org/10.9755/ejfa.v24i1.10599,2025-11-26 07:35:28,8.0,True
6689,Soil without hydrogel with 60% of crop evapotranspiration,"Macaquinhos site, Remígio City, Paraíba State, Brazil",,,,sandy textured soil,,September 2016 to June 2017,Passiflora edulis,1,,,,,https://doi.org/10.9755/ejfa.v24i1.10599,2025-11-26 07:35:28,8.0,True
6690,Soil without hydrogel with 70% of crop evapotranspiration,"Macaquinhos site, Remígio City, Paraíba State, Brazil",,,,sandy textured soil,,September 2016 to June 2017,Passiflora edulis,1,,,,,https://doi.org/10.9755/ejfa.v24i1.10599,2025-11-26 07:35:28,8.0,True
6691,Soil without hydrogel with 80% of crop evapotranspiration,"Macaquinhos site, Remígio City, Paraíba State, Brazil",,,,sandy textured soil,,September 2016 to June 2017,Passiflora edulis,1,,,,,https://doi.org/10.9755/ejfa.v24i1.10599,2025-11-26 07:35:28,8.0,True
6692,Soil without hydrogel with 90% of crop evapotranspiration,"Macaquinhos site, Remígio City, Paraíba State, Brazil",,,,sandy textured soil,,September 2016 to June 2017,Passiflora edulis,1,,,,,https://doi.org/10.9755/ejfa.v24i1.10599,2025-11-26 07:35:28,8.0,True
6693,Soil without hydrogel with 100% of crop evapotranspiration,"Macaquinhos site, Remígio City, Paraíba State, Brazil",,,,sandy textured soil,,September 2016 to June 2017,Passiflora edulis,1,,,,,https://doi.org/10.9755/ejfa.v24i1.10599,2025-11-26 07:35:28,8.0,True
6724,,"Shijiawangzi village, Yanzhou, Shandong Province, China",35.7,116.68,,Haplic luvisol,,"October 23, 2017",Yannong 1212 (YN),270 plant m²,,9840 kg ha⁻¹,,,https://doi.org/10.1016/j.agwat.2016.12.015,2025-11-26 07:47:55,8.0,True
6725,,"Shijiawangzi village, Yanzhou, Shandong Province, China",35.7,116.68,,Haplic luvisol,,"October 10, 2018",Yannong 1212 (YN),180 plant m²,,11462 kg ha⁻¹,,,https://doi.org/10.1016/j.agwat.2016.12.015,2025-11-26 07:47:55,8.0,True
6726,,"Shijiawangzi village, Yanzhou, Shandong Province, China",35.7,116.68,,Haplic luvisol,,"October 23, 2017",Jimai 22 (JM),270 plant m²,,,,,https://doi.org/10.1016/j.agwat.2016.12.015,2025-11-26 07:47:55,8.0,True
6727,,"Shijiawangzi village, Yanzhou, Shandong Province, China",35.7,116.68,,Haplic luvisol,,"October 10, 2018",Jimai 22 (JM),180 plant m²,,,,,https://doi.org/10.1016/j.agwat.2016.12.015,2025-11-26 07:47:55,8.0,True
6728,,"Shijiawangzi village, Yanzhou, Shandong Province, China",35.7,116.68,,Haplic luvisol,,"October 23, 2017",Liangxing 99 (LX),270 plant m²,,,,,https://doi.org/10.1016/j.agwat.2016.12.015,2025-11-26 07:47:55,8.0,True
6729,,"Shijiawangzi village, Yanzhou, Shandong Province, China",35.7,116.68,,Haplic luvisol,,"October 10, 2018",Liangxing 99 (LX),180 plant m²,,,,,https://doi.org/10.1016/j.agwat.2016.12.015,2025-11-26 07:47:55,8.0,True
6787,Full Irrigation (FI),"Sari Agricultural Sciences and Natural Resources University, Sari, Iran",,,,clay loam,,2013-05-07,Peppermint (Mentha piperita L.),,,"9,428 kg/ha (1st cutting season)",,,http://doi.org/10.1016/j.agwat.2007.11.007,2025-11-26 07:50:44,8.0,True
6788,Regulated Deficit Irrigation (RDI) 85,"Sari Agricultural Sciences and Natural Resources University, Sari, Iran",,,,clay loam,,2013-05-07,Peppermint (Mentha piperita L.),,,"8,315 kg/ha (1st cutting season)",,,http://doi.org/10.1016/j.agwat.2007.11.007,2025-11-26 07:50:44,8.0,True
6789,Regulated Deficit Irrigation (RDI) 70,"Sari Agricultural Sciences and Natural Resources University, Sari, Iran",,,,clay loam,,2013-05-07,Peppermint (Mentha piperita L.),,,"7,122 kg/ha (1st cutting season)",,,http://doi.org/10.1016/j.agwat.2007.11.007,2025-11-26 07:50:44,8.0,True
6790,Regulated Deficit Irrigation (RDI) 55,"Sari Agricultural Sciences and Natural Resources University, Sari, Iran",,,,clay loam,,2013-05-07,Peppermint (Mentha piperita L.),,,"5,729 kg/ha (1st cutting season)",,,http://doi.org/10.1016/j.agwat.2007.11.007,2025-11-26 07:50:44,8.0,True
6791,Regulated Deficit Irrigation (RDI) 40,"Sari Agricultural Sciences and Natural Resources University, Sari, Iran",,,,clay loam,,2013-05-07,Peppermint (Mentha piperita L.),,,"5,290 kg/ha (1st cutting season)",,,http://doi.org/10.1016/j.agwat.2007.11.007,2025-11-26 07:50:44,8.0,True
6792,Partial Root-Zone Drying (PRD) 70,"Sari Agricultural Sciences and Natural Resources University, Sari, Iran",,,,clay loam,,2013-05-07,Peppermint (Mentha piperita L.),,,"7,824 kg/ha (1st cutting season)",,,http://doi.org/10.1016/j.agwat.2007.11.007,2025-11-26 07:50:44,8.0,True
6793,Partial Root-Zone Drying (PRD) 55,"Sari Agricultural Sciences and Natural Resources University, Sari, Iran",,,,clay loam,,2013-05-07,Peppermint (Mentha piperita L.),,,"6,554 kg/ha (1st cutting season)",,,http://doi.org/10.1016/j.agwat.2007.11.007,2025-11-26 07:50:44,8.0,True
6794,Partial Root-Zone Drying (PRD) 40,"Sari Agricultural Sciences and Natural Resources University, Sari, Iran",,,,clay loam,,2013-05-07,Peppermint (Mentha piperita L.),,,"5,961 kg/ha (1st cutting season)",,,http://doi.org/10.1016/j.agwat.2007.11.007,2025-11-26 07:50:44,8.0,True
6795,Full Irrigation (FI),"Sari Agricultural Sciences and Natural Resources University, Sari, Iran",,,,clay loam,,2013-10-07,Peppermint (Mentha piperita L.),,,"7,637 kg/ha (2nd cutting season)",,,http://doi.org/10.1016/j.agwat.2007.11.007,2025-11-26 07:50:44,8.0,True
6796,Regulated Deficit Irrigation (RDI) 85,"Sari Agricultural Sciences and Natural Resources University, Sari, Iran",,,,clay loam,,2013-10-07,Peppermint (Mentha piperita L.),,,"7,044 kg/ha (2nd cutting season)",,,http://doi.org/10.1016/j.agwat.2007.11.007,2025-11-26 07:50:44,8.0,True
6797,Regulated Deficit Irrigation (RDI) 70,"Sari Agricultural Sciences and Natural Resources University, Sari, Iran",,,,clay loam,,2013-10-07,Peppermint (Mentha piperita L.),,,"7,556 kg/ha (2nd cutting season)",,,http://doi.org/10.1016/j.agwat.2007.11.007,2025-11-26 07:50:44,8.0,True
6798,Regulated Deficit Irrigation (RDI) 55,"Sari Agricultural Sciences and Natural Resources University, Sari, Iran",,,,clay loam,,2013-10-07,Peppermint (Mentha piperita L.),,,"6,244 kg/ha (2nd cutting season)",,,http://doi.org/10.1016/j.agwat.2007.11.007,2025-11-26 07:50:44,8.0,True
6799,Regulated Deficit Irrigation (RDI) 40,"Sari Agricultural Sciences and Natural Resources University, Sari, Iran",,,,clay loam,,2013-10-07,Peppermint (Mentha piperita L.),,,"5,570 kg/ha (2nd cutting season)",,,http://doi.org/10.1016/j.agwat.2007.11.007,2025-11-26 07:50:44,8.0,True
6800,Partial Root-Zone Drying (PRD) 70,"Sari Agricultural Sciences and Natural Resources University, Sari, Iran",,,,clay loam,,2013-10-07,Peppermint (Mentha piperita L.),,,"6,006 kg/ha (2nd cutting season)",,,http://doi.org/10.1016/j.agwat.2007.11.007,2025-11-26 07:50:44,8.0,True
6801,Partial Root-Zone Drying (PRD) 55,"Sari Agricultural Sciences and Natural Resources University, Sari, Iran",,,,clay loam,,2013-10-07,Peppermint (Mentha piperita L.),,,"5,462 kg/ha (2nd cutting season)",,,http://doi.org/10.1016/j.agwat.2007.11.007,2025-11-26 07:50:44,8.0,True
6802,Partial Root-Zone Drying (PRD) 40,"Sari Agricultural Sciences and Natural Resources University, Sari, Iran",,,,clay loam,,2013-10-07,Peppermint (Mentha piperita L.),,,"6,275 kg/ha (2nd cutting season)",,,http://doi.org/10.1016/j.agwat.2007.11.007,2025-11-26 07:50:44,8.0,True
6810,Deficit irrigation (25%),"Mersa Agricultural Technical Vocational Education and Training College, Habru district, North Wollo, Ethiopia",11°35'N,39°38'E,1557 m,clay,215 m2,2015/2016,onion (Allium cepa var. Adama red),600,,"27,083.3 kg∙ha–1",,9.4 kg∙m–3,http://doi.org/10.1016/j.agwat.2009.04.009,2025-11-26 07:58:36,8.0,True
6811,Deficit irrigation (45%),"Mersa Agricultural Technical Vocational Education and Training College, Habru district, North Wollo, Ethiopia",11°35'N,39°38'E,1557 m,clay,215 m2,2015/2016,onion (Allium cepa var. Adama red),600,,"21,471 kg∙ha–1",,11 kg∙m–3,http://doi.org/10.1016/j.agwat.2009.04.009,2025-11-26 07:58:36,8.0,True
6812,Deficit irrigation (65%),"Mersa Agricultural Technical Vocational Education and Training College, Habru district, North Wollo, Ethiopia",11°35'N,39°38'E,1557 m,clay,215 m2,2015/2016,onion (Allium cepa var. Adama red),600,,,,10.6 kg∙m–3,http://doi.org/10.1016/j.agwat.2009.04.009,2025-11-26 07:58:36,8.0,True
6813,,,,,,,,,,,,0.0243 kg m–3,,,http://doi.org/10.1007/s00271-007-0063-2,2025-11-26 08:05:20,8.0,True
6814,,,,,,,,,,,,1.22 kg m–3,,,http://doi.org/10.1007/s00271-007-0063-2,2025-11-26 08:05:20,8.0,True
6815,Deficit Irrigation,,,,,,,,Cotton,,,,,,http://doi.org/10.1007/s00271-007-0063-2,2025-11-26 08:05:20,8.0,True
6816,Deficit Irrigation,,,,,,,,Tomato,,,,,,http://doi.org/10.1007/s00271-007-0063-2,2025-11-26 08:05:20,8.0,True
6817,Deficit Irrigation,,,,,,,,Pepper,,,,,,http://doi.org/10.1007/s00271-007-0063-2,2025-11-26 08:05:20,8.0,True
6818,Deficit Irrigation,,,,,,,,Eggplant,,,,,,http://doi.org/10.1007/s00271-007-0063-2,2025-11-26 08:05:20,8.0,True
6819,,,,,,,,,,,,,,,http://doi.org/10.1007/s00271-007-0063-2,2025-11-26 08:05:20,8.0,True
6833,Irrigation equivalent to 0.5 Epan,"Agronomy Field Laboratory, University of Rajshahi, Rajshahi, Bangladesh",,,37 meters,,5m x 2m,November 2015 to March 2016,Maize (Zea mays L.),,,4.91 t ha -1,157.26 cm,0.22,http://doi.org/10.1016/j.fcr.2004.09.015,2025-11-26 08:16:59,9.0,True
6834,Irrigation equivalent to 0.75 Epan,"Agronomy Field Laboratory, University of Rajshahi, Rajshahi, Bangladesh",,,37 meters,,5m x 2m,November 2015 to March 2016,Maize (Zea mays L.),,,5.1 t ha -1,161.01 cm,0.22,http://doi.org/10.1016/j.fcr.2004.09.015,2025-11-26 08:16:59,9.0,True
6835,Irrigation equivalent to 1.0 Epan,"Agronomy Field Laboratory, University of Rajshahi, Rajshahi, Bangladesh",,,37 meters,,5m x 2m,November 2015 to March 2016,Maize (Zea mays L.),,,5.06 t ha -1,165.76 cm,0.22,http://doi.org/10.1016/j.fcr.2004.09.015,2025-11-26 08:16:59,9.0,True
6836,Irrigation equivalent to 1.25 Epan,"Agronomy Field Laboratory, University of Rajshahi, Rajshahi, Bangladesh",,,37 meters,,5m x 2m,November 2015 to March 2016,Maize (Zea mays L.),,,5.42 t ha -1,168.43 cm,0.22,http://doi.org/10.1016/j.fcr.2004.09.015,2025-11-26 08:16:59,9.0,True
6837,Standard irrigation (control),"Agronomy Field Laboratory, University of Rajshahi, Rajshahi, Bangladesh",,,37 meters,,5m x 2m,November 2015 to March 2016,Maize (Zea mays L.),,,5.62 t ha -1,172.69 cm,0.11,http://doi.org/10.1016/j.fcr.2004.09.015,2025-11-26 08:16:59,9.0,True
6880,Deficit Irrigation 50%,"Saltillo, Coahuila, Mexico",,,,,,2021-01-29,Tomato (El Cid F1),,,,,,http://dx.doi.org/10.19136/era.a8n2.2822,2025-11-26 08:51:51,8.0,True
6881,Deficit Irrigation 75%,"Saltillo, Coahuila, Mexico",,,,,,2021-01-29,Tomato (El Cid F1),,,,,,http://dx.doi.org/10.19136/era.a8n2.2822,2025-11-26 08:51:51,8.0,True
6882,Control 100%,"Saltillo, Coahuila, Mexico",,,,,,2021-01-29,Tomato (El Cid F1),,,,,,http://dx.doi.org/10.19136/era.a8n2.2822,2025-11-26 08:51:51,8.0,True
6895,100% ETc: full irrigation,"School of Agriculture Teaching and Research Farm, University of Cape Coast, Ghana",,,,sandy clayey loam,,,Eggplant (Solanum melongena L.),,"Protein: 17.4%, Carbohydrate: 13.57%, Phosphorus: 3296 µg/g, pH: 5.5, Moisture: 94.3%",4.0 MT,14.36 cm,2.012 g/mm,http://dx.doi.org/10.22161/ijeab.45.5,2025-11-26 08:57:12,9.0,True
6896,90% ETc: 10% reduction of full irrigation,"School of Agriculture Teaching and Research Farm, University of Cape Coast, Ghana",,,,sandy clayey loam,,,Eggplant (Solanum melongena L.),,"Protein: 19.3%, Carbohydrate: 14.45%, Phosphorus: 3273 µg/g, pH: 5.5, Moisture: 91.7%",3.8 MT,13.31 cm,2.517 g/mm,http://dx.doi.org/10.22161/ijeab.45.5,2025-11-26 08:57:12,9.0,True
6897,80% ETc: 20% reduction of full irrigation,"School of Agriculture Teaching and Research Farm, University of Cape Coast, Ghana",,,,sandy clayey loam,,,Eggplant (Solanum melongena L.),,"Protein: 15.6%, Carbohydrate: 11.65%, Phosphorus: 3249 µg/g, pH: 5.6, Moisture: 90.5%",3.3 MT,12.06 cm,3.237 g/mm,http://dx.doi.org/10.22161/ijeab.45.5,2025-11-26 08:57:12,9.0,True
6898,70% ETc: 30% reduction of full irrigation,"School of Agriculture Teaching and Research Farm, University of Cape Coast, Ghana",,,,sandy clayey loam,,,Eggplant (Solanum melongena L.),,"Protein: 15.6%, Carbohydrate: 17.52%, Phosphorus: 3150 µg/g, pH: 5.6, Moisture: 89.6%",3.0 MT,10.29 cm,3.372 g/mm,http://dx.doi.org/10.22161/ijeab.45.5,2025-11-26 08:57:12,9.0,True
6899,Deficit irrigation at 50% ETc,"Texas AgriLife Research Center, Uvalde, Texas, USA",29°1'N,99°5'W,283 m,silty clay,,2012 season,Brassica oleracea L. cv. Pennant,,,88 t/ha,38.0 cm,,http://dx.doi.org/10.17221/208/2013-HORTSCI,2025-11-26 08:57:53,8.0,True
6900,Deficit irrigation at 75% ETc,"Texas AgriLife Research Center, Uvalde, Texas, USA",29°1'N,99°5'W,283 m,silty clay,,2012 season,Brassica oleracea L. cv. Pennant,,,89 t/ha,38.0 cm,,http://dx.doi.org/10.17221/208/2013-HORTSCI,2025-11-26 08:57:53,8.0,True
6901,Irrigation at 100% ETc,"Texas AgriLife Research Center, Uvalde, Texas, USA",29°1'N,99°5'W,283 m,silty clay,,2012 season,Brassica oleracea L. cv. Pennant,,,107 t/ha,39.8 cm,,http://dx.doi.org/10.17221/208/2013-HORTSCI,2025-11-26 08:57:53,8.0,True
6902,Deficit irrigation at 75% ETc,"Texas AgriLife Research Center, Uvalde, Texas, USA",29°1'N,99°5'W,283 m,silty clay,,2013 season,Brassica oleracea L. cv. Pennant,,,74 t/ha,,,http://dx.doi.org/10.17221/208/2013-HORTSCI,2025-11-26 08:57:53,8.0,True
6903,Irrigation at 100% ETc,"Texas AgriLife Research Center, Uvalde, Texas, USA",29°1'N,99°5'W,283 m,silty clay,,2013 season,Brassica oleracea L. cv. Pennant,,,80 t/ha,,,http://dx.doi.org/10.17221/208/2013-HORTSCI,2025-11-26 08:57:53,8.0,True
6929,Deficit irrigation,"Greeley, Colorado, U.S.A.",40.4470° N,-104.3696° W,1425 meters,,190 × 110 m,2022,Maize,,,,,,https://doi.org/10.1016/j.agrformet.2021.108683,2025-11-26 09:08:03,8.0,True
6930,Fully irrigated,"Greeley, Colorado, U.S.A.",40.4470° N,-104.3696° W,1425 meters,,190 × 110 m,2022,Maize,,,,,,https://doi.org/10.1016/j.agrformet.2021.108683,2025-11-26 09:08:03,8.0,True
6952,Self-regulating low energy clay-based irrigation (SLECI) system,"A. G. Carson Technology Centre, School of Agriculture University of Cape Coast, Cape Coast, Ghana",,,,sandy clayey loam,4 m²,"July 15, 2024",Capsicum annuum,20,,0.7974 t/ha,,0.1312 kg/l,https://doi.org/10.1016/j.agwat.2006.10.017,2025-11-26 09:40:55,9.0,True
6953,Self-regulating low energy clay-based irrigation (SLECI) system,"A. G. Carson Technology Centre, School of Agriculture University of Cape Coast, Cape Coast, Ghana",,,,sandy clayey loam,4 m²,"July 15, 2024",Capsicum annuum,20,,0.7286 t/ha,,0.1435 kg/l,https://doi.org/10.1016/j.agwat.2006.10.017,2025-11-26 09:40:55,9.0,True
6954,Self-regulating low energy clay-based irrigation (SLECI) system,"A. G. Carson Technology Centre, School of Agriculture University of Cape Coast, Cape Coast, Ghana",,,,sandy clayey loam,4 m²,"July 15, 2024",Capsicum annuum,20,,0.2872 t/ha,,0.0517 kg/l,https://doi.org/10.1016/j.agwat.2006.10.017,2025-11-26 09:40:55,9.0,True
6955,Self-regulating low energy clay-based irrigation (SLECI) system,"A. G. Carson Technology Centre, School of Agriculture University of Cape Coast, Cape Coast, Ghana",,,,sandy clayey loam,4 m²,"July 15, 2024",Capsicum annuum,20,,0.8772 t/ha,,0.1579 kg/l,https://doi.org/10.1016/j.agwat.2006.10.017,2025-11-26 09:40:55,9.0,True
6956,Self-regulating low energy clay-based irrigation (SLECI) system,"A. G. Carson Technology Centre, School of Agriculture University of Cape Coast, Cape Coast, Ghana",,,,sandy clayey loam,4 m²,"July 15, 2024",Capsicum annuum,20,,"1,187.7 t/ha",62.51 cm,0.214 kg/l,https://doi.org/10.1016/j.agwat.2006.10.017,2025-11-26 09:40:55,9.0,True
6957,Self-regulating low energy clay-based irrigation (SLECI) system,"A. G. Carson Technology Centre, School of Agriculture University of Cape Coast, Cape Coast, Ghana",,,,sandy clayey loam,4 m²,"July 15, 2024",Capsicum annuum,20,,"1,135.0 t/ha",,,https://doi.org/10.1016/j.agwat.2006.10.017,2025-11-26 09:40:55,9.0,True
6958,Self-regulating low energy clay-based irrigation (SLECI) system,"A. G. Carson Technology Centre, School of Agriculture University of Cape Coast, Cape Coast, Ghana",,,,sandy clayey loam,4 m²,"July 15, 2024",Capsicum annuum,20,,0.1950 t/ha,,,https://doi.org/10.1016/j.agwat.2006.10.017,2025-11-26 09:40:55,9.0,True
6983,Alternate Wetting and Drying (AWD),"Arkansas, United States",,,,,1-1000 ha,,Oryza sativa L.,,,,,Decreased irrigation water use by 18-44%,https://doi.org/10.1007/s00271-006-0038-8,2025-11-26 09:50:46,9.0,True
6984,Furrow Irrigation,"Arkansas, United States",,,,,1-1000 ha,,Oryza sativa L.,,,,,,https://doi.org/10.1007/s00271-006-0038-8,2025-11-26 09:50:46,9.0,True
6985,,,,,,,,,Oryza sativa L.,,,,,,https://doi.org/10.1007/s00271-006-0038-8,2025-11-26 09:50:46,9.0,True
7000,System of Rice Intensification (SRI),"Quang Nam and Thua Thien Hue provinces, Central Vietnam",,,,,,Winter-Spring crop of 2020,Rice,,,225.67 kg/500 m2,,,https://doi.org/10.1016/S0308-521X(03)00087-8,2025-11-26 09:53:23,8.0,True
7001,,"Quang Nam and Thua Thien Hue provinces, Central Vietnam",,,,,,Winter-Spring crop of 2020,Rice,,,189.03 kg/500 m2,,,https://doi.org/10.1016/S0308-521X(03)00087-8,2025-11-26 09:53:23,8.0,True
7107,growth-stage-based irrigation management,southern High Plains,,,,,,2020,winter canola,,,,,water use efficiency,https://doi.org/10.1002/plr2.20177,2025-11-26 10:53:50,8.0,True
7108,,southern Great Plains,,,,,,2019,winter canola,,,,,water use efficiency,https://doi.org/10.1002/plr2.20177,2025-11-26 10:53:50,8.0,True
7109,,southern Great Plains,,,,,,2016,winter canola,,,,,water use efficiency,https://doi.org/10.1002/plr2.20177,2025-11-26 10:53:50,8.0,True
7140,Mobile Drip Irrigation,"Garden City, Kansas",37.9643,-100.8715,,,,2016,Corn,,,,,,https://doi.org/10.13031/trans.59.11456,2025-11-26 11:13:43,9.0,True
7141,Mobile Drip Irrigation,"Larned, Kansas",38.1102,-99.1003,,,,2016,Corn,,,,,,https://doi.org/10.13031/trans.59.11456,2025-11-26 11:13:43,9.0,True
7142,,"Garden City, Kansas",37.9643,-100.8715,,,,"July 1, 2014–June 30, 2015",,,,,,,https://doi.org/10.13031/trans.59.11456,2025-11-26 11:13:43,9.0,True
7164,All-furrow irrigation (FI),"Stoneville, MS",33.7000,-90.9167,,silt loam,,28 Apr 2020,Zea mays L.,"75,459",,13.56 Mg ha−1,2.72 m,0.022 kg m−3,https://doi.org/10.1016/S0378-3774(00)00072-X,2025-11-26 11:31:58,8.0,True
7165,All-furrow irrigation (FI),"Stoneville, MS",33.7000,-90.9167,,silt loam,,16 Apr 2021,Zea mays L.,"76,006",,14.05 Mg ha−1,2.77 m,0.018 kg m−3,https://doi.org/10.1016/S0378-3774(00)00072-X,2025-11-26 11:31:58,8.0,True
7166,Alternate-furrow irrigation (AFI),"Stoneville, MS",33.7000,-90.9167,,silt loam,,28 Apr 2020,Zea mays L.,"76,444",,12.79 Mg ha−1,2.60 m,0.025 kg m−3,https://doi.org/10.1016/S0378-3774(00)00072-X,2025-11-26 11:31:58,8.0,True
7167,Alternate-furrow irrigation (AFI),"Stoneville, MS",33.7000,-90.9167,,silt loam,,16 Apr 2021,Zea mays L.,"77,100",,14.21 Mg ha−1,2.75 m,0.031 kg m−3,https://doi.org/10.1016/S0378-3774(00)00072-X,2025-11-26 11:31:58,8.0,True
7168,Every third-furrow irrigation (TFI),"Stoneville, MS",33.7000,-90.9167,,silt loam,,28 Apr 2020,Zea mays L.,"72,835",,11.77 Mg ha−1,2.57 m,0.015 kg m−3,https://doi.org/10.1016/S0378-3774(00)00072-X,2025-11-26 11:31:58,8.0,True
7169,Every third-furrow irrigation (TFI),"Stoneville, MS",33.7000,-90.9167,,silt loam,,16 Apr 2021,Zea mays L.,"76,006",,12.38 Mg ha−1,2.75 m,0.009 kg m−3,https://doi.org/10.1016/S0378-3774(00)00072-X,2025-11-26 11:31:58,8.0,True
7170,Rainfed (RF),"Stoneville, MS",33.7000,-90.9167,,silt loam,,28 Apr 2020,Zea mays L.,"71,648",,11.15 Mg ha−1,2.37 m,,https://doi.org/10.1016/S0378-3774(00)00072-X,2025-11-26 11:31:58,8.0,True
7171,Rainfed (RF),"Stoneville, MS",33.7000,-90.9167,,silt loam,,16 Apr 2021,Zea mays L.,"73,447",,11.97 Mg ha−1,2.64 m,,https://doi.org/10.1016/S0378-3774(00)00072-X,2025-11-26 11:31:58,8.0,True
7178,Drip irrigation,"Yangling, Shaanxi, China",34.3333,108.4,521,silt loam,10m2,06/19/2014,maize (Zea mays L.),52,,,,,https://doi.org/10.1016/S0378-4290(99)00027-1,2025-11-26 11:34:15,8.0,True
7179,Drip irrigation,"Yangling, Shaanxi, China",34.3333,108.4,521,silt loam,10m2,06/11/2015,maize (Zea mays L.),52,,,,,https://doi.org/10.1016/S0378-4290(99)00027-1,2025-11-26 11:34:15,8.0,True
7180,Drip irrigation,"Yangling, Shaanxi, China",34.3333,108.4,521,silt loam,10m2,06/09/2016,maize (Zea mays L.),52,,,,,https://doi.org/10.1016/S0378-4290(99)00027-1,2025-11-26 11:34:15,8.0,True
7181,,"Yangling, Shaanxi, China",34.3333,108.4,521,silt loam,10m2,10/11/2014,maize (Zea mays L.),52,,,,,https://doi.org/10.1016/S0378-4290(99)00027-1,2025-11-26 11:34:15,8.0,True
7182,,"Yangling, Shaanxi, China",34.3333,108.4,521,silt loam,10m2,10/08/2015,maize (Zea mays L.),52,,,,,https://doi.org/10.1016/S0378-4290(99)00027-1,2025-11-26 11:34:15,8.0,True
7183,,"Yangling, Shaanxi, China",34.3333,108.4,521,silt loam,10m2,09/22/2016,maize (Zea mays L.),52,,,,,https://doi.org/10.1016/S0378-4290(99)00027-1,2025-11-26 11:34:15,8.0,True
7199,"Full Irrigation, 100% of ETc","Ceraíma, Guanambi, Bahia, Brazil",14˚13'30''S,42˚46'53''W,525 m,,,August 2011 to December 2011,Tommy Atkins mango,1,,24.00 t∙ha−1,,69.55 kg∙ha−1∙mm−1,http://dx.doi.org/10.1093/jxb/erh249,2025-11-26 11:39:29,9.0,True
7200,100% of ETc with frequency of alternance (FA) of 15 days,"Ceraíma, Guanambi, Bahia, Brazil",14˚13'30''S,42˚46'53''W,525 m,,,August 2011 to December 2011,Tommy Atkins mango,1,,26.37 t∙ha−1,,76.41 kg∙ha−1∙mm−1,http://dx.doi.org/10.1093/jxb/erh249,2025-11-26 11:39:29,9.0,True
7201,80% ETc with FA of 15 days,"Ceraíma, Guanambi, Bahia, Brazil",14˚13'30''S,42˚46'53''W,525 m,,,August 2011 to December 2011,Tommy Atkins mango,1,,15.41 t∙ha−1,,55.83 kg∙ha−1∙mm−1,http://dx.doi.org/10.1093/jxb/erh249,2025-11-26 11:39:29,9.0,True
7202,60% of ETc with FA of 15 days,"Ceraíma, Guanambi, Bahia, Brazil",14˚13'30''S,42˚46'53''W,525 m,,,August 2011 to December 2011,Tommy Atkins mango,1,,16.49 t∙ha−1,,79.64 kg∙ha−1∙mm−1,http://dx.doi.org/10.1093/jxb/erh249,2025-11-26 11:39:29,9.0,True
7203,40% ETc with FA of 15 days,"Ceraíma, Guanambi, Bahia, Brazil",14˚13'30''S,42˚46'53''W,525 m,,,August 2011 to December 2011,Tommy Atkins mango,1,,17.00 t∙ha−1,,123.17 kg∙ha−1∙mm−1,http://dx.doi.org/10.1093/jxb/erh249,2025-11-26 11:39:29,9.0,True
7257,Deficit irrigation,"Marlborough, New Zealand",,,,silty clay,,,Sauvignon blanc,,,5 % soil moisture increase,,,https://doi.org/10.1007/s13593-014-0280-z,2025-11-26 11:49:41,8.0,True
7258,Deficit irrigation,"Adige Valley, Italy",,,,medium sandy,,,Merlot,,,2 % soil moisture increase,,,https://doi.org/10.1007/s13593-014-0280-z,2025-11-26 11:49:41,8.0,True
7259,Deficit irrigation,"Szigetcsép, Hungary",,,,sandy,,,,,,3.4 % soil moisture increase,,,https://doi.org/10.1007/s13593-014-0280-z,2025-11-26 11:49:41,8.0,True
7260,Deficit irrigation,"Marlborough, New Zealand",,,,silty clay,,,Merlot,,,Null soil moisture increase,,,https://doi.org/10.1007/s13593-014-0280-z,2025-11-26 11:49:41,8.0,True
7261,Deficit irrigation,"Parlier, California",,,,fine sandy loam,,,Thompson seedless,,,46 % soil moisture decrease,,,https://doi.org/10.1007/s13593-014-0280-z,2025-11-26 11:49:41,8.0,True
7262,Deficit irrigation,"Parlier, California",,,,fine sandy loam,,,Thompson seedless,,,19 % soil moisture decrease,,,https://doi.org/10.1007/s13593-014-0280-z,2025-11-26 11:49:41,8.0,True
7263,Regulated deficit irrigation,"Hawke’s Bay, New Zealand",,,,sandy-clay-loamy,,,Cabernet Sauvignon,,,,,,https://doi.org/10.1007/s13593-014-0280-z,2025-11-26 11:49:41,8.0,True
7264,Partial root zone drying,,,,,,,,,,,,,,https://doi.org/10.1007/s13593-014-0280-z,2025-11-26 11:49:41,8.0,True
7265,,"Palma de Mallorca, Spain",39.5696,2.6502,,,,,Vitis vinifera,,,,,,https://doi.org/10.1007/s13593-014-0280-z,2025-11-26 11:49:41,8.0,True
7266,Continuous irrigation at 100% of actual evapotranspiration (ET) from fruit set to veraison and at 80% of ET from veraison to harvest,"Talca Valley, Maule Region, Chile",35.4613,-71.4992,172 m.a.s.l.,clay loam,,2011/12,Carménère,,,2.49 kg plant-1,,4.06 kg m-3,https://doi.org/10.1016/j.agwat.2014.10.018,2025-11-26 11:54:53,9.0,True
7267,Irrigation at 50% of ET from fruit set to harvest,"Talca Valley, Maule Region, Chile",35.4613,-71.4992,172 m.a.s.l.,clay loam,,2011/12,Carménère,,,1.64 kg plant-1,,5.11 kg m-3,https://doi.org/10.1016/j.agwat.2014.10.018,2025-11-26 11:54:53,9.0,True
7268,No irrigation from fruit set to veraison and at 30% of ET from veraison to harvest,"Talca Valley, Maule Region, Chile",35.4613,-71.4992,172 m.a.s.l.,clay loam,,2011/12,Carménère,,,1.58 kg plant-1,,7.3 kg m-3,https://doi.org/10.1016/j.agwat.2014.10.018,2025-11-26 11:54:53,9.0,True
7269,Continuous irrigation at 100% of actual evapotranspiration (ET) from fruit set to veraison and at 80% of ET from veraison to harvest,"Talca Valley, Maule Region, Chile",35.4613,-71.4992,172 m.a.s.l.,clay loam,,2012/13,Carménère,,,2.65 kg plant-1,,4.06 kg m-3,https://doi.org/10.1016/j.agwat.2014.10.018,2025-11-26 11:54:53,9.0,True
7270,Irrigation at 50% of ET from fruit set to harvest,"Talca Valley, Maule Region, Chile",35.4613,-71.4992,172 m.a.s.l.,clay loam,,2012/13,Carménère,,,1.56 kg plant-1,,5.11 kg m-3,https://doi.org/10.1016/j.agwat.2014.10.018,2025-11-26 11:54:53,9.0,True
7271,No irrigation from fruit set to veraison and at 30% of ET from veraison to harvest,"Talca Valley, Maule Region, Chile",35.4613,-71.4992,172 m.a.s.l.,clay loam,,2012/13,Carménère,,,1.77 kg plant-1,,7.3 kg m-3,https://doi.org/10.1016/j.agwat.2014.10.018,2025-11-26 11:54:53,9.0,True
7408,MESA (mid-elevation sprinkler application) at 100% replacement of soil water,"Bushland, Texas, USA",35.183°N,102.100°W,1170 m,"Pullman soil (fine, mixed, superactive, thermic Torrertic Paleustoll)",4.4 ha,2013,maize (Zea mays L.),,,,,,https://doi.org/10.13031/trans.13920,2025-11-26 12:22:16,8.0,True
7409,MESA (mid-elevation sprinkler application) at 75% replacement of soil water,"Bushland, Texas, USA",35.183°N,102.100°W,1170 m,"Pullman soil (fine, mixed, superactive, thermic Torrertic Paleustoll)",4.4 ha,2013,maize (Zea mays L.),,,,,,https://doi.org/10.13031/trans.13920,2025-11-26 12:22:16,8.0,True
7410,SDI (subsurface drip irrigation) at 100% replacement of soil water,"Bushland, Texas, USA",35.183°N,102.100°W,1170 m,"Pullman soil (fine, mixed, superactive, thermic Torrertic Paleustoll)",4.4 ha,2013,maize (Zea mays L.),,,,,,https://doi.org/10.13031/trans.13920,2025-11-26 12:22:16,8.0,True
7411,SDI (subsurface drip irrigation) at 100% replacement of soil water,"Bushland, Texas, USA",35.183°N,102.100°W,1170 m,"Pullman soil (fine, mixed, superactive, thermic Torrertic Paleustoll)",4.4 ha,2016,maize (Zea mays L.),,,,,,https://doi.org/10.13031/trans.13920,2025-11-26 12:22:16,8.0,True
7412,,"Mead, Nebraska, USA",41.165°N,96.470°W,362 m,silty clay loams,,2003,maize (Zea mays L.),,,,,,https://doi.org/10.13031/trans.13920,2025-11-26 12:22:16,8.0,True
7413,,"Mead, Nebraska, USA",41.165°N,96.470°W,362 m,silty clay loams,,2005,maize (Zea mays L.),,,,,,https://doi.org/10.13031/trans.13920,2025-11-26 12:22:16,8.0,True
7414,,"Mead, Nebraska, USA",41.165°N,96.470°W,362 m,silty clay loams,,2007,maize (Zea mays L.),,,,,,https://doi.org/10.13031/trans.13920,2025-11-26 12:22:16,8.0,True
7415,,"Mead, Nebraska, USA",41.165°N,96.470°W,362 m,silty clay loams,,2009,maize (Zea mays L.),,,,,,https://doi.org/10.13031/trans.13920,2025-11-26 12:22:16,8.0,True
7416,,"Mead, Nebraska, USA",41.165°N,96.470°W,362 m,silty clay loams,,2011,maize (Zea mays L.),,,,,,https://doi.org/10.13031/trans.13920,2025-11-26 12:22:16,8.0,True
7417,,"Mead, Nebraska, USA",41.165°N,96.470°W,362 m,silty clay loams,,2013,maize (Zea mays L.),,,,,,https://doi.org/10.13031/trans.13920,2025-11-26 12:22:16,8.0,True
7418,Surface and subsurface drip irrigation,"Bushland, Texas, USA",35.3,-102.6,,silty clay,4.4 ha,2013,maize,,,0 to 20% increase,,18 to 46% increase,https://doi.org/10.13031/trans.13922,2025-11-26 12:23:21,8.0,True
7419,Surface and subsurface drip irrigation,"Bushland, Texas, USA",35.3,-102.6,,silty clay,4.4 ha,2016,maize,,,0 to 20% increase,,18 to 46% increase,https://doi.org/10.13031/trans.13922,2025-11-26 12:23:21,8.0,True
7420,Surface and subsurface drip irrigation,"Bushland, Texas, USA",35.3,-102.6,,silty clay,4.4 ha,2018,maize,,,0 to 20% increase,,18 to 46% increase,https://doi.org/10.13031/trans.13922,2025-11-26 12:23:21,8.0,True
7421,,"Bushland, Texas, USA",35.3,-102.6,,silty clay,4.4 ha,1989,maize,,,,,,https://doi.org/10.13031/trans.13922,2025-11-26 12:23:21,8.0,True
7422,,"Bushland, Texas, USA",35.3,-102.6,,silty clay,4.4 ha,1990,maize,,,,,,https://doi.org/10.13031/trans.13922,2025-11-26 12:23:21,8.0,True
7423,,"Bushland, Texas, USA",35.3,-102.6,,silty clay,4.4 ha,1994,maize,,,,,,https://doi.org/10.13031/trans.13922,2025-11-26 12:23:21,8.0,True
7424,,"Bushland, Texas, USA",35.3,-102.6,,silty clay,4.4 ha,2013,sorghum,,,,,,https://doi.org/10.13031/trans.13922,2025-11-26 12:23:21,8.0,True
7425,,"Bushland, Texas, USA",35.3,-102.6,,silty clay,4.4 ha,2016,sorghum,,,,,,https://doi.org/10.13031/trans.13922,2025-11-26 12:23:21,8.0,True
7426,,"Bushland, Texas, USA",35.3,-102.6,,silty clay,4.4 ha,2018,sorghum,,,,,,https://doi.org/10.13031/trans.13922,2025-11-26 12:23:21,8.0,True
7553,Deficit Irrigation (DI),"Fallon, NV",39.4783,-118.7784,,,,"1973-1978, 1981-1982",Medicago sativa L.,,,,,,https://doi.org/10.13031/trans.14114,2025-11-26 12:43:12,9.0,True
7554,Full Irrigation (FI),"Bushland, TX",35.3035,-102.6463,,,,1996-1999,Medicago sativa L.,,,,,,https://doi.org/10.13031/trans.14114,2025-11-26 12:43:12,9.0,True
7555,Deficit Irrigation (DI),"Bushland, TX",35.3035,-102.6463,,,,1996-1999,Medicago sativa L.,,,,,,https://doi.org/10.13031/trans.14114,2025-11-26 12:43:12,9.0,True
7556,Full Irrigation (FI),"Reno, NV",39.5296,-119.8138,,,,2021-2023,Medicago sativa L.,,,,,,https://doi.org/10.13031/trans.14114,2025-11-26 12:43:12,9.0,True
7557,Mild Deficit Irrigation (80% of FI),"Reno, NV",39.5296,-119.8138,,,,2021-2023,Medicago sativa L.,,,,,,https://doi.org/10.13031/trans.14114,2025-11-26 12:43:12,9.0,True
7558,Moderate Deficit Irrigation (60% of FI),"Reno, NV",39.5296,-119.8138,,,,2021-2023,Medicago sativa L.,,,,,,https://doi.org/10.13031/trans.14114,2025-11-26 12:43:12,9.0,True
7559,Full Irrigation (FI),"Bushland, TX",35.3035,-102.6463,,,,2022-2023,Medicago sativa L.,,,,,,https://doi.org/10.13031/trans.14114,2025-11-26 12:43:12,9.0,True
7560,Mild Deficit Irrigation (70% of FI),"Bushland, TX",35.3035,-102.6463,,,,2022-2023,Medicago sativa L.,,,,,,https://doi.org/10.13031/trans.14114,2025-11-26 12:43:12,9.0,True
7561,Full Irrigation (FI),"Reno, NV",39.5296,-119.8138,,,,2022-2023,Medicago sativa L.,,,,,,https://doi.org/10.13031/trans.14114,2025-11-26 12:43:12,9.0,True
7562,Mild Constant Deficit Irrigation (80% of FI),"Reno, NV",39.5296,-119.8138,,,,2022-2023,Medicago sativa L.,,,,,,https://doi.org/10.13031/trans.14114,2025-11-26 12:43:12,9.0,True
7563,Moderate Constant Deficit Irrigation (60% of FI),"Reno, NV",39.5296,-119.8138,,,,2022-2023,Medicago sativa L.,,,,,,https://doi.org/10.13031/trans.14114,2025-11-26 12:43:12,9.0,True
7564,Mild Regulated Deficit Irrigation (matching 80% of FI),"Reno, NV",39.5296,-119.8138,,,,2022-2023,Medicago sativa L.,,,,,,https://doi.org/10.13031/trans.14114,2025-11-26 12:43:12,9.0,True
7565,Moderate Regulated Deficit Irrigation (matching 60% of FI),"Reno, NV",39.5296,-119.8138,,,,2022-2023,Medicago sativa L.,,,,,,https://doi.org/10.13031/trans.14114,2025-11-26 12:43:12,9.0,True
7581,Full Irrigation,Extremely Arid Oasis,,,,,,2023,Cotton,,,,,,https://doi.org/10.3390/agronomy13102529,2025-11-26 12:57:10,9.0,True
7582,Deficit Irrigation,Extremely Arid Oasis,,,,,,2023,Cotton,,,,,,https://doi.org/10.3390/agronomy13102529,2025-11-26 12:57:10,9.0,True
7615,Full Irrigation (FI),"Taastrup, Denmark",,,,sandy soil,,2016-09-26,Solanum lycopersicum L. (Tomato),,,,,,https://doi.org/10.1007/s00442-003-1401-6,2025-11-26 13:14:27,8.0,True
7616,Deficit Irrigation (DI),"Taastrup, Denmark",,,,sandy soil,,2016-09-26,Solanum lycopersicum L. (Tomato),,,,,,https://doi.org/10.1007/s00442-003-1401-6,2025-11-26 13:14:27,8.0,True
7617,Alternative Partial Root-Zone Irrigation (PRI),"Taastrup, Denmark",,,,sandy soil,,2016-09-26,Solanum lycopersicum L. (Tomato),,,,,,https://doi.org/10.1007/s00442-003-1401-6,2025-11-26 13:14:27,8.0,True
7618,,"Taastrup, Denmark",,,,peat,,2016-09-26,Solanum lycopersicum L. (Tomato),,,,,,https://doi.org/10.1007/s00442-003-1401-6,2025-11-26 13:14:27,8.0,True
7677,Full irrigation (100% ET demand),"Greeley, Colorado",40.45,-104.64,,,,2008-2010,Corn (Zea mays L.),,,10339 kg ha−1,,1.46 kg m−3,https://doi.org/10.1016/j.agwat.2012.04.004,2025-11-26 13:34:10,9.0,True
7678,Deficit irrigation (75% ET demand),"Greeley, Colorado",40.45,-104.64,,,,2008-2010,Corn (Zea mays L.),,,8441 kg ha−1,,1.40 kg m−3,https://doi.org/10.1016/j.agwat.2012.04.004,2025-11-26 13:34:10,9.0,True
7679,Deficit irrigation (50% ET demand),"Greeley, Colorado",40.45,-104.64,,,,2008-2010,Corn (Zea mays L.),,,4817 kg ha−1,,1.11 kg m−3,https://doi.org/10.1016/j.agwat.2012.04.004,2025-11-26 13:34:10,9.0,True
7680,Full irrigation (100% ET demand),"Greeley, Colorado",40.45,-104.64,,,,2020s,Corn (Zea mays L.),,,8701.5 kg ha−1,,1.31 kg m−3,https://doi.org/10.1016/j.agwat.2012.04.004,2025-11-26 13:34:10,9.0,True
7681,Deficit irrigation (75% ET demand),"Greeley, Colorado",40.45,-104.64,,,,2020s,Corn (Zea mays L.),,,7392.22 kg ha−1,,1.28 kg m−3,https://doi.org/10.1016/j.agwat.2012.04.004,2025-11-26 13:34:10,9.0,True
7682,Deficit irrigation (50% ET demand),"Greeley, Colorado",40.45,-104.64,,,,2020s,Corn (Zea mays L.),,,4263.52 kg ha−1,,1.15 kg m−3,https://doi.org/10.1016/j.agwat.2012.04.004,2025-11-26 13:34:10,9.0,True
7683,Full irrigation (100% ET demand),"Greeley, Colorado",40.45,-104.64,,,,2050s,Corn (Zea mays L.),,,7819.2 kg ha−1,,1.22 kg m−3,https://doi.org/10.1016/j.agwat.2012.04.004,2025-11-26 13:34:10,9.0,True
7684,Deficit irrigation (75% ET demand),"Greeley, Colorado",40.45,-104.64,,,,2050s,Corn (Zea mays L.),,,6674.62 kg ha−1,,1.19 kg m−3,https://doi.org/10.1016/j.agwat.2012.04.004,2025-11-26 13:34:10,9.0,True
7685,Deficit irrigation (50% ET demand),"Greeley, Colorado",40.45,-104.64,,,,2050s,Corn (Zea mays L.),,,3820.12 kg ha−1,,1.15 kg m−3,https://doi.org/10.1016/j.agwat.2012.04.004,2025-11-26 13:34:10,9.0,True
7686,Full irrigation (100% ET demand),"Greeley, Colorado",40.45,-104.64,,,,2080s,Corn (Zea mays L.),,,7056.2 kg ha−1,,1.12 kg m−3,https://doi.org/10.1016/j.agwat.2012.04.004,2025-11-26 13:34:10,9.0,True
7687,Deficit irrigation (75% ET demand),"Greeley, Colorado",40.45,-104.64,,,,2080s,Corn (Zea mays L.),,,6068.14 kg ha−1,,1.12 kg m−3,https://doi.org/10.1016/j.agwat.2012.04.004,2025-11-26 13:34:10,9.0,True
7688,Deficit irrigation (50% ET demand),"Greeley, Colorado",40.45,-104.64,,,,2080s,Corn (Zea mays L.),,,3480.56 kg ha−1,,1.23 kg m−3,https://doi.org/10.1016/j.agwat.2012.04.004,2025-11-26 13:34:10,9.0,True
7720,,"Bekaa plain, Lebanon",33°33' N,35°39' E,1000 m,Cambisols,0.1 ha to 20 ha,2016-2017,Wheat,,,"11,063 ± 1309 ha in 2016, 7605 ± 1184 ha in 2017",,,https://doi.org/10.1023/A:1025107202143,2025-11-26 13:57:39,8.0,True
7721,,"Bekaa plain, Lebanon",33°33' N,35°39' E,1000 m,Cambisols,0.1 ha to 20 ha,2016-2017,Wheat,,,"0.93 t/ha in low WHC, 1.34 t/ha in high WHC",,,https://doi.org/10.1023/A:1025107202143,2025-11-26 13:57:39,8.0,True
7722,,"Bekaa plain, Lebanon",33°33' N,35°39' E,1000 m,Cambisols,0.1 ha to 20 ha,2016-2017,Wheat,,,"2111 US$/ha in low WHC, 3550 US$/ha in high WHC",,,https://doi.org/10.1023/A:1025107202143,2025-11-26 13:57:39,8.0,True
7723,,"Bekaa plain, Lebanon",33°33' N,35°39' E,1000 m,Cambisols,0.1 ha to 20 ha,2016-2017,Wheat,,,"8640 US$/ha in low WHC, 12170 US$/ha in high WHC",,,https://doi.org/10.1023/A:1025107202143,2025-11-26 13:57:39,8.0,True
7724,,"Bekaa plain, Lebanon",33°33' N,35°39' E,1000 m,Cambisols,0.1 ha to 20 ha,2016-2017,Wheat,,,,,,https://doi.org/10.1023/A:1025107202143,2025-11-26 13:57:39,8.0,True
7725,,"Bekaa plain, Lebanon",33°33' N,35°39' E,1000 m,Cambisols,0.1 ha to 20 ha,2016-2017,Wheat,,,,,,https://doi.org/10.1023/A:1025107202143,2025-11-26 13:57:39,8.0,True
7726,Continuous Furrow Irrigation (CFI),"ICAR-Central Institute of Agricultural Engineering, Bhopal, Madhya Pradesh, India",23° 18 ′ 22 ′′ N,77° 24 ′ 45 ′′ E,490 m,clay,,2023-2024,sunflower (KBSH 44),,,,,,https://doi.org/10.1002/ird.276,2025-11-26 14:01:15,8.0,True
7727,Continuous Furrow Irrigation (CFI),"ICAR-Central Institute of Agricultural Engineering, Bhopal, Madhya Pradesh, India",23° 18 ′ 22 ′′ N,77° 24 ′ 45 ′′ E,490 m,clay,,2024-2025,sunflower (KBSH 44),,,,,,https://doi.org/10.1002/ird.276,2025-11-26 14:01:15,8.0,True
7728,Alternate Furrow Irrigation (AFI),"ICAR-Central Institute of Agricultural Engineering, Bhopal, Madhya Pradesh, India",23° 18 ′ 22 ′′ N,77° 24 ′ 45 ′′ E,490 m,clay,,2023-2024,sunflower (KBSH 44),,,,,,https://doi.org/10.1002/ird.276,2025-11-26 14:01:15,8.0,True
7729,Alternate Furrow Irrigation (AFI),"ICAR-Central Institute of Agricultural Engineering, Bhopal, Madhya Pradesh, India",23° 18 ′ 22 ′′ N,77° 24 ′ 45 ′′ E,490 m,clay,,2024-2025,sunflower (KBSH 44),,,,,,https://doi.org/10.1002/ird.276,2025-11-26 14:01:15,8.0,True
7730,Surface irrigation,"Doroodzan, Bakhtegan Basin, Iran",,,,clay,"78,553 ha",2009-2015,Barley,,,"2,992.86 kg/ha",,,https://doi.org/10.1016/j.agwat.2014.05.018,2025-11-26 14:04:47,8.0,True
7731,Drip irrigation,"Doroodzan, Bakhtegan Basin, Iran",,,,clay,"78,553 ha",2009-2015,Barley,,,"3,591.44 kg/ha",,,https://doi.org/10.1016/j.agwat.2014.05.018,2025-11-26 14:04:47,8.0,True
7732,Permanent sprinkler irrigation,"Doroodzan, Bakhtegan Basin, Iran",,,,clay,"78,553 ha",2009-2015,Barley,,,"3,160.46 kg/ha",,,https://doi.org/10.1016/j.agwat.2014.05.018,2025-11-26 14:04:47,8.0,True
7733,Semi-permanent sprinkler irrigation,"Doroodzan, Bakhtegan Basin, Iran",,,,clay,"78,553 ha",2009-2015,Barley,,,"3,160.46 kg/ha",,,https://doi.org/10.1016/j.agwat.2014.05.018,2025-11-26 14:04:47,8.0,True
7734,Surface irrigation,"Doroodzan, Bakhtegan Basin, Iran",,,,clay,"78,553 ha",2009-2015,Forage corn,,,"55,884.47 kg/ha",,,https://doi.org/10.1016/j.agwat.2014.05.018,2025-11-26 14:04:47,8.0,True
7735,Drip irrigation,"Doroodzan, Bakhtegan Basin, Iran",,,,clay,"78,553 ha",2009-2015,Forage corn,,,"64,084.80 kg/ha",,,https://doi.org/10.1016/j.agwat.2014.05.018,2025-11-26 14:04:47,8.0,True
7736,Permanent sprinkler irrigation,"Doroodzan, Bakhtegan Basin, Iran",,,,clay,"78,553 ha",2009-2015,Forage corn,,,"57,884.63 kg/ha",,,https://doi.org/10.1016/j.agwat.2014.05.018,2025-11-26 14:04:47,8.0,True
7737,Semi-permanent sprinkler irrigation,"Doroodzan, Bakhtegan Basin, Iran",,,,clay,"78,553 ha",2009-2015,Forage corn,,,"57,884.63 kg/ha",,,https://doi.org/10.1016/j.agwat.2014.05.018,2025-11-26 14:04:47,8.0,True
7738,Surface irrigation,"Doroodzan, Bakhtegan Basin, Iran",,,,clay,"78,553 ha",2009-2015,Wheat,,,"4,469.33 kg/ha",,,https://doi.org/10.1016/j.agwat.2014.05.018,2025-11-26 14:04:47,8.0,True
7739,Drip irrigation,"Doroodzan, Bakhtegan Basin, Iran",,,,clay,"78,553 ha",2009-2015,Wheat,,,"6,480.53 kg/ha",,,https://doi.org/10.1016/j.agwat.2014.05.018,2025-11-26 14:04:47,8.0,True
7740,Permanent sprinkler irrigation,"Doroodzan, Bakhtegan Basin, Iran",,,,clay,"78,553 ha",2009-2015,Wheat,,,"5,452.59 kg/ha",,,https://doi.org/10.1016/j.agwat.2014.05.018,2025-11-26 14:04:47,8.0,True
7741,Semi-permanent sprinkler irrigation,"Doroodzan, Bakhtegan Basin, Iran",,,,clay,"78,553 ha",2009-2015,Wheat,,,"5,452.59 kg/ha",,,https://doi.org/10.1016/j.agwat.2014.05.018,2025-11-26 14:04:47,8.0,True
7742,Surface irrigation,"Doroodzan, Bakhtegan Basin, Iran",,,,clay,"78,553 ha",2009-2015,Tomato,,,"64,773.93 kg/ha",,,https://doi.org/10.1016/j.agwat.2014.05.018,2025-11-26 14:04:47,8.0,True
7743,Drip irrigation,"Doroodzan, Bakhtegan Basin, Iran",,,,clay,"78,553 ha",2009-2015,Tomato,,,"77,728.71 kg/ha",,,https://doi.org/10.1016/j.agwat.2014.05.018,2025-11-26 14:04:47,8.0,True
7754,Conventional furrow irrigation,"Bako Woreda, Dambi Dima kebel, West Shewa Zone, Oromia Regional State, Ethiopia",9°06'N,37°09'E,1590 m,Clay loam,,,Onion,,,13.59 ton ha-1,,1.89 kg/m3,https://doi.org/10.3329/ijarit.v11i1.54471,2025-11-26 14:12:42,8.0,True
7755,Conventional furrow irrigation,"Bako Woreda, Dambi Dima kebel, West Shewa Zone, Oromia Regional State, Ethiopia",9°06'N,37°09'E,1590 m,Clay loam,,,Onion,,,14.95 ton ha-1,,2.08 kg/m3,https://doi.org/10.3329/ijarit.v11i1.54471,2025-11-26 14:12:42,8.0,True
7756,Conventional furrow irrigation,"Bako Woreda, Dambi Dima kebel, West Shewa Zone, Oromia Regional State, Oromia Regional State, Ethiopia",9°06'N,37°09'E,1590 m,Clay loam,,,Onion,,,19.61 ton ha-1,,2.36 kg/m3,https://doi.org/10.3329/ijarit.v11i1.54471,2025-11-26 14:12:42,8.0,True
7757,Conventional furrow irrigation,"Bako Woreda, Dambi Dima kebel, West Shewa Zone, Oromia Regional State, Ethiopia",9°06'N,37°09'E,1590 m,Clay loam,,,Onion,,,14.75 ton ha-1,,2.06 kg/m3,https://doi.org/10.3329/ijarit.v11i1.54471,2025-11-26 14:12:42,8.0,True
7758,Conventional furrow irrigation,"Bako Woreda, Dambi Dima kebel, West Shewa Zone, Oromia Regional State, Ethiopia",9°06'N,37°09'E,1590 m,Clay loam,,,Onion,,,15.96 ton ha-1,,2.23 kg/m3,https://doi.org/10.3329/ijarit.v11i1.54471,2025-11-26 14:12:42,8.0,True
7759,,"Bako Woreda, Dambi Dima kebel, West Shewa Zone, Oromia Regional State, Ethiopia",9°06'N,37°09'E,1590 m,Clay loam,,,Onion,,,,,30.99 kg/ha/mm,https://doi.org/10.3329/ijarit.v11i1.54471,2025-11-26 14:12:42,8.0,True
7760,,"Bako Woreda, Dambi Dima kebel, West Shewa Zone, Oromia Regional State, Ethiopia",9°06'N,37°09'E,1590 m,Clay loam,,,Onion,,,,,34.10 kg/ha/mm,https://doi.org/10.3329/ijarit.v11i1.54471,2025-11-26 14:12:42,8.0,True
7761,,"Bako Woreda, Dambi Dima kebel, West Shewa Zone, Oromia Regional State, Ethiopia",9°06'N,37°09'E,1590 m,Clay loam,,,Onion,,,,,38.65 kg/ha/mm,https://doi.org/10.3329/ijarit.v11i1.54471,2025-11-26 14:12:42,8.0,True
7762,,"Bako Woreda, Dambi Dima kebel, West Shewa Zone, Oromia Regional State, Ethiopia",9°06'N,37°09'E,1590 m,Clay loam,,,Onion,,,,,33.65 kg/ha/mm,https://doi.org/10.3329/ijarit.v11i1.54471,2025-11-26 14:12:42,8.0,True
7763,,"Bako Woreda, Dambi Dima kebel, West Shewa Zone, Oromia Regional State, Ethiopia",9°06'N,37°09'E,1590 m,Clay loam,,,Onion,,,,,36.41 kg/ha/mm,https://doi.org/10.3329/ijarit.v11i1.54471,2025-11-26 14:12:42,8.0,True
7764,Regulated Deficit Irrigation (80% of ETc),"Deir Al-Hajar Agricultural Experiment Station, Damascus, Syria",33°20'N,36°26'E,600 m,clay loam,,2016,Onion (Allium cepa L.),2 plants·pot-1,,16.2 Mg·ha-1,,2.88 kg·m-3,https://doi.org/10.1016/j.agwat.2004.08.002,2025-11-26 14:13:29,9.0,True
7765,Regulated Deficit Irrigation (60% of ETc),"Deir Al-Hajar Agricultural Experiment Station, Damascus, Syria",33°20'N,36°26'E,600 m,clay loam,,2016,Onion (Allium cepa L.),2 plants·pot-1,,9.8 Mg·ha-1,,1.14 kg·m-3,https://doi.org/10.1016/j.agwat.2004.08.002,2025-11-26 14:13:29,9.0,True
7766,Full Irrigation (100% of ETc),"Deir Al-Hajar Agricultural Experiment Station, Damascus, Syria",33°20'N,36°26'E,600 m,clay loam,,2016,Onion (Allium cepa L.),2 plants·pot-1,,23.7 Mg·ha-1,,1.90 kg·m-3,https://doi.org/10.1016/j.agwat.2004.08.002,2025-11-26 14:13:29,9.0,True
7767,Regulated Deficit Irrigation (80% of ETc),"Deir Al-Hajar Agricultural Experiment Station, Damascus, Syria",33°20'N,36°26'E,600 m,clay loam,,2017,Onion (Allium cepa L.),2 plants·pot-1,,16.2 Mg·ha-1,,2.88 kg·m-3,https://doi.org/10.1016/j.agwat.2004.08.002,2025-11-26 14:13:29,9.0,True
7768,Regulated Deficit Irrigation (60% of ETc),"Deir Al-Hajar Agricultural Experiment Station, Damascus, Syria",33°20'N,36°26'E,600 m,clay loam,,2017,Onion (Allium cepa L.),2 plants·pot-1,,9.8 Mg·ha-1,,1.14 kg·m-3,https://doi.org/10.1016/j.agwat.2004.08.002,2025-11-26 14:13:29,9.0,True
7769,Full Irrigation (100% of ETc),"Deir Al-Hajar Agricultural Experiment Station, Damascus, Syria",33°20'N,36°26'E,600 m,clay loam,,2017,Onion (Allium cepa L.),2 plants·pot-1,,23.7 Mg·ha-1,,1.90 kg·m-3,https://doi.org/10.1016/j.agwat.2004.08.002,2025-11-26 14:13:29,9.0,True
7775,Overhead irrigation,"Columbia Basin, Washington State",,,,Quincy loamy fine sand,,2020-04-02,Allium cepa,"519,000 seeds ha-1",,59.7 ± 3.6 t ha-1,,,https://doi.org/10.1017/S0014479714000234,2025-11-26 14:21:31,9.0,True
7776,Overhead irrigation,"Columbia Basin, Washington State",,,,Shano silt loam,,2021-04-08,Allium cepa,"519,000 seeds ha-1",,61.6 ± 3.0 t ha-1,,,https://doi.org/10.1017/S0014479714000234,2025-11-26 14:21:31,9.0,True
7777,,"Columbia Basin, Washington State",,,,,,2020-09-04,Allium cepa,,,,,,https://doi.org/10.1017/S0014479714000234,2025-11-26 14:21:31,9.0,True
7778,,"Columbia Basin, Washington State",,,,,,2021-09-02,Allium cepa,,,,,,https://doi.org/10.1017/S0014479714000234,2025-11-26 14:21:31,9.0,True
7779,,"Columbia Basin, Washington State",,,,,,2020-09-25,Allium cepa,,,,,,https://doi.org/10.1017/S0014479714000234,2025-11-26 14:21:31,9.0,True
7780,,"Columbia Basin, Washington State",,,,,,2021-09-22,Allium cepa,,,,,,https://doi.org/10.1017/S0014479714000234,2025-11-26 14:21:31,9.0,True
7781,,"Columbia Basin, Washington State",,,,,,2020-08-14,Allium cepa,,,,,,https://doi.org/10.1017/S0014479714000234,2025-11-26 14:21:31,9.0,True
7782,,"Columbia Basin, Washington State",,,,,,2021-08-07,Allium cepa,,,,,,https://doi.org/10.1017/S0014479714000234,2025-11-26 14:21:31,9.0,True
7783,,"Columbia Basin, Washington State",,,,,,2020-08-21,Allium cepa,,,,,,https://doi.org/10.1017/S0014479714000234,2025-11-26 14:21:31,9.0,True
7784,,"Columbia Basin, Washington State",,,,,,2021-08-21,Allium cepa,,,,,,https://doi.org/10.1017/S0014479714000234,2025-11-26 14:21:31,9.0,True
7817,Full Irrigation,"La Hampa, Coria del Río, Seville, Spain",37.283833,-6.065944,,sandy clay loam,0.7 ha,December 2020 - June 2022,Olea europaea (cv. Manzanilla),1666 trees ha-1,,41% more than control,,,https://doi.org/10.1007/978-981-13-5904-0_8,2025-11-26 14:31:33,8.0,True
7818,Deficit Irrigation,"La Hampa, Coria del Río, Seville, Spain",37.283833,-6.065944,,sandy clay loam,0.7 ha,December 2020 - June 2022,Olea europaea (cv. Manzanilla),1666 trees ha-1,,30% more than control,,,https://doi.org/10.1007/978-981-13-5904-0_8,2025-11-26 14:31:33,8.0,True
7819,,"La Hampa, Coria del Río, Seville, Spain",37.283833,-6.065944,,sandy clay loam,1.2 ha,December 2020 - June 2022,Olea europaea (cv. Manzanilla),285 trees ha-1,,3% yield improvement with AC,,,https://doi.org/10.1007/978-981-13-5904-0_8,2025-11-26 14:31:33,8.0,True
7864,Regulated Deficit Irrigation (RDI) 100% during Sensitive Period (SP) and 70% during Normal Period (NP),"Saâda, Morocco",31°37′33.6″N,8°08′45.6″W,411 m,clay,156 trees/ha,2021,Olea europaea L. (Menara cultivar),18,,73.9 kg/tree,,87% of T0,https://doi.org/10.1016/j.agwat.2010.06.020,2025-11-26 14:57:07,9.0,True
7865,Regulated Deficit Irrigation (RDI) 100% during Sensitive Period (SP) and 60% during Normal Period (NP),"Saâda, Morocco",31°37′33.6″N,8°08′45.6″W,411 m,clay,156 trees/ha,2021,Olea europaea L. (Menara cultivar),18,,70.4 kg/tree,,78% of T0,https://doi.org/10.1016/j.agwat.2010.06.020,2025-11-26 14:57:07,9.0,True
7866,Regulated Deficit Irrigation (RDI) 80% during Sensitive Period (SP) and 70% during Normal Period (NP),"Saâda, Morocco",31°37′33.6″N,8°08′45.6″W,411 m,clay,156 trees/ha,2021,Olea europaea L. (Menara cultivar),18,,82.1 kg/tree,,90% of T0,https://doi.org/10.1016/j.agwat.2010.06.020,2025-11-26 14:57:07,9.0,True
7867,Regulated Deficit Irrigation (RDI) 80% during Sensitive Period (SP) and 60% during Normal Period (NP),"Saâda, Morocco",31°37′33.6″N,8°08′45.6″W,411 m,clay,156 trees/ha,2021,Olea europaea L. (Menara cultivar),18,,69.2 kg/tree,,76% of T0,https://doi.org/10.1016/j.agwat.2010.06.020,2025-11-26 14:57:07,9.0,True
7868,Sustained Deficit Irrigation (SDI) 70% of ETc throughout the season,"Saâda, Morocco",31°37′33.6″N,8°08′45.6″W,411 m,clay,156 trees/ha,2021,Olea europaea L. (Menara cultivar),18,,80.0 kg/tree,,88% of T0,https://doi.org/10.1016/j.agwat.2010.06.020,2025-11-26 14:57:07,9.0,True
7869,Sustained Deficit Irrigation (SDI) 60% of ETc throughout the season,"Saâda, Morocco",31°37′33.6″N,8°08′45.6″W,411 m,clay,156 trees/ha,2021,Olea europaea L. (Menara cultivar),18,,68.3 kg/tree,,75% of T0,https://doi.org/10.1016/j.agwat.2010.06.020,2025-11-26 14:57:07,9.0,True
7870,Regulated Deficit Irrigation (RDI) 100% during Sensitive Period (SP) and 70% during Normal Period (NP),"Saâda, Morocco",31°37′33.6″N,8°08′45.6″W,411 m,clay,156 trees/ha,2022,Olea europaea L. (Menara cultivar),18,,123.3 kg/tree,,108% of T0,https://doi.org/10.1016/j.agwat.2010.06.020,2025-11-26 14:57:07,9.0,True
7871,Regulated Deficit Irrigation (RDI) 100% during Sensitive Period (SP) and 60% during Normal Period (NP),"Saâda, Morocco",31°37′33.6″N,8°08′45.6″W,411 m,clay,156 trees/ha,2022,Olea europaea L. (Menara cultivar),18,,112.5 kg/tree,,98% of T0,https://doi.org/10.1016/j.agwat.2010.06.020,2025-11-26 14:57:07,9.0,True
7872,Regulated Deficit Irrigation (RDI) 80% during Sensitive Period (SP) and 70% during Normal Period (NP),"Saâda, Morocco",31°37′33.6″N,8°08′45.6″W,411 m,clay,156 trees/ha,2022,Olea europaea L. (Menara cultivar),18,,99.6 kg/tree,,87% of T0,https://doi.org/10.1016/j.agwat.2010.06.020,2025-11-26 14:57:07,9.0,True
7873,Regulated Deficit Irrigation (RDI) 80% during Sensitive Period (SP) and 60% during Normal Period (NP),"Saâda, Morocco",31°37′33.6″N,8°08′45.6″W,411 m,clay,156 trees/ha,2022,Olea europaea L. (Menara cultivar),18,,88.3 kg/tree,,77% of T0,https://doi.org/10.1016/j.agwat.2010.06.020,2025-11-26 14:57:07,9.0,True
7874,Sustained Deficit Irrigation (SDI) 70% of ETc throughout the season,"Saâda, Morocco",31°37′33.6″N,8°08′45.6″W,411 m,clay,156 trees/ha,2022,Olea europaea L. (Menara cultivar),18,,53.5 kg/tree,,47% of T0,https://doi.org/10.1016/j.agwat.2010.06.020,2025-11-26 14:57:07,9.0,True
7875,Sustained Deficit Irrigation (SDI) 60% of ETc throughout the season,"Saâda, Morocco",31°37′33.6″N,8°08′45.6″W,411 m,clay,156 trees/ha,2022,Olea europaea L. (Menara cultivar),18,,55.8 kg/tree,,49% of T0,https://doi.org/10.1016/j.agwat.2010.06.020,2025-11-26 14:57:07,9.0,True
7876,Drip Irrigation,"Nashik district, India",20°04’19” N,73°54’05” E,585 m,,,April 2014 - March 2017,Vitis vinifera,10,,"5.9 kg/plant (2015), 6.5 kg/plant (2016), 6.2 kg/plant (2017)",,"9.6 kg/m³ (2015), 10.1 kg/m³ (2016), 10.0 kg/m³ (2017)",https://doi.org/10.1016/j.agwat.2013.03.007,2025-11-26 14:59:01,9.0,True
7877,Drip Irrigation with Plastic Mulching,"Nashik district, India",20°04’19” N,73°54’05” E,585 m,,,April 2014 - March 2017,Vitis vinifera,10,,"9.5 kg/plant (2015), 10.4 kg/plant (2016), 10.0 kg/plant (2017)",,"15.4 kg/m³ (2015), 16.8 kg/m³ (2016), 16.0 kg/m³ (2017)",https://doi.org/10.1016/j.agwat.2013.03.007,2025-11-26 14:59:01,9.0,True
7878,Drip Irrigation with Organic Mulching,"Nashik district, India",20°04’19” N,73°54’05” E,585 m,,,April 2014 - March 2017,Vitis vinifera,10,,"6.4 kg/plant (2015), 7.0 kg/plant (2016), 6.7 kg/plant (2017)",,"10.3 kg/m³ (2015), 11.3 kg/m³ (2016), 10.8 kg/m³ (2017)",https://doi.org/10.1016/j.agwat.2013.03.007,2025-11-26 14:59:01,9.0,True
7879,Subsurface Irrigation with Stone Column,"Nashik district, India",20°04’19” N,73°54’05” E,585 m,,,April 2014 - March 2017,Vitis vinifera,10,,"4.7 kg/plant (2015), 5.6 kg/plant (2016), 5.2 kg/plant (2017)",,"7.6 kg/m³ (2015), 9.0 kg/m³ (2016), 8.3 kg/m³ (2017)",https://doi.org/10.1016/j.agwat.2013.03.007,2025-11-26 14:59:01,9.0,True
7880,Subsurface Irrigation with Mud Pot,"Nashik district, India",20°04’19” N,73°54’05” E,585 m,,,April 2014 - March 2017,Vitis vinifera,10,,"5.3 kg/plant (2015), 5.2 kg/plant (2016), 5.3 kg/plant (2017)",,"8.6 kg/m³ (2015), 8.5 kg/m³ (2016), 8.5 kg/m³ (2017)",https://doi.org/10.1016/j.agwat.2013.03.007,2025-11-26 14:59:01,9.0,True
7881,Subsurface Irrigation with Plastic Bottles,"Nashik district, India",20°04’19” N,73°54’05” E,585 m,,,April 2014 - March 2017,Vitis vinifera,10,,"9.0 kg/plant (2015), 9.2 kg/plant (2016), 9.2 kg/plant (2017)",,"13.9 kg/m³ (2015), 15.4 kg/m³ (2016), 14.8 kg/m³ (2017)",https://doi.org/10.1016/j.agwat.2013.03.007,2025-11-26 14:59:01,9.0,True
7884,-50 to -35 kPa,"Yangzhou, Jiangsu Province, China",32°68′82″N,119°59′10″E,,silt loam,,2016,Tomato,,,64.3 tons ha-1,,31.6 kg m-3,https://doi.org/10.1016/j.scienta.2015.06.028,2025-11-26 15:02:55,9.0,True
7885,-35 to -20 kPa,"Yangzhou, Jiangsu Province, China",32°68′82″N,119°59′10″E,,silt loam,,2016,Tomato,,,97.8 tons ha-1,,57.3 kg m-3,https://doi.org/10.1016/j.scienta.2015.06.028,2025-11-26 15:02:55,9.0,True
7886,-20 to -5 kPa,"Yangzhou, Jiangsu Province, China",32°68′82″N,119°59′10″E,,silt loam,,2016,Tomato,,,80.2 tons ha-1,,43.2 kg m-3,https://doi.org/10.1016/j.scienta.2015.06.028,2025-11-26 15:02:55,9.0,True
7887,-50 to -5 kPa,"Yangzhou, Jiangsu Province, China",32°68′82″N,119°59′10″E,,silt loam,,2016,Tomato,,,88.7 tons ha-1,,51.3 kg m-3,https://doi.org/10.1016/j.scienta.2015.06.028,2025-11-26 15:02:55,9.0,True
7888,-50 to -35 kPa,"Yangzhou, Jiangsu Province, China",32°68′82″N,119°59′10″E,,silt loam,,2017,Tomato,,,67.3 tons ha-1,,32.5 kg m-3,https://doi.org/10.1016/j.scienta.2015.06.028,2025-11-26 15:02:55,9.0,True
7889,-35 to -20 kPa,"Yangzhou, Jiangsu Province, China",32°68′82″N,119°59′10″E,,silt loam,,2017,Tomato,,,89.3 tons ha-1,,42.4 kg m-3,https://doi.org/10.1016/j.scienta.2015.06.028,2025-11-26 15:02:55,9.0,True
7890,-20 to -5 kPa,"Yangzhou, Jiangsu Province, China",32°68′82″N,119°59′10″E,,silt loam,,2017,Tomato,,,96.3 tons ha-1,,36.7 kg m-3,https://doi.org/10.1016/j.scienta.2015.06.028,2025-11-26 15:02:55,9.0,True
7891,-50 to -5 kPa,"Yangzhou, Jiangsu Province, China",32°68′82″N,119°59′10″E,,silt loam,,2017,Tomato,,,111.4 tons ha-1,,24.7 kg m-3,https://doi.org/10.1016/j.scienta.2015.06.028,2025-11-26 15:02:55,9.0,True
7892,Full irrigation by the farmer (100% ETc),"Menzel-Mhiri-Kairouan, Tunisia",35.7333° N,9.8106° E,240 m,,,2018-2019,Olea europaea L. (Chemlali),25,,,,,https://doi.org/10.3989/gya.070512,2025-11-26 15:04:39,9.0,True
7893,Deficit irrigation (60% ETc),"Menzel-Mhiri-Kairouan, Tunisia",35.7333° N,9.8106° E,240 m,,,2018-2019,Olea europaea L. (Chemlali),25,,,,,https://doi.org/10.3989/gya.070512,2025-11-26 15:04:39,9.0,True
7894,Deficit irrigation (50% ETc),"Menzel-Mhiri-Kairouan, Tunisia",35.7333° N,9.8106° E,240 m,,,2018-2019,Olea europaea L. (Chemlali),25,,,,,https://doi.org/10.3989/gya.070512,2025-11-26 15:04:39,9.0,True
7895,Deficit irrigation (40% ETc),"Menzel-Mhiri-Kairouan, Tunisia",35.7333° N,9.8106° E,240 m,,,2018-2019,Olea europaea L. (Chemlali),25,,,,,https://doi.org/10.3989/gya.070512,2025-11-26 15:04:39,9.0,True
7896,Full irrigation by the farmer (100% ETc),"Menzel-Mhiri-Kairouan, Tunisia",35.7333° N,9.8106° E,240 m,,,2018-2019,Olea europaea L. (Koroneiki),25,,,,,https://doi.org/10.3989/gya.070512,2025-11-26 15:04:39,9.0,True
7897,Deficit irrigation (60% ETc),"Menzel-Mhiri-Kairouan, Tunisia",35.7333° N,9.8106° E,240 m,,,2018-2019,Olea europaea L. (Koroneiki),25,,,,,https://doi.org/10.3989/gya.070512,2025-11-26 15:04:39,9.0,True
7898,Deficit irrigation (50% ETc),"Menzel-Mhiri-Kairouan, Tunisia",35.7333° N,9.8106° E,240 m,,,2018-2019,Olea europaea L. (Koroneiki),25,,,,,https://doi.org/10.3989/gya.070512,2025-11-26 15:04:39,9.0,True
7899,Deficit irrigation (40% ETc),"Menzel-Mhiri-Kairouan, Tunisia",35.7333° N,9.8106° E,240 m,,,2018-2019,Olea europaea L. (Koroneiki),25,,,,,https://doi.org/10.3989/gya.070512,2025-11-26 15:04:39,9.0,True
7936,Regulated Deficit Irrigation (60RDI),"Hedgerow olive orchard near Seville, Spain",37° 15′ N,−5° 48′ W,,,,2010-2012,Olea europaea L. cv. Arbequina,1667 trees ha−1,,,,,https://doi.org/10.1016/j.agwat.2019.04.006,2025-11-26 15:18:13,8.0,True
7937,Regulated Deficit Irrigation (30RDI),"Hedgerow olive orchard near Seville, Spain",37° 15′ N,−5° 48′ W,,,,2010-2012,Olea europaea L. cv. Arbequina,1667 trees ha−1,,,,,https://doi.org/10.1016/j.agwat.2019.04.006,2025-11-26 15:18:13,8.0,True
7938,Control (100% irrigation needs),"Hedgerow olive orchard near Seville, Spain",37° 15′ N,−5° 48′ W,,,,2010-2012,Olea europaea L. cv. Arbequina,1667 trees ha−1,,,,,https://doi.org/10.1016/j.agwat.2019.04.006,2025-11-26 15:18:13,8.0,True
7939,Regulated Deficit Irrigation (RDI 2),"La Hampa, Coria del Río, Seville, Spain",37.2833,-6.0500,30 m,sandy loams,,2014-09-15,Olea europaea L cv Manzanilla,,,14.7±1.6 t ha-1,,5.1±0.3 kg m-3,https://doi.org/10.3390/agronomy10020258,2025-11-26 15:19:48,8.0,True
7940,Regulated Deficit Irrigation (RDI 1),"La Hampa, Coria del Río, Seville, Spain",37.2833,-6.0500,30 m,sandy loams,,2014-09-15,Olea europaea L cv Manzanilla,,,12.2±2.4 t ha-1,,5.0±1.0 kg m-3,https://doi.org/10.3390/agronomy10020258,2025-11-26 15:19:48,8.0,True
7941,Full Irrigation,"La Hampa, Coria del Río, Seville, Spain",37.2833,-6.0500,30 m,sandy loams,,2014-09-15,Olea europaea L cv Manzanilla,,,12.0±2.4 t ha-1,,8.3±1.5 kg m-3,https://doi.org/10.3390/agronomy10020258,2025-11-26 15:19:48,8.0,True
7942,Regulated Deficit Irrigation (RDI 2),"La Hampa, Coria del Río, Seville, Spain",37.2833,-6.0500,30 m,sandy loams,,2015-09-03,Olea europaea L cv Manzanilla,,,0.5±0.4 t ha-1,,0.1±0.1 kg m-3,https://doi.org/10.3390/agronomy10020258,2025-11-26 15:19:48,8.0,True
7943,Regulated Deficit Irrigation (RDI 1),"La Hampa, Coria del Río, Seville, Spain",37.2833,-6.0500,30 m,sandy loams,,2015-09-03,Olea europaea L cv Manzanilla,,,0.4±0.1 t ha-1,,0.1±0.1 kg m-3,https://doi.org/10.3390/agronomy10020258,2025-11-26 15:19:48,8.0,True
7944,Full Irrigation,"La Hampa, Coria del Río, Seville, Spain",37.2833,-6.0500,30 m,sandy loams,,2015-09-03,Olea europaea L cv Manzanilla,,,0.2±0.1 t ha-1,,0.1±0.1 kg m-3,https://doi.org/10.3390/agronomy10020258,2025-11-26 15:19:48,8.0,True
7945,Regulated Deficit Irrigation (RDI 2),"La Hampa, Coria del Río, Seville, Spain",37.2833,-6.0500,30 m,sandy loams,,2016-09-27,Olea europaea L cv Manzanilla,,,17.0±2.0 t ha-1,,5.3±0.3 kg m-3,https://doi.org/10.3390/agronomy10020258,2025-11-26 15:19:48,8.0,True
7946,Regulated Deficit Irrigation (RDI 1),"La Hampa, Coria del Río, Seville, Spain",37.2833,-6.0500,30 m,sandy loams,,2016-09-27,Olea europaea L cv Manzanilla,,,16.1±2.3 t ha-1,,5.5±0.7 kg m-3,https://doi.org/10.3390/agronomy10020258,2025-11-26 15:19:48,8.0,True
7947,Full Irrigation,"La Hampa, Coria del Río, Seville, Spain",37.2833,-6.0500,30 m,sandy loams,,2016-09-27,Olea europaea L cv Manzanilla,,,17.6±1.8 t ha-1,,3.9±0.8 kg m-3,https://doi.org/10.3390/agronomy10020258,2025-11-26 15:19:48,8.0,True
8155,Sub-surface drip irrigation,"Maui, Hawaii, USA",,,,"coarse-loamy, alluvial soil",,2011-2013,sugarcane (Sacharum officinarum L.),,,,>4 m,,http://dx.doi.org/10.1007/s00271-003-0084-4,2025-11-26 16:05:55,9.0,True
8156,Furrow irrigation,"San Joaquin Valley, California, USA",36.4582°N,119.5793°W,86 m,"coarse-loamy, alluvial soil",8.3 ha (20 acres),1998-2014,peach (Prunus persica),,,,4.1 m (13.5 ft) to 6 m,,http://dx.doi.org/10.1007/s00271-003-0084-4,2025-11-26 16:05:55,9.0,True
8157,,"Maui, Hawaii, USA",,,,,,2012-2014,peach (Prunus persica),,,,,,http://dx.doi.org/10.1007/s00271-003-0084-4,2025-11-26 16:05:55,9.0,True
8158,,"Maui, Hawaii, USA",,,,,,2012-2014,sugarcane (Sacharum officinarum L.),,,,,,http://dx.doi.org/10.1007/s00271-003-0084-4,2025-11-26 16:05:55,9.0,True
8371,100% of standard crop evapotranspiration (ETc),"Instituto Nacional de Ciencias Agrícolas, La Habana, Cuba",,,,Ferralítico Rojo Lixiviado,1.56 m2,November 2013 to February 2014,Triticum aestivum L. (wheat),30 grams of seeds,,Higher yield compared to T 50,,Slightly lower than T 50,http://dx.doi.org/10.1016/j.jplph.2005.04.026,2025-11-26 16:56:14,8.0,True
8372,50% of standard crop evapotranspiration (ETc),"Instituto Nacional de Ciencias Agrícolas, La Habana, Cuba",,,,Ferralítico Rojo Lixiviado,1.56 m2,November 2013 to February 2014,Triticum aestivum L. (wheat),30 grams of seeds,Lower number of grains and higher number of empty grains,Lower yield compared to T 100,,Slightly higher than T 100,http://dx.doi.org/10.1016/j.jplph.2005.04.026,2025-11-26 16:56:14,8.0,True
8399,Alternate wetting and drying,National Crops Resources Research Institute (NaCRRI) Namulonge,0º 32º N,32º 34º E,1200 m,,,February - July 2013,Rice,88,,2.47,,,https://doi.org/10.9734/AJEA/2015/15631,2025-11-26 17:03:13,8.0,True
8400,Continuous flooding,National Crops Resources Research Institute (NaCRRI) Namulonge,0º 32º N,32º 34º E,1200 m,,,February - July 2013,Rice,88,,2.07,,,https://doi.org/10.9734/AJEA/2015/15631,2025-11-26 17:03:13,8.0,True
8401,Continuous drying,National Crops Resources Research Institute (NaCRRI) Namulonge,0º 32º N,32º 34º E,1200 m,,,February - July 2013,Rice,88,,2.03,,,https://doi.org/10.9734/AJEA/2015/15631,2025-11-26 17:03:13,8.0,True
8402,Alternate wetting and drying,National Crops Resources Research Institute (NaCRRI) Namulonge,0º 32º N,32º 34º E,1200 m,,,February - July 2013,Rice,88,,2.08,,,https://doi.org/10.9734/AJEA/2015/15631,2025-11-26 17:03:13,8.0,True
8403,Continuous flooding,National Crops Resources Research Institute (NaCRRI) Namulonge,0º 32º N,32º 34º E,1200 m,,,February - July 2013,Rice,88,,1.31,,,https://doi.org/10.9734/AJEA/2015/15631,2025-11-26 17:03:13,8.0,True
8404,Continuous drying,National Crops Resources Research Institute (NaCRRI) Namulonge,0º 32º N,32º 34º E,1200 m,,,February - July 2013,Rice,88,,0.54,,,https://doi.org/10.9734/AJEA/2015/15631,2025-11-26 17:03:13,8.0,True
8405,Alternate wetting and drying,Kyambogo University,0º 20º N,32º 35º E,1189 m,,,February - July 2013,Rice,10,,1.86,0.9 m,,https://doi.org/10.9734/AJEA/2015/15631,2025-11-26 17:03:13,8.0,True
8406,Continuous flooding,Kyambogo University,0º 20º N,32º 35º E,1189 m,,,February - July 2013,Rice,10,,2.31,0.9 m,,https://doi.org/10.9734/AJEA/2015/15631,2025-11-26 17:03:13,8.0,True
8407,Continuous drying,Kyambogo University,0º 20º N,32º 35º E,1189 m,,,February - July 2013,Rice,10,,1.33,0.9 m,,https://doi.org/10.9734/AJEA/2015/15631,2025-11-26 17:03:13,8.0,True
8413,Conventional Furrow,"Koka, Ethiopia",8°26’ N,39°02’ E,1602 m.a.s.l.,clay,,2014/15,Zea mays L.,,,6.29 t/ha,155.7 cm,1.15 kg/m3,https://doi.org/10.4172/2168-9768.1000207,2025-11-26 17:06:40,9.0,True
8414,Alternate Furrow,"Koka, Ethiopia",8°26’ N,39°02’ E,1602 m.a.s.l.,clay,,2014/15,Zea mays L.,,,4.64 t/ha,125.6 cm,1.69 kg/m3,https://doi.org/10.4172/2168-9768.1000207,2025-11-26 17:06:40,9.0,True
8415,Fixed Furrow,"Koka, Ethiopia",8°26’ N,39°02’ E,1602 m.a.s.l.,clay,,2014/15,Zea mays L.,,,4.20 t/ha,121.9 cm,1.53 kg/m3,https://doi.org/10.4172/2168-9768.1000207,2025-11-26 17:06:40,9.0,True
8416,Conventional Furrow,"Koka, Ethiopia",8°26’ N,39°02’ E,1602 m.a.s.l.,clay,,2016/17,Zea mays L.,,,6.29 t/ha,155.7 cm,1.15 kg/m3,https://doi.org/10.4172/2168-9768.1000207,2025-11-26 17:06:40,9.0,True
8417,Alternate Furrow,"Koka, Ethiopia",8°26’ N,39°02’ E,1602 m.a.s.l.,clay,,2016/17,Zea mays L.,,,4.64 t/ha,125.6 cm,1.69 kg/m3,https://doi.org/10.4172/2168-9768.1000207,2025-11-26 17:06:40,9.0,True
8418,Fixed Furrow,"Koka, Ethiopia",8°26’ N,39°02’ E,1602 m.a.s.l.,clay,,2016/17,Zea mays L.,,,4.20 t/ha,121.9 cm,1.53 kg/m3,https://doi.org/10.4172/2168-9768.1000207,2025-11-26 17:06:40,9.0,True
8419,Conventional Furrow,"Koka, Ethiopia",8°26’ N,39°02’ E,1602 m.a.s.l.,clay,,,Zea mays L.,,,28.28 t/ha,,,https://doi.org/10.4172/2168-9768.1000207,2025-11-26 17:06:40,9.0,True
8420,Alternate Furrow,"Koka, Ethiopia",8°26’ N,39°02’ E,1602 m.a.s.l.,clay,,,Zea mays L.,,,20.43 t/ha,,,https://doi.org/10.4172/2168-9768.1000207,2025-11-26 17:06:40,9.0,True
8421,Fixed Furrow,"Koka, Ethiopia",8°26’ N,39°02’ E,1602 m.a.s.l.,clay,,,Zea mays L.,,,19.29 t/ha,,,https://doi.org/10.4172/2168-9768.1000207,2025-11-26 17:06:40,9.0,True
8422,Conventional Furrow,"Koka, Ethiopia",8°26’ N,39°02’ E,1602 m.a.s.l.,clay,,,Zea mays L.,,,347.1 g,,,https://doi.org/10.4172/2168-9768.1000207,2025-11-26 17:06:40,9.0,True
8423,Alternate Furrow,"Koka, Ethiopia",8°26’ N,39°02’ E,1602 m.a.s.l.,clay,,,Zea mays L.,,,341.0 g,,,https://doi.org/10.4172/2168-9768.1000207,2025-11-26 17:06:40,9.0,True
8424,Fixed Furrow,"Koka, Ethiopia",8°26’ N,39°02’ E,1602 m.a.s.l.,clay,,,Zea mays L.,,,304.3 g,,,https://doi.org/10.4172/2168-9768.1000207,2025-11-26 17:06:40,9.0,True
8435,Sustained-deficit irrigation,"Corcino Frutas farm, Perímetro Irrigado Senador Nilo Coelho, Núcleo 5, Petrolina – PE, Brazil",-9.3906,-40.5017,,,,October to December 2014,Malus domestica,10,,,,,https://doi.org/10.14295/cs.v8i1.1761,2025-11-26 17:10:13,8.0,True
8436,Sustained-deficit irrigation,"Corcino Frutas farm, Perímetro Irrigado Senador Nilo Coelho, Núcleo 5, Petrolina – PE, Brazil",-9.3906,-40.5017,,,,October to December 2014,Malus domestica,10,,,,,https://doi.org/10.14295/cs.v8i1.1761,2025-11-26 17:10:13,8.0,True
8437,Sustained-deficit irrigation,"Corcino Frutas farm, Perímetro Irrigado Senador Nilo Coelho, Núcleo 5, Petrolina – PE, Brazil",-9.3906,-40.5017,,,,October to December 2014,Malus domestica,10,,,,,https://doi.org/10.14295/cs.v8i1.1761,2025-11-26 17:10:13,8.0,True
8438,Sustained-deficit irrigation,"Corcino Frutas farm, Perímetro Irrigado Senador Nilo Coelho, Núcleo 5, Petrolina – PE, Brazil",-9.3906,-40.5017,,,,October to December 2014,Malus domestica,10,,,,,https://doi.org/10.14295/cs.v8i1.1761,2025-11-26 17:10:13,8.0,True
8442,Irrigation water depths (60% ETo),"Sub-Mid São Francisco River Valley, Petrolina, Pernambuco, Brazil",-9.3906,-40.5017,,,,2014-02 to 2015-03,Malus domestica,,"SS: 13.8%, TA: NA, SS/TA: NA, PF: NA, FW: NA",,,,https://doi.org/10.1590/1983-21252017v30n324rc,2025-11-26 17:12:09,9.0,True
8443,Irrigation water depths (80% ETo),"Sub-Mid São Francisco River Valley, Petrolina, Pernambuco, Brazil",-9.3906,-40.5017,,,,2014-02 to 2015-03,Malus domestica,,"SS: NA, TA: NA, SS/TA: NA, PF: NA, FW: NA",,,,https://doi.org/10.1590/1983-21252017v30n324rc,2025-11-26 17:12:09,9.0,True
8444,Irrigation water depths (100% ETo),"Sub-Mid São Francisco River Valley, Petrolina, Pernambuco, Brazil",-9.3906,-40.5017,,,,2014-02 to 2015-03,Malus domestica,,"SS: NA, TA: NA, SS/TA: NA, PF: NA, FW: NA",,,,https://doi.org/10.1590/1983-21252017v30n324rc,2025-11-26 17:12:09,9.0,True
8445,Irrigation water depths (120% ETo),"Sub-Mid São Francisco River Valley, Petrolina, Pernambuco, Brazil",-9.3906,-40.5017,,,,2014-02 to 2015-03,Malus domestica,,"SS: 12.9%, TA: NA, SS/TA: NA, PF: NA, FW: NA",,,,https://doi.org/10.1590/1983-21252017v30n324rc,2025-11-26 17:12:09,9.0,True
8446,,"Sub-Mid São Francisco River Valley, Petrolina, Pernambuco, Brazil",-9.3906,-40.5017,,,,2014-02 to 2015-03,Malus domestica,,"SS: 14.2% (Princesa), 13.8% (Julieta), TA: NA, SS/TA: NA, PF: NA, FW: NA",,,,https://doi.org/10.1590/1983-21252017v30n324rc,2025-11-26 17:12:09,9.0,True
8450,60% of ETc,"Fazenda Special Fruit, Petrolina (PE), Brazil",09º 08’ S,40º 18’ W,370m,Argissolo amarelo,,October 2016,Mangifera indica L. (Kent),4 per experimental plot,,31.02 t ha-1,,4.62 kg.m-3,https://doi.org/10.17765/2176-9168.2021v14n2e7832,2025-11-26 17:14:28,9.0,True
8451,80% of ETc,"Fazenda Special Fruit, Petrolina (PE), Brazil",09º 08’ S,40º 18’ W,370m,Argissolo amarelo,,October 2016,Mangifera indica L. (Kent),4 per experimental plot,,36.39 t ha-1,,5.57 kg.m-3,https://doi.org/10.17765/2176-9168.2021v14n2e7832,2025-11-26 17:14:28,9.0,True
8452,100% of ETc,"Fazenda Special Fruit, Petrolina (PE), Brazil",09º 08’ S,40º 18’ W,370m,Argissolo amarelo,,October 2016,Mangifera indica L. (Kent),4 per experimental plot,,,,,https://doi.org/10.17765/2176-9168.2021v14n2e7832,2025-11-26 17:14:28,9.0,True
8453,120% of ETc,"Fazenda Special Fruit, Petrolina (PE), Brazil",09º 08’ S,40º 18’ W,370m,Argissolo amarelo,,October 2016,Mangifera indica L. (Kent),4 per experimental plot,,,,,https://doi.org/10.17765/2176-9168.2021v14n2e7832,2025-11-26 17:14:28,9.0,True
8454,,"Fazenda Special Fruit, Petrolina (PE), Brazil",09º 08’ S,40º 18’ W,370m,Argissolo amarelo,,October 2017,Mangifera indica L. (Kent),4 per experimental plot,,36.4 t ha-1,,,https://doi.org/10.17765/2176-9168.2021v14n2e7832,2025-11-26 17:14:28,9.0,True
8455,,"Fazenda Special Fruit, Petrolina (PE), Brazil",09º 08’ S,40º 18’ W,370m,Argissolo amarelo,,October 2018,Mangifera indica L. (Kent),4 per experimental plot,,31 t ha-1,,,https://doi.org/10.17765/2176-9168.2021v14n2e7832,2025-11-26 17:14:28,9.0,True
8472,100% crop evapotranspiration (ETc) replacement,"Quaker Research Farm, Texas Tech University, Lubbock, TX, United States",33.605,-101.877,992 m,sandy clay loam,,2019-05-05,sweet corn (Zea mays L. var. rugosa),4.1 plants/m²,,12648 kg/ha,138.0 cm,27.8 mm/1,https://doi.org/10.3389/fpls.2022.853746,2025-11-26 17:25:38,8.0,True
8473,70% crop evapotranspiration (ETc) replacement,"Quaker Research Farm, Texas Tech University, Lubbock, TX, United States",33.605,-101.877,992 m,sandy clay loam,,2019-05-05,sweet corn (Zea mays L. var. rugosa),4.1 plants/m²,,13726 kg/ha,139.0 cm,35.0 mm/1,https://doi.org/10.3389/fpls.2022.853746,2025-11-26 17:25:38,8.0,True
8474,40% crop evapotranspiration (ETc) replacement,"Quaker Research Farm, Texas Tech University, Lubbock, TX, United States",33.605,-101.877,992 m,sandy clay loam,,2019-05-05,sweet corn (Zea mays L. var. rugosa),4.1 plants/m²,,10527 kg/ha,130.8 cm,37.6 mm/1,https://doi.org/10.3389/fpls.2022.853746,2025-11-26 17:25:38,8.0,True
8475,100% crop evapotranspiration (ETc) replacement,"Quaker Research Farm, Texas Tech University, Lubbock, TX, United States",33.605,-101.877,992 m,sandy clay loam,,2020-05-15,sweet corn (Zea mays L. var. rugosa),3.3 plants/m²,,7707 kg/ha,143.4 cm,15.0 mm/1,https://doi.org/10.3389/fpls.2022.853746,2025-11-26 17:25:38,8.0,True
8476,70% crop evapotranspiration (ETc) replacement,"Quaker Research Farm, Texas Tech University, Lubbock, TX, United States",33.605,-101.877,992 m,sandy clay loam,,2020-05-15,sweet corn (Zea mays L. var. rugosa),3.3 plants/m²,,7495 kg/ha,138.3 cm,17.7 mm/1,https://doi.org/10.3389/fpls.2022.853746,2025-11-26 17:25:38,8.0,True
8477,40% crop evapotranspiration (ETc) replacement,"Quaker Research Farm, Texas Tech University, Lubbock, TX, United States",33.605,-101.877,992 m,sandy clay loam,,2020-05-15,sweet corn (Zea mays L. var. rugosa),3.3 plants/m²,,4320 kg/ha,127.1 cm,14.0 mm/1,https://doi.org/10.3389/fpls.2022.853746,2025-11-26 17:25:38,8.0,True
8490,Full Irrigation (FI),Greenhouse,,,,,,Autumn 2020-2021,Cucumber (Cucumis sativus),,"Fruit weight, length, volume, total number of fruits",2.85 to 4.06 ton/da,,11.2 to 15.9 kg da-1 mm-1,https://doi.org/10.1016/j.stress.2021.100004,2025-11-26 17:32:33,9.0,True
8491,50% Deficit Irrigation (WS),Greenhouse,,,,,,Autumn 2020-2021,Cucumber (Cucumis sativus),,"Fruit weight, length, volume, total number of fruits",2.16 to 2.85 ton/da,,16.9 to 22.3 kg da-1 mm-1,https://doi.org/10.1016/j.stress.2021.100004,2025-11-26 17:32:33,9.0,True
8492,,Greenhouse,,,,,,Autumn 2020-2021,Cucumber (Cucumis sativus),,,,,,https://doi.org/10.1016/j.stress.2021.100004,2025-11-26 17:32:33,9.0,True
8514,Deficit Irrigation,Texas High Plains,,,,clay,,2019,cotton,,,,,,https://doi.org/10.2134/agronj2019.01.0018,2025-11-26 17:39:41,9.0,True
8515,Deficit Irrigation,Texas High Plains,,,,silty clay,,2019,cotton,,,,,,https://doi.org/10.2134/agronj2019.01.0018,2025-11-26 17:39:41,9.0,True
8516,,Texas High Plains,,,,,,,cotton,,,,,,https://doi.org/10.2134/agronj2019.01.0018,2025-11-26 17:39:41,9.0,True
8551,100% field capacity,"Kiboko, Makindu Sub-County, Kenya",02° 127 S,37° 437 E,975 m,sandy loams,,2018,Zea mays,44444 plants ha-1,,10.9 t ha-1,308.1 cm,19.7 kg ha-1 mm-1,https://doi.org/10.1016/S1002-0160(15)30071-0,2025-11-26 17:48:45,9.0,True
8552,75% field capacity,"Kiboko, Makindu Sub-County, Kenya",02° 127 S,37° 437 E,975 m,sandy loams,,2018,Zea mays,44444 plants ha-1,,10.4 t ha-1,297 cm,19.6 kg ha-1 mm-1,https://doi.org/10.1016/S1002-0160(15)30071-0,2025-11-26 17:48:45,9.0,True
8553,50% field capacity,"Kiboko, Makindu Sub-County, Kenya",02° 127 S,37° 437 E,975 m,sandy loams,,2018,Zea mays,44444 plants ha-1,,9.8 t ha-1,295 cm,19.8 kg ha-1 mm-1,https://doi.org/10.1016/S1002-0160(15)30071-0,2025-11-26 17:48:45,9.0,True
8554,25% field capacity,"Kiboko, Makindu Sub-County, Kenya",02° 127 S,37° 437 E,975 m,sandy loams,,2018,Zea mays,44444 plants ha-1,,9.0 t ha-1,292 cm,20.6 kg ha-1 mm-1,https://doi.org/10.1016/S1002-0160(15)30071-0,2025-11-26 17:48:45,9.0,True
8555,rain-fed,"Kiboko, Makindu Sub-County, Kenya",02° 127 S,37° 437 E,975 m,sandy loams,,2018,Zea mays,44444 plants ha-1,,8.4 t ha-1,263 cm,22.0 kg ha-1 mm-1,https://doi.org/10.1016/S1002-0160(15)30071-0,2025-11-26 17:48:45,9.0,True
8556,100% field capacity,"Kiboko, Makindu Sub-County, Kenya",02° 127 S,37° 437 E,975 m,sandy loams,,2019,Zea mays,44444 plants ha-1,,10.2 t ha-1,306 cm,23.0 kg ha-1 mm-1,https://doi.org/10.1016/S1002-0160(15)30071-0,2025-11-26 17:48:45,9.0,True
8557,75% field capacity,"Kiboko, Makindu Sub-County, Kenya",02° 127 S,37° 437 E,975 m,sandy loams,,2019,Zea mays,44444 plants ha-1,,9.1 t ha-1,262 cm,23.7 kg ha-1 mm-1,https://doi.org/10.1016/S1002-0160(15)30071-0,2025-11-26 17:48:45,9.0,True
8558,50% field capacity,"Kiboko, Makindu Sub-County, Kenya",02° 127 S,37° 437 E,975 m,sandy loams,,2019,Zea mays,44444 plants ha-1,,8.5 t ha-1,225 cm,24.8 kg ha-1 mm-1,https://doi.org/10.1016/S1002-0160(15)30071-0,2025-11-26 17:48:45,9.0,True
8559,25% field capacity,"Kiboko, Makindu Sub-County, Kenya",02° 127 S,37° 437 E,975 m,sandy loams,,2019,Zea mays,44444 plants ha-1,,6.0 t ha-1,197 cm,19.8 kg ha-1 mm-1,https://doi.org/10.1016/S1002-0160(15)30071-0,2025-11-26 17:48:45,9.0,True
8560,rain-fed,"Kiboko, Makindu Sub-County, Kenya",02° 127 S,37° 437 E,975 m,sandy loams,,2019,Zea mays,44444 plants ha-1,,3.0 t ha-1,96 cm,16.6 kg ha-1 mm-1,https://doi.org/10.1016/S1002-0160(15)30071-0,2025-11-26 17:48:45,9.0,True
8562,100% field capacity,"Kiboko, Makindu Sub-County, Kenya",02° 127 S,37° 437 E,975 m,sandy loams,,2018,maize (Zea mays),44444 plants ha-1,,10.9 t ha-1,308.1 cm,19.7 kg ha-1 mm-1,https://doi.org/10.1007/s00271-008-0117-0,2025-11-26 17:51:49,9.0,True
8563,75% field capacity,"Kiboko, Makindu Sub-County, Kenya",02° 127 S,37° 437 E,975 m,sandy loams,,2018,maize (Zea mays),44444 plants ha-1,,10.4 t ha-1,297 cm,19.6 kg ha-1 mm-1,https://doi.org/10.1007/s00271-008-0117-0,2025-11-26 17:51:49,9.0,True
8564,50% field capacity,"Kiboko, Makindu Sub-County, Kenya",02° 127 S,37° 437 E,975 m,sandy loams,,2018,maize (Zea mays),44444 plants ha-1,,9.8 t ha-1,225 cm,19.8 kg ha-1 mm-1,https://doi.org/10.1007/s00271-008-0117-0,2025-11-26 17:51:49,9.0,True
8565,25% field capacity,"Kiboko, Makindu Sub-County, Kenya",02° 127 S,37° 437 E,975 m,sandy loams,,2018,maize (Zea mays),44444 plants ha-1,,9.0 t ha-1,197 cm,20.6 kg ha-1 mm-1,https://doi.org/10.1007/s00271-008-0117-0,2025-11-26 17:51:49,9.0,True
8566,rain-fed,"Kiboko, Makindu Sub-County, Kenya",02° 127 S,37° 437 E,975 m,sandy loams,,2018,maize (Zea mays),44444 plants ha-1,,8.4 t ha-1,96 cm,22.0 kg ha-1 mm-1,https://doi.org/10.1007/s00271-008-0117-0,2025-11-26 17:51:49,9.0,True
8567,100% field capacity,"Kiboko, Makindu Sub-County, Kenya",02° 127 S,37° 437 E,975 m,sandy loams,,2019,maize (Zea mays),44444 plants ha-1,,10.2 t ha-1,306 cm,23.0 kg ha-1 mm-1,https://doi.org/10.1007/s00271-008-0117-0,2025-11-26 17:51:49,9.0,True
8568,75% field capacity,"Kiboko, Makindu Sub-County, Kenya",02° 127 S,37° 437 E,975 m,sandy loams,,2019,maize (Zea mays),44444 plants ha-1,,9.1 t ha-1,262 cm,23.7 kg ha-1 mm-1,https://doi.org/10.1007/s00271-008-0117-0,2025-11-26 17:51:49,9.0,True
8569,50% field capacity,"Kiboko, Makindu Sub-County, Kenya",02° 127 S,37° 437 E,975 m,sandy loams,,2019,maize (Zea mays),44444 plants ha-1,,8.5 t ha-1,225 cm,24.8 kg ha-1 mm-1,https://doi.org/10.1007/s00271-008-0117-0,2025-11-26 17:51:49,9.0,True
8570,25% field capacity,"Kiboko, Makindu Sub-County, Kenya",02° 127 S,37° 437 E,975 m,sandy loams,,2019,maize (Zea mays),44444 plants ha-1,,6.0 t ha-1,197 cm,19.8 kg ha-1 mm-1,https://doi.org/10.1007/s00271-008-0117-0,2025-11-26 17:51:49,9.0,True
8571,rain-fed,"Kiboko, Makindu Sub-County, Kenya",02° 127 S,37° 437 E,975 m,sandy loams,,2019,maize (Zea mays),44444 plants ha-1,,3.0 t ha-1,13.2 cm,16.6 kg ha-1 mm-1,https://doi.org/10.1007/s00271-008-0117-0,2025-11-26 17:51:49,9.0,True
8572,Ridge and Furrow Rainfall Harvesting (RFRH) with Deficit Irrigation (375 m3 ha−1 at flowering stage),"Pengyang City, Ningxia Province, China",35.79°N,106.75°E,1800 m,loess soil,,2015-04-23,maize,75000 plant ha−1,,12.99 t ha−1,,27.62 kg ha−1 mm−1,https://doi.org/10.1038/s41598-017-14133-1,2025-11-26 17:52:04,9.0,True
8573,Ridge and Furrow Rainfall Harvesting (RFRH) with Deficit Irrigation (375 m3 ha−1 at flowering stage),"Pengyang City, Ningxia Province, China",35.79°N,106.75°E,1800 m,loess soil,,2016-04-21,maize,75000 plant ha−1,,12.88 t ha−1,,34.39 kg ha−1 mm−1,https://doi.org/10.1038/s41598-017-14133-1,2025-11-26 17:52:04,9.0,True
8574,Ridge and Furrow Rainfall Harvesting (RFRH) with Deficit Irrigation (750 m3 ha−1 at bell and flowering stages),"Pengyang City, Ningxia Province, China",35.79°N,106.75°E,1800 m,loess soil,,2015-04-23,maize,75000 plant ha−1,,13.11 t ha−1,,26.10 kg ha−1 mm−1,https://doi.org/10.1038/s41598-017-14133-1,2025-11-26 17:52:04,9.0,True
8575,Ridge and Furrow Rainfall Harvesting (RFRH) with Deficit Irrigation (750 m3 ha−1 at bell and flowering stages),"Pengyang City, Ningxia Province, China",35.79°N,106.75°E,1800 m,loess soil,,2016-04-21,maize,75000 plant ha−1,,12.91 t ha−1,,31.08 kg ha−1 mm−1,https://doi.org/10.1038/s41598-017-14133-1,2025-11-26 17:52:04,9.0,True
8576,Ridge and Furrow Rainfall Harvesting (RFRH) with Deficit Irrigation (375 m3 ha−1 at bell stage),"Pengyang City, Ningxia Province, China",35.79°N,106.75°E,1800 m,loess soil,,2015-04-23,maize,75000 plant ha−1,,12.21 t ha−1,,25.07 kg ha−1 mm−1,https://doi.org/10.1038/s41598-017-14133-1,2025-11-26 17:52:04,9.0,True
8577,Ridge and Furrow Rainfall Harvesting (RFRH) with Deficit Irrigation (375 m3 ha−1 at bell stage),"Pengyang City, Ningxia Province, China",35.79°N,106.75°E,1800 m,loess soil,,2016-04-21,maize,75000 plant ha−1,,11.43 t ha−1,,29.91 kg ha−1 mm−1,https://doi.org/10.1038/s41598-017-14133-1,2025-11-26 17:52:04,9.0,True
8578,Conventional Flat Planting with No Irrigation,"Pengyang City, Ningxia Province, China",35.79°N,106.75°E,1800 m,loess soil,,2015-04-23,maize,75000 plant ha−1,,11.13 t ha−1,,23.77 kg ha−1 mm−1,https://doi.org/10.1038/s41598-017-14133-1,2025-11-26 17:52:04,9.0,True
8579,Conventional Flat Planting with No Irrigation,"Pengyang City, Ningxia Province, China",35.79°N,106.75°E,1800 m,loess soil,,2016-04-21,maize,75000 plant ha−1,,9.25 t ha−1,,26.65 kg ha−1 mm−1,https://doi.org/10.1038/s41598-017-14133-1,2025-11-26 17:52:04,9.0,True
8592,100% field capacity,"Kiboko, Makindu Sub-County, Kenya",02° 127 S,37° 437 E,975 m,sandy loams,,2018,maize (Zea mays),44444 plants ha-1,,10.9 t ha-1,308.1 cm,19.7 kg ha-1 mm-1,https://doi.org/10.1007/s10725-017-0359-z,2025-11-26 17:58:05,9.0,True
8593,75% field capacity,"Kiboko, Makindu Sub-County, Kenya",02° 127 S,37° 437 E,975 m,sandy loams,,2018,maize (Zea mays),44444 plants ha-1,,10.4 t ha-1,297 cm,19.6 kg ha-1 mm-1,https://doi.org/10.1007/s10725-017-0359-z,2025-11-26 17:58:05,9.0,True
8594,50% field capacity,"Kiboko, Makindu Sub-County, Kenya",02° 127 S,37° 437 E,975 m,sandy loams,,2018,maize (Zea mays),44444 plants ha-1,,9.8 t ha-1,225 cm,19.8 kg ha-1 mm-1,https://doi.org/10.1007/s10725-017-0359-z,2025-11-26 17:58:05,9.0,True
8595,25% field capacity,"Kiboko, Makindu Sub-County, Kenya",02° 127 S,37° 437 E,975 m,sandy loams,,2018,maize (Zea mays),44444 plants ha-1,,9.0 t ha-1,197 cm,20.6 kg ha-1 mm-1,https://doi.org/10.1007/s10725-017-0359-z,2025-11-26 17:58:05,9.0,True
8596,rain-fed,"Kiboko, Makindu Sub-County, Kenya",02° 127 S,37° 437 E,975 m,sandy loams,,2018,maize (Zea mays),44444 plants ha-1,,8.4 t ha-1,96 cm,22.0 kg ha-1 mm-1,https://doi.org/10.1007/s10725-017-0359-z,2025-11-26 17:58:05,9.0,True
8597,100% field capacity,"Kiboko, Makindu Sub-County, Kenya",02° 127 S,37° 437 E,975 m,sandy loams,,2019,maize (Zea mays),44444 plants ha-1,,10.2 t ha-1,306 cm,23.0 kg ha-1 mm-1,https://doi.org/10.1007/s10725-017-0359-z,2025-11-26 17:58:05,9.0,True
8598,75% field capacity,"Kiboko, Makindu Sub-County, Kenya",02° 127 S,37° 437 E,975 m,sandy loams,,2019,maize (Zea mays),44444 plants ha-1,,9.1 t ha-1,262 cm,23.7 kg ha-1 mm-1,https://doi.org/10.1007/s10725-017-0359-z,2025-11-26 17:58:05,9.0,True
8599,50% field capacity,"Kiboko, Makindu Sub-County, Kenya",02° 127 S,37° 437 E,975 m,sandy loams,,2019,maize (Zea mays),44444 plants ha-1,,8.5 t ha-1,225 cm,24.8 kg ha-1 mm-1,https://doi.org/10.1007/s10725-017-0359-z,2025-11-26 17:58:05,9.0,True
8600,25% field capacity,"Kiboko, Makindu Sub-County, Kenya",02° 127 S,37° 437 E,975 m,sandy loams,,2019,maize (Zea mays),44444 plants ha-1,,6.0 t ha-1,197 cm,19.8 kg ha-1 mm-1,https://doi.org/10.1007/s10725-017-0359-z,2025-11-26 17:58:05,9.0,True
8601,rain-fed,"Kiboko, Makindu Sub-County, Kenya",02° 127 S,37° 437 E,975 m,sandy loams,,2019,maize (Zea mays),44444 plants ha-1,,3.0 t ha-1,96 cm,16.6 kg ha-1 mm-1,https://doi.org/10.1007/s10725-017-0359-z,2025-11-26 17:58:05,9.0,True
8602,Growth stage-based deficit irrigation (40% to 100%),"Greeley, Colorado",40.45° N,104.64° W,,fine sandy loam,,2012,Maize (Dekalb DKC52-04RIB),"81,000 seeds ha-1",,,,,https://doi.org/10.1016/S0378-3774(00)00073-1,2025-11-26 17:59:15,8.0,True
8603,Growth stage-based deficit irrigation (40% to 100%),"Greeley, Colorado",40.45° N,104.64° W,,fine sandy loam,,2013,Maize (Dekalb DKC52-04RIB),"81,000 seeds ha-1",,,,,https://doi.org/10.1016/S0378-3774(00)00073-1,2025-11-26 17:59:15,8.0,True
8604,,"Greeley, Colorado",40.45° N,104.64° W,,sandy loams,,2012,Maize (Dekalb DKC52-04RIB),"81,000 seeds ha-1",,,,,https://doi.org/10.1016/S0378-3774(00)00073-1,2025-11-26 17:59:15,8.0,True
8605,,"Greeley, Colorado",40.45° N,104.64° W,,sandy loams,,2013,Maize (Dekalb DKC52-04RIB),"81,000 seeds ha-1",,,,,https://doi.org/10.1016/S0378-3774(00)00073-1,2025-11-26 17:59:15,8.0,True
8720,Surface Renewal (SR),"Mpumalanga, South Africa",-25.55,31.95,,,,2011-12-01 to 2012-11-21,Sugarcane,,,,,4.1 ± 1.0 kg/m³,https://doi.org/10.1016/j.fcr.2015.02.010,2025-11-26 18:46:20,8.0,True
8721,,"Mpumalanga, South Africa",-25.55,31.95,,,,2011-11-03 to 2012-10-31,Sugarcane,,,,,,https://doi.org/10.1016/j.fcr.2015.02.010,2025-11-26 18:46:20,8.0,True
8722,,"Mpumalanga, South Africa",-25.55,31.95,,,,2012-11-01 to 2013-10-02,Sugarcane,,,,,,https://doi.org/10.1016/j.fcr.2015.02.010,2025-11-26 18:46:20,8.0,True
8741,Drip irrigation,"University of São Paulo (USP), Piracicaba, SP, Brazil","22º42'30"" S","47º38'00"" W",546 m,,,May 2007 to April 2008,Capsicum frutescens L. cv. Tabasco,3636 plants ha-1,,9330.55 kg ha-1,,,http://dx.doi.org/10.1590/S0100-69162011000500003,2025-11-26 19:03:03,8.0,True
8742,Drip irrigation,"University of São Paulo (USP), Piracicaba, SP, Brazil","22º42'30"" S","47º38'00"" W",546 m,,,May 2007 to April 2008,Capsicum frutescens L. cv. Tabasco,10000 plants ha-1,,25272.73 kg ha-1,,,http://dx.doi.org/10.1590/S0100-69162011000500003,2025-11-26 19:03:03,8.0,True
8743,,"University of São Paulo (USP), Piracicaba, SP, Brazil","22º42'30"" S","47º38'00"" W",546 m,,,May 2007 to April 2008,Capsicum frutescens L. cv. Tabasco,,,,,446.43 mm,http://dx.doi.org/10.1590/S0100-69162011000500003,2025-11-26 19:03:03,8.0,True
8828,,China,,,,,,2003-2017,grain crops,,,,,,https://doi.org/10.1016/j.agwat.2020.106671,2025-11-26 19:22:30,8.0,True
8829,,China,,,,,,2003-2017,non-grain crops,,,,,,https://doi.org/10.1016/j.agwat.2020.106671,2025-11-26 19:22:30,8.0,True
8830,,"Murcia, Spain",38°06′N,1°12′W,,,3.4 ha,2016-08-01,Prunus persica var. Amandine,,,,,,https://doi.org/10.1007/s11119-020-09768-6,2025-11-26 19:23:31,8.0,True
8831,,"Murcia, Spain",38°06′N,1°12′W,,,3.4 ha,2017-07-18,Prunus persica var. Amandine,,,,,,https://doi.org/10.1007/s11119-020-09768-6,2025-11-26 19:23:31,8.0,True
8832,,"Murcia, Spain",38°06′N,1°12′W,,,3.4 ha,2018-07-02,Prunus persica var. Amandine,,,,,,https://doi.org/10.1007/s11119-020-09768-6,2025-11-26 19:23:31,8.0,True
8833,,"Murcia, Spain",38°06′N,1°12′W,,,6.4 ha,2017-07-18,Prunus persica var. Nazario,,,,,,https://doi.org/10.1007/s11119-020-09768-6,2025-11-26 19:23:31,8.0,True
8834,,"Murcia, Spain",38°06′N,1°12′W,,,6.4 ha,2018-07-02,Prunus persica var. Nazario,,,,,,https://doi.org/10.1007/s11119-020-09768-6,2025-11-26 19:23:31,8.0,True
8835,,"Murcia, Spain",38°06′N,1°12′W,,,6.7 ha,2017-07-18,Prunus persica var. Carioca,,,,,,https://doi.org/10.1007/s11119-020-09768-6,2025-11-26 19:23:31,8.0,True
8836,,"Murcia, Spain",38°06′N,1°12′W,,,6.7 ha,2018-07-02,Prunus persica var. Carioca,,,,,,https://doi.org/10.1007/s11119-020-09768-6,2025-11-26 19:23:31,8.0,True
8875,Alternate Wetting and Drying (AWD),,,,,fine textured soils,,,Rice,,,,,,https://doi.org/10.1016/j.fcr.2016.12.002,2025-11-26 19:40:10,8.0,True
8876,Continuous Flooding (CF),,,,,,,,Rice,,,,,,https://doi.org/10.1016/j.fcr.2016.12.002,2025-11-26 19:40:10,8.0,True
8877,,,,,,,,,Rice,,,,,,https://doi.org/10.1016/j.fcr.2016.12.002,2025-11-26 19:40:10,8.0,True
8888,50% reduced irrigation,"Maritsa Vegetable Crops Research Institute, Plovdiv, Bulgaria",,,,,2.4 m2,2016,Tomato (Solanum lycopersicum L.),10,,1082g,,,https://doi.org/10.1016/j.scienta.2018.01.052,2025-11-26 19:48:45,8.0,True
8889,50% reduced irrigation,"Maritsa Vegetable Crops Research Institute, Plovdiv, Bulgaria",,,,,2.4 m2,2016,Tomato (Solanum lycopersicum L.),10,,646g,,,https://doi.org/10.1016/j.scienta.2018.01.052,2025-11-26 19:48:45,8.0,True
8890,Optimum irrigation,"Maritsa Vegetable Crops Research Institute, Plovdiv, Bulgaria",,,,,2.4 m2,2016,Tomato (Solanum lycopersicum L.),10,,2151g,,,https://doi.org/10.1016/j.scienta.2018.01.052,2025-11-26 19:48:45,8.0,True
8891,Optimum irrigation,"Maritsa Vegetable Crops Research Institute, Plovdiv, Bulgaria",,,,,2.4 m2,2016,Tomato (Solanum lycopersicum L.),10,,1593g,,,https://doi.org/10.1016/j.scienta.2018.01.052,2025-11-26 19:48:45,8.0,True
8892,50% reduced irrigation,"Maritsa Vegetable Crops Research Institute, Plovdiv, Bulgaria",,,,,2.4 m2,2016,Tomato (Solanum lycopersicum L.),10,,983g,,,https://doi.org/10.1016/j.scienta.2018.01.052,2025-11-26 19:48:45,8.0,True
8893,50% reduced irrigation,"Maritsa Vegetable Crops Research Institute, Plovdiv, Bulgaria",,,,,2.4 m2,2016,Tomato (Solanum lycopersicum L.),10,,777g,,,https://doi.org/10.1016/j.scienta.2018.01.052,2025-11-26 19:48:45,8.0,True
8894,Optimum irrigation,"Maritsa Vegetable Crops Research Institute, Plovdiv, Bulgaria",,,,,2.4 m2,2016,Tomato (Solanum lycopersicum L.),10,,1474g,,,https://doi.org/10.1016/j.scienta.2018.01.052,2025-11-26 19:48:45,8.0,True
8895,50% reduced irrigation,"Maritsa Vegetable Crops Research Institute, Plovdiv, Bulgaria",,,,,2.4 m2,2016,Tomato (Solanum lycopersicum L.),10,,1015g,,,https://doi.org/10.1016/j.scienta.2018.01.052,2025-11-26 19:48:45,8.0,True
8896,Optimum irrigation,"Maritsa Vegetable Crops Research Institute, Plovdiv, Bulgaria",,,,,2.4 m2,2016,Tomato (Solanum lycopersicum L.),10,,2107g,,,https://doi.org/10.1016/j.scienta.2018.01.052,2025-11-26 19:48:45,8.0,True
8897,50% reduced irrigation,"Maritsa Vegetable Crops Research Institute, Plovdiv, Bulgaria",,,,,2.4 m2,2016,Tomato (Solanum lycopersicum L.),10,,1077g,,,https://doi.org/10.1016/j.scienta.2018.01.052,2025-11-26 19:48:45,8.0,True
8898,Optimum irrigation,"Maritsa Vegetable Crops Research Institute, Plovdiv, Bulgaria",,,,,2.4 m2,2016,Tomato (Solanum lycopersicum L.),10,,2180g,,,https://doi.org/10.1016/j.scienta.2018.01.052,2025-11-26 19:48:45,8.0,True
8899,50% reduced irrigation,"Maritsa Vegetable Crops Research Institute, Plovdiv, Bulgaria",,,,,2.4 m2,2016,Tomato (Solanum lycopersicum L.),10,,872g,,,https://doi.org/10.1016/j.scienta.2018.01.052,2025-11-26 19:48:45,8.0,True
8900,Optimum irrigation,"Maritsa Vegetable Crops Research Institute, Plovdiv, Bulgaria",,,,,2.4 m2,2016,Tomato (Solanum lycopersicum L.),10,,1582g,,,https://doi.org/10.1016/j.scienta.2018.01.052,2025-11-26 19:48:45,8.0,True
8901,50% reduced irrigation,"Maritsa Vegetable Crops Research Institute, Plovdiv, Bulgaria",,,,,2.4 m2,2016,Tomato (Solanum lycopersicum L.),10,,1231g,,,https://doi.org/10.1016/j.scienta.2018.01.052,2025-11-26 19:48:45,8.0,True
8902,Optimum irrigation,"Maritsa Vegetable Crops Research Institute, Plovdiv, Bulgaria",,,,,2.4 m2,2016,Tomato (Solanum lycopersicum L.),10,,1213g,,,https://doi.org/10.1016/j.scienta.2018.01.052,2025-11-26 19:48:45,8.0,True
8903,50% reduced irrigation,"Maritsa Vegetable Crops Research Institute, Plovdiv, Bulgaria",,,,,2.4 m2,2016,Tomato (Solanum lycopersicum L.),10,,622g,,,https://doi.org/10.1016/j.scienta.2018.01.052,2025-11-26 19:48:45,8.0,True
8904,Optimum irrigation,"Maritsa Vegetable Crops Research Institute, Plovdiv, Bulgaria",,,,,2.4 m2,2017,Tomato (Solanum lycopersicum L.),10,,,,,https://doi.org/10.1016/j.scienta.2018.01.052,2025-11-26 19:48:45,8.0,True
8905,50% reduced irrigation,"Maritsa Vegetable Crops Research Institute, Plovdiv, Bulgaria",,,,,2.4 m2,2017,Tomato (Solanum lycopersicum L.),10,,,,,https://doi.org/10.1016/j.scienta.2018.01.052,2025-11-26 19:48:45,8.0,True
8906,,"Las Cruces, New Mexico, USA",32.3003,-106.7783,,sandy loams,,2023,tomato,,enhanced fruit yield and quality,,,,https://doi.org/10.1016/j.agwat.2020.106096,2025-11-26 19:51:55,8.0,True
8907,,"Las Cruces, New Mexico, USA",32.3003,-106.7783,,sandy loams,,2022,forages,,,,,,https://doi.org/10.1016/j.agwat.2020.106096,2025-11-26 19:51:55,8.0,True
8908,,"Las Cruces, New Mexico, USA",32.3003,-106.7783,,sandy loams,,2022,pecan,,,,,,https://doi.org/10.1016/j.agwat.2020.106096,2025-11-26 19:51:55,8.0,True
8909,,"Las Cruces, New Mexico, USA",32.3003,-106.7783,,sandy loams,,2021,chile pepper,,,,,,https://doi.org/10.1016/j.agwat.2020.106096,2025-11-26 19:51:55,8.0,True
8910,,"Las Cruces, New Mexico, USA",32.3003,-106.7783,,sandy loams,,2020,maize,,,,,,https://doi.org/10.1016/j.agwat.2020.106096,2025-11-26 19:51:55,8.0,True
8911,Mild deficit irrigation (seedling),"Yimin Irrigation Experimental Station, Minle County, Gansu Province, China",38° 39′ N,100° 43′ E,1970 m,light loam,33.6 m²,2017-04-17 to 2017-09-27,Solanum tuberosum L.,140,,"43,961.91 kg ha−1",,8.67 kg m−3,https://doi.org/10.1038/s41598-021-95340-9,2025-11-26 19:52:37,9.0,True
8912,Mild deficit irrigation (tuber initiation),"Yimin Irrigation Experimental Station, Minle County, Gansu Province, China",38° 39′ N,100° 43′ E,1970 m,light loam,33.6 m²,2017-04-17 to 2017-09-27,Solanum tuberosum L.,140,,"41,016.67 kg ha−1",,8.18 kg m−3,https://doi.org/10.1038/s41598-021-95340-9,2025-11-26 19:52:37,9.0,True
8913,Mild deficit irrigation (tuber bulking),"Yimin Irrigation Experimental Station, Minle County, Gansu Province, China",38° 39′ N,100° 43′ E,1970 m,light loam,33.6 m²,2017-04-17 to 2017-09-27,Solanum tuberosum L.,140,,"36,430.71 kg ha−1",,7.32 kg m−3,https://doi.org/10.1038/s41598-021-95340-9,2025-11-26 19:52:37,9.0,True
8914,Mild deficit irrigation (starch accumulation),"Yimin Irrigation Experimental Station, Minle County, Gansu Province, China",38° 39′ N,100° 43′ E,1970 m,light loam,33.6 m²,2017-04-17 to 2017-09-27,Solanum tuberosum L.,140,,"42,262.25 kg ha−1",,8.18 kg m−3,https://doi.org/10.1038/s41598-021-95340-9,2025-11-26 19:52:37,9.0,True
8915,Moderate deficit irrigation (seedling),"Yimin Irrigation Experimental Station, Minle County, Gansu Province, China",38° 39′ N,100° 43′ E,1970 m,light loam,33.6 m²,2017-04-17 to 2017-09-27,Solanum tuberosum L.,140,,"40,473.53 kg ha−1",,8.28 kg m−3,https://doi.org/10.1038/s41598-021-95340-9,2025-11-26 19:52:37,9.0,True
8916,Moderate deficit irrigation (tuber initiation),"Yimin Irrigation Experimental Station, Minle County, Gansu Province, China",38° 39′ N,100° 43′ E,1970 m,light loam,33.6 m²,2017-04-17 to 2017-09-27,Solanum tuberosum L.,140,,"37,461.29 kg ha−1",,7.88 kg m−3,https://doi.org/10.1038/s41598-021-95340-9,2025-11-26 19:52:37,9.0,True
8917,Moderate deficit irrigation (tuber bulking),"Yimin Irrigation Experimental Station, Minle County, Gansu Province, China",38° 39′ N,100° 43′ E,1970 m,light loam,33.6 m²,2017-04-17 to 2017-09-27,Solanum tuberosum L.,140,,"33,834.86 kg ha−1",,6.81 kg m−3,https://doi.org/10.1038/s41598-021-95340-9,2025-11-26 19:52:37,9.0,True
8918,Moderate deficit irrigation (starch accumulation),"Yimin Irrigation Experimental Station, Minle County, Gansu Province, China",38° 39′ N,100° 43′ E,1970 m,light loam,33.6 m²,2017-04-17 to 2017-09-27,Solanum tuberosum L.,140,,"37,599.61 kg ha−1",,8.21 kg m−3,https://doi.org/10.1038/s41598-021-95340-9,2025-11-26 19:52:37,9.0,True
8919,Conventional irrigation (CK),"Yimin Irrigation Experimental Station, Minle County, Gansu Province, China",38° 39′ N,100° 43′ E,1970 m,light loam,33.6 m²,2017-04-17 to 2017-09-27,Solanum tuberosum L.,140,,"46,033.23 kg ha−1",,7.82 kg m−3,https://doi.org/10.1038/s41598-021-95340-9,2025-11-26 19:52:37,9.0,True
8920,Regular Irrigation,"Experimental Farm of the Institute of Horticulture of Szent István University, Gödöllo, Hungary",,,,,,2012-05-08 to 2012-08-11,Strombolino F1 processing cherry tomato,4.2 plants m²,"High marketable yield, increased b-carotene and zeaxanthin content",78.93 t ha-1,,,https://doi.org/10.1071/AR07215,2025-11-26 19:55:48,9.0,True
8921,Regular Irrigation,"Experimental Farm of the Institute of Horticulture of Szent István University, Gödöllo, Hungary",,,,,,2014-05-08 to 2014-08-11,Strombolino F1 processing cherry tomato,4.2 plants m²,"Low fertility, increased diseased yield",37.00 t ha-1,,,https://doi.org/10.1071/AR07215,2025-11-26 19:55:48,9.0,True
8922,Regular Irrigation,"Experimental Farm of the Institute of Horticulture of Szent István University, Gödöllo, Hungary",,,,,,2013-05-08 to 2013-08-11,Strombolino F1 processing cherry tomato,4.2 plants m²,"Smaller sized fruits, high soluble solids content (°Brix)",26.63 t ha-1,,,https://doi.org/10.1071/AR07215,2025-11-26 19:55:48,9.0,True
8923,Regular Irrigation,"Experimental Farm of the Institute of Horticulture of Szent István University, Gödöllo, Hungary",,,,,,2015-05-08 to 2015-08-11,Strombolino F1 processing cherry tomato,4.2 plants m²,"Increased marketable yield, lower Brix value",97.43 t ha-1,,,https://doi.org/10.1071/AR07215,2025-11-26 19:55:48,9.0,True
8924,Non-Irrigated,"Experimental Farm of the Institute of Horticulture of Szent István University, Gödöllo, Hungary",,,,,,2012-05-08 to 2012-08-11,Strombolino F1 processing cherry tomato,4.2 plants m²,"Low marketable yield, high diseased yield",15.63 t ha-1,,,https://doi.org/10.1071/AR07215,2025-11-26 19:55:48,9.0,True
8925,Non-Irrigated,"Experimental Farm of the Institute of Horticulture of Szent István University, Gödöllo, Hungary",,,,,,2014-05-08 to 2014-08-11,Strombolino F1 processing cherry tomato,4.2 plants m²,"Low fertility, increased diseased yield",14.65 t ha-1,,,https://doi.org/10.1071/AR07215,2025-11-26 19:55:48,9.0,True
8926,Non-Irrigated,"Experimental Farm of the Institute of Horticulture of Szent István University, Gödöllo, Hungary",,,,,,2013-05-08 to 2013-08-11,Strombolino F1 processing cherry tomato,4.2 plants m²,"Smaller sized fruits, high soluble solids content (°Brix)",21.90 t ha-1,,,https://doi.org/10.1071/AR07215,2025-11-26 19:55:48,9.0,True
8927,Non-Irrigated,"Experimental Farm of the Institute of Horticulture of Szent István University, Gödöllo, Hungary",,,,,,2015-05-08 to 2015-08-11,Strombolino F1 processing cherry tomato,4.2 plants m²,"Low marketable yield, high diseased yield",18.53 t ha-1,,,https://doi.org/10.1071/AR07215,2025-11-26 19:55:48,9.0,True
8928,1.0 IW/CPE,"Coimbatore, Tamil Nadu, India",,,,,1.35 x 1.5 m,2012-13,Tomato (Solanum lycopersicum),,,20.25 g (average fruit weight),,,http://dx.doi.org/10.13128/ahs-18696,2025-11-26 19:57:01,9.0,True
8929,0.5 IW/CPE,"Coimbatore, Tamil Nadu, India",,,,,1.35 x 1.5 m,2012-13,Tomato (Solanum lycopersicum),,,13.75 g (average fruit weight),,,http://dx.doi.org/10.13128/ahs-18696,2025-11-26 19:57:01,9.0,True
8986,100% of ETc,"Viçosa, Minas Gerais, Brazil",20º45′ S,42°52′ W,,clay,,June to November 2013,Solanum lycopersicum,25000,,134.11 t ha-1,,,https://doi.org/10.1007/s13580-014-0180-9,2025-11-26 20:09:21,9.0,True
8987,50% of ETc,"Viçosa, Minas Gerais, Brazil",20º45′ S,42°52′ W,,clay,,June to November 2013,Solanum lycopersicum,25000,,114.27 t ha-1,,,https://doi.org/10.1007/s13580-014-0180-9,2025-11-26 20:09:21,9.0,True
8988,100% of ETc,"Viçosa, Minas Gerais, Brazil",20º45′ S,42°52′ W,,frank-clay-sandy,,January to May 2014,Solanum lycopersicum,25000,,105.88 t ha-1,,,https://doi.org/10.1007/s13580-014-0180-9,2025-11-26 20:09:21,9.0,True
8989,50% of ETc,"Viçosa, Minas Gerais, Brazil",20º45′ S,42°52′ W,,frank-clay-sandy,,January to May 2014,Solanum lycopersicum,25000,,95.23 t ha-1,,,https://doi.org/10.1007/s13580-014-0180-9,2025-11-26 20:09:21,9.0,True
9006,,"Hyderabad, Telangana, India",17.3850°N,78.4867°E,542m,,650 square kilometers,April 2022,,,,,,,https://doi.org/10.1016/j.agwat.2005.06.001,2025-11-26 20:19:44,8.0,True
9007,,"Waipara, New Zealand",,,500-723m,gravelly sandy loam,0.7 km2,2010-2016,grass and exotic forests,,,,,,https://doi.org/10.1016/j.agwat.2005.06.001,2025-11-26 20:19:44,8.0,True
9008,Penman-Monteith method,"Hyderabad, Telangana, India",17.3850°N,78.4867°E,542m,,650 square kilometers,1965-2015,,,,,,,https://doi.org/10.1016/j.agwat.2005.06.001,2025-11-26 20:19:44,8.0,True
9009,Priestley-Taylor method,"Hyderabad, Telangana, India",17.3850°N,78.4867°E,542m,,650 square kilometers,1965-2015,,,,,,,https://doi.org/10.1016/j.agwat.2005.06.001,2025-11-26 20:19:44,8.0,True
9010,Hargreaves method,"Hyderabad, Telangana, India",17.3850°N,78.4867°E,542m,,650 square kilometers,1965-2015,,,,,,,https://doi.org/10.1016/j.agwat.2005.06.001,2025-11-26 20:19:44,8.0,True
9011,Turc method,"Hyderabad, Telangana, India",17.3850°N,78.4867°E,542m,,650 square kilometers,1965-2015,,,,,,,https://doi.org/10.1016/j.agwat.2005.06.001,2025-11-26 20:19:44,8.0,True
9012,Budyko method,"Hyderabad, Telangana, India",17.3850°N,78.4867°E,542m,,650 square kilometers,1965-2015,,,,,,,https://doi.org/10.1016/j.agwat.2005.06.001,2025-11-26 20:19:44,8.0,True
9013,Budyko method,"Waipara, New Zealand",,,500-723m,gravelly sandy loam,0.7 km2,2010-2016,grass and exotic forests,,,,,,https://doi.org/10.1016/j.agwat.2005.06.001,2025-11-26 20:19:44,8.0,True
9014,Turc method,"Waipara, New Zealand",,,500-723m,gravelly sandy loam,0.7 km2,2010-2016,grass and exotic forests,,,,,,https://doi.org/10.1016/j.agwat.2005.06.001,2025-11-26 20:19:44,8.0,True
9015,Full Irrigation (FI),"Irrigated Agriculture Research and Extension Center, Washington State University, Washington, USA","46°17'49""N","119°44'07""W",354 m,Warden silt loam,,2019-08-28 to 2019-09-11,Vitis vinifera L. cv. Riesling,,,,,,https://doi.org/10.21273/HORTTECH.10.1.162,2025-11-26 20:29:59,9.0,True
9016,Regulated Deficit Irrigation (RDI),"Irrigated Agriculture Research and Extension Center, Washington State University, Washington, USA","46°17'49""N","119°44'07""W",354 m,Warden silt loam,,2019-08-28 to 2019-09-11,Vitis vinifera L. cv. Riesling,,,,,,https://doi.org/10.21273/HORTTECH.10.1.162,2025-11-26 20:29:59,9.0,True
9017,Full Irrigation (FI),"Irrigated Agriculture Research and Extension Center, Washington State University, Washington, USA","46°17'49""N","119°44'07""W",354 m,Warden silt loam,,2020-07-02 to 2020-09-02,Vitis vinifera L. cv. Riesling,,,,,,https://doi.org/10.21273/HORTTECH.10.1.162,2025-11-26 20:29:59,9.0,True
9018,Regulated Deficit Irrigation (RDI),"Irrigated Agriculture Research and Extension Center, Washington State University, Washington, USA","46°17'49""N","119°44'07""W",354 m,Warden silt loam,,2020-07-02 to 2020-09-02,Vitis vinifera L. cv. Riesling,,,,,,https://doi.org/10.21273/HORTTECH.10.1.162,2025-11-26 20:29:59,9.0,True
9025,Direct root-zone deficit irrigation (DRZ),"Benton City, WA",,,,loamy fine sands,1.2 acres,2015,Cabernet Sauvignon,1000,"Brix, acidity, anthocyanin content, tannin content",70% or more of the desired commercial production goal,,,https://doi.org/10.1080/01431161.2018.1500047,2025-11-26 20:36:13,9.0,True
9026,Direct root-zone deficit irrigation (DRZ),"Benton City, WA",,,,loamy fine sands,1.2 acres,2016,Cabernet Sauvignon,1000,"Brix, acidity, anthocyanin content, tannin content",70% or more of the desired commercial production goal,,,https://doi.org/10.1080/01431161.2018.1500047,2025-11-26 20:36:13,9.0,True
9027,Direct root-zone deficit irrigation (DRZ),"Benton City, WA",,,,loamy fine sands,1.2 acres,2017,Cabernet Sauvignon,1000,"Brix, acidity, anthocyanin content, tannin content",,,,https://doi.org/10.1080/01431161.2018.1500047,2025-11-26 20:36:13,9.0,True
9028,,"Benton City, WA",,,,loamy fine sands,1.2 acres,2015,Cabernet Sauvignon,1000,,,,,https://doi.org/10.1080/01431161.2018.1500047,2025-11-26 20:36:13,9.0,True
9029,,"Benton City, WA",,,,loamy fine sands,1.2 acres,2016,Cabernet Sauvignon,1000,,,,,https://doi.org/10.1080/01431161.2018.1500047,2025-11-26 20:36:13,9.0,True
9030,,"Benton City, WA",,,,loamy fine sands,1.2 acres,2017,Cabernet Sauvignon,1000,,,,,https://doi.org/10.1080/01431161.2018.1500047,2025-11-26 20:36:13,9.0,True
9062,FAO-56 irrigation scheduling spreadsheet,"Maricopa Agricultural Center, Arizona",33.079° N,111.977° W,360 m,sandy loam,2.6 ha,2014-05-02,"Upland cotton (Gossypium hirsutum L., cv. ‘Deltapine 1044B2RF’)",7.5 plants m-2,,757 mm,,,https://doi.org/10.1007/s00271-005-0001-0,2025-11-26 20:49:22,9.0,True
9063,FAO-56 irrigation scheduling spreadsheet,"Maricopa Agricultural Center, Arizona",33.079° N,111.977° W,360 m,sandy loam,2.6 ha,2015-04-29,"Upland cotton (Gossypium hirsutum L., cv. ‘Deltapine 1044B2RF’)",10.0 plants m-2,,939 mm,,,https://doi.org/10.1007/s00271-005-0001-0,2025-11-26 20:49:22,9.0,True
9064,CSM-CROPGRO-Cotton simulation model,"Maricopa Agricultural Center, Arizona",33.079° N,111.977° W,360 m,sandy loam,2.6 ha,2014-05-02,"Upland cotton (Gossypium hirsutum L., cv. ‘Deltapine 1044B2RF’)",7.5 plants m-2,,763 mm,,,https://doi.org/10.1007/s00271-005-0001-0,2025-11-26 20:49:22,9.0,True
9065,CSM-CROPGRO-Cotton simulation model,"Maricopa Agricultural Center, Arizona",33.079° N,111.977° W,360 m,sandy loam,2.6 ha,2015-04-29,"Upland cotton (Gossypium hirsutum L., cv. ‘Deltapine 1044B2RF’)",10.0 plants m-2,,937 mm,,,https://doi.org/10.1007/s00271-005-0001-0,2025-11-26 20:49:22,9.0,True
9066,Water-stressed treatment (30% reduction in irrigation),"Maricopa Agricultural Center, Arizona",33.079° N,111.977° W,360 m,sandy loam,2.6 ha,2014-05-02,"Upland cotton (Gossypium hirsutum L., cv. ‘Deltapine 1044B2RF’)",7.5 plants m-2,,561 mm,,,https://doi.org/10.1007/s00271-005-0001-0,2025-11-26 20:49:22,9.0,True
9067,Water-stressed treatment (30% reduction in irrigation),"Maricopa Agricultural Center, Arizona",33.079° N,111.977° W,360 m,sandy loam,2.6 ha,2015-04-29,"Upland cotton (Gossypium hirsutum L., cv. ‘Deltapine 1044B2RF’)",10.0 plants m-2,,711 mm,,,https://doi.org/10.1007/s00271-005-0001-0,2025-11-26 20:49:22,9.0,True
9079,,"Tetouan, Morocco",35.5882,-5.3663,,,,2025,,,,,,,https://doi.org/10.3390/rs2010375,2025-11-26 20:51:06,9.0,True
9090,Drip irrigation (FAO recommendations),"Chichaoua, Haouz plain, Morocco",,,,clay,1.5 ha,2016-11-27,Winter wheat,,,,,,https://doi.org/10.1016/j.agwat.2005.02.013,2025-11-26 20:54:15,8.0,True
9091,Drip irrigation (triggered stress),"Chichaoua, Haouz plain, Morocco",,,,clay,1.5 ha,2016-11-27,Winter wheat,,,,,,https://doi.org/10.1016/j.agwat.2005.02.013,2025-11-26 20:54:15,8.0,True
9092,Drip irrigation (FAO recommendations),"Chichaoua, Haouz plain, Morocco",,,,clay,1.5 ha,2017-11-25,Winter wheat,,,,,,https://doi.org/10.1016/j.agwat.2005.02.013,2025-11-26 20:54:15,8.0,True
9093,Drip irrigation (NA),"Chichaoua, Haouz plain, Morocco",,,,clay,1.5 ha,2018-11-04,Winter wheat,,,,,,https://doi.org/10.1016/j.agwat.2005.02.013,2025-11-26 20:54:15,8.0,True
