,altitude_numeric,latitude_decimal_degrees,longitude_decimal_degrees,plant_yield_kg_per_hectare,water_productivity_kg_per_m^3
0,37.0,40.178611,116.44425,60572.74244999999,17.37
1,36.0,40.178611,116.44416666666667,53505.77129999999,20.52
2,37.0,40.178611,116.44425,58549.7199,25.07
3,1550.0,8.4,39.35,5085.0,8.594532012939453
4,1550.0,8.4,39.35,4830.0,8.594532012939453
5,1550.0,8.4,39.35,4555.0,1.39
6,1550.0,8.4,39.35,3475.0,8.594532012939453
7,1550.0,8.4,39.35,2510.0,8.594532012939453
8,1550.0,8.4,39.35,5160.0,1.26
9,1550.0,8.4,39.35,4940.0,1.33
10,1550.0,8.4,39.35,4710.0,1.44
11,1550.0,8.4,39.35,3590.0,1.26
12,1550.0,8.4,39.35,2670.0,1.09
13,600.0,33.333333333333336,36.43333333333333,12981.81735,1.97
14,600.0,33.333333333333336,36.43333333333333,10840.860749999998,1.65
15,600.0,33.333333333333336,36.43333333333333,12782.23665,1.94
16,600.0,33.333333333333336,36.43333333333333,12981.81735,1.97
17,600.0,33.333333333333336,36.43333333333333,10840.860749999998,1.65
18,600.0,33.333333333333336,36.43333333333333,12782.23665,1.94
19,600.0,33.333333333333336,36.43333333333333,12637.087049999998,1.92
20,600.0,33.333333333333336,36.43333333333333,12637.087049999998,1.92
21,542.0,-23.416666666666668,-51.95,24060.0,10.399933815002441
22,542.0,-23.416666666666668,-51.95,25400.0,10.399933815002441
23,542.0,-23.416666666666668,-51.95,27010.0,10.550725936889648
24,542.0,-23.416666666666668,-51.95,30600.0,10.596000671386719
25,1550.0,8.4,39.35,5085.0,8.594532012939453
26,1550.0,8.4,39.35,4830.0,8.594532012939453
27,1550.0,8.4,39.35,4555.0,1.39
28,1550.0,8.4,39.35,3475.0,1.29
29,1550.0,8.4,39.35,2510.0,1.16
30,1550.0,8.4,39.35,5160.0,1.26
31,1550.0,8.4,39.35,4940.0,1.33
32,1550.0,8.4,39.35,4710.0,1.44
33,1550.0,8.4,39.35,3590.0,1.26
34,1550.0,8.4,39.35,2670.0,1.09
113,1550.0,8.4,39.35,5085.0,1.22
114,1550.0,8.4,39.35,4830.0,1.31
115,1550.0,8.4,39.35,4555.0,1.42
116,1550.0,8.4,39.35,3475.0,1.28
117,1550.0,8.4,39.35,2510.0,1.13
118,1550.0,8.4,39.35,5160.0,1.26
119,1550.0,8.4,39.35,4940.0,1.44
120,1550.0,8.4,39.35,4710.0,1.44
121,1550.0,8.4,39.35,3590.0,1.26
122,1550.0,8.4,39.35,2670.0,1.09
123,1550.0,8.4,39.35,5085.0,8.594532012939453
124,1550.0,8.4,39.35,4830.0,8.594532012939453
125,1550.0,8.4,39.35,4555.0,1.39
126,1550.0,8.4,39.35,3475.0,1.29
127,1550.0,8.4,39.35,2510.0,1.16
128,1550.0,8.4,39.35,5160.0,1.26
129,1550.0,8.4,39.35,4940.0,1.33
130,1550.0,8.4,39.35,4710.0,1.44
131,1550.0,8.4,39.35,3590.0,1.26
132,1550.0,8.4,39.35,2670.0,1.09
133,1563.0,8.4,39.35,17.423224,0.432
134,1563.0,8.4,39.35,23.688392,0.669
135,1563.0,8.4,39.35,23.37608,0.6719999999999999
136,1563.0,8.4,39.35,21.161504,0.583
137,1563.0,8.4,39.35,17.082520000000002,0.475
138,1563.0,8.4,39.35,18.577832,0.441
139,1563.0,8.4,39.35,24.672648,0.5780000000000001
140,1563.0,8.4,39.35,24.32248,0.5740000000000001
141,1563.0,8.4,39.35,21.076328,0.521
142,1563.0,8.4,39.35,17.60304,0.418
143,1563.0,8.4,39.35,15.52096,0.394
144,1563.0,8.4,39.35,22.202544,0.5730000000000001
145,1563.0,8.4,39.35,21.899696,0.584
146,1563.0,8.4,39.35,20.20564,0.5349999999999999
147,1563.0,8.4,39.35,14.62188,0.404
148,600.0,33.333333333333336,36.43333333333333,12981.81735,1.97
149,600.0,33.333333333333336,36.43333333333333,10840.860749999998,1.65
150,600.0,33.333333333333336,36.43333333333333,12782.23665,1.94
151,600.0,33.333333333333336,36.43333333333333,11766.18945,1.79
152,600.0,33.333333333333336,36.43333333333333,12637.087049999998,1.92
153,600.0,33.333333333333336,36.43333333333333,12981.81735,1.97
154,600.0,33.333333333333336,36.43333333333333,10840.860749999998,1.65
155,600.0,33.333333333333336,36.43333333333333,12782.23665,1.94
156,600.0,33.333333333333336,36.43333333333333,12981.81735,1.97
157,600.0,33.333333333333336,36.43333333333333,10840.860749999998,1.65
158,600.0,33.333333333333336,36.43333333333333,12782.23665,1.94
159,600.0,33.333333333333336,36.43333333333333,12637.087049999998,1.92
160,600.0,33.333333333333336,36.43333333333333,12637.087049999998,1.92
161,600.0,33.333333333333336,36.43333333333333,12981.81735,1.97
162,600.0,33.333333333333336,36.43333333333333,10840.860749999998,1.65
163,600.0,33.333333333333336,36.43333333333333,12782.23665,1.94
164,600.0,33.333333333333336,36.43333333333333,12981.81735,1.97
165,600.0,33.333333333333336,36.43333333333333,10840.860749999998,1.65
166,600.0,33.333333333333336,36.43333333333333,12782.23665,1.94
167,600.0,33.333333333333336,36.43333333333333,12637.087049999998,1.92
168,600.0,33.333333333333336,36.43333333333333,12637.087049999998,1.92
169,600.0,33.333333333333336,36.43333333333333,12981.81735,1.97
170,600.0,33.333333333333336,36.43333333333333,10840.860749999998,1.65
171,600.0,33.333333333333336,36.43333333333333,12782.23665,1.94
172,600.0,33.333333333333336,36.43333333333333,12981.81735,1.97
173,600.0,33.333333333333336,36.43333333333333,10840.860749999998,1.65
174,600.0,33.333333333333336,36.43333333333333,12782.23665,1.94
175,600.0,33.333333333333336,36.43333333333333,12637.087049999998,1.92
176,600.0,33.333333333333336,36.43333333333333,12637.087049999998,1.92
177,600.0,33.333333333333336,36.43333333333333,12981.81735,1.97
178,600.0,33.333333333333336,36.43333333333333,10840.860749999998,1.65
179,600.0,33.333333333333336,36.43333333333333,12782.23665,1.94
180,600.0,33.333333333333336,36.43333333333333,12981.81735,1.97
181,600.0,33.333333333333336,36.43333333333333,10840.860749999998,1.65
182,600.0,33.333333333333336,36.43333333333333,12782.23665,1.94
183,600.0,33.333333333333336,36.43333333333333,12637.087049999998,1.92
184,600.0,33.333333333333336,36.43333333333333,12637.087049999998,1.92
185,600.0,33.333333333333336,36.43333333333333,12981.81735,1.97
186,600.0,33.333333333333336,36.43333333333333,10840.860749999998,1.65
187,600.0,33.333333333333336,36.43333333333333,12782.23665,1.94
188,600.0,33.333333333333336,36.43333333333333,12981.81735,1.97
189,600.0,33.333333333333336,36.43333333333333,10840.860749999998,1.65
190,600.0,33.333333333333336,36.43333333333333,12782.23665,1.94
191,600.0,33.333333333333336,36.43333333333333,12637.087049999998,1.92
192,600.0,33.333333333333336,36.43333333333333,12637.087049999998,1.92
193,600.0,33.333333333333336,36.43333333333333,12981.81735,1.97
194,600.0,33.333333333333336,36.43333333333333,10840.860749999998,1.65
195,600.0,33.333333333333336,36.43333333333333,12782.23665,1.94
196,600.0,33.333333333333336,36.43333333333333,12981.81735,1.97
197,600.0,33.333333333333336,36.43333333333333,10840.860749999998,1.65
198,600.0,33.333333333333336,36.43333333333333,12782.23665,1.94
199,600.0,33.333333333333336,36.43333333333333,12637.087049999998,1.92
200,600.0,33.333333333333336,36.43333333333333,12637.087049999998,1.92
201,600.0,33.333333333333336,36.43333333333333,12981.81735,1.97
202,600.0,33.333333333333336,36.43333333333333,10840.860749999998,1.65
203,600.0,33.333333333333336,36.43333333333333,12782.23665,1.94
204,600.0,33.333333333333336,36.43333333333333,12981.81735,1.97
205,600.0,33.333333333333336,36.43333333333333,10840.860749999998,1.65
206,600.0,33.333333333333336,36.43333333333333,12782.23665,1.94
207,600.0,33.333333333333336,36.43333333333333,12637.087049999998,1.92
208,600.0,33.333333333333336,36.43333333333333,12637.087049999998,1.92
209,600.0,33.333333333333336,36.43333333333333,12981.81735,1.97
210,600.0,33.333333333333336,36.43333333333333,10840.860749999998,1.65
211,600.0,33.333333333333336,36.43333333333333,12782.23665,1.94
212,600.0,33.333333333333336,36.43333333333333,12981.81735,1.97
213,600.0,33.333333333333336,36.43333333333333,10840.860749999998,1.65
214,600.0,33.333333333333336,36.43333333333333,12782.23665,1.94
215,600.0,33.333333333333336,36.43333333333333,12637.087049999998,1.92
216,600.0,33.333333333333336,36.43333333333333,12637.087049999998,1.92
217,600.0,33.333333333333336,36.43333333333333,12981.81735,1.97
218,600.0,33.333333333333336,36.43333333333333,10840.860749999998,1.65
219,600.0,33.333333333333336,36.43333333333333,12782.23665,1.94
220,600.0,33.333333333333336,36.43333333333333,12637.087049999998,1.92
221,600.0,33.333333333333336,36.43333333333333,11766.18945,1.79
222,600.0,33.333333333333336,36.43333333333333,12981.81735,1.97
223,600.0,33.333333333333336,36.43333333333333,10840.860749999998,1.65
224,600.0,33.333333333333336,36.43333333333333,12782.23665,1.94
225,600.0,33.333333333333336,36.43333333333333,12981.81735,1.97
226,600.0,33.333333333333336,36.43333333333333,10840.860749999998,1.65
227,600.0,33.333333333333336,36.43333333333333,12782.23665,1.94
228,600.0,33.333333333333336,36.43333333333333,12637.087049999998,1.92
229,600.0,33.333333333333336,36.43333333333333,12637.087049999998,1.92
230,600.0,33.333333333333336,36.43333333333333,12981.81735,1.97
231,600.0,33.333333333333336,36.43333333333333,10840.860749999998,1.65
232,600.0,33.333333333333336,36.43333333333333,12782.23665,1.94
233,600.0,33.333333333333336,36.43333333333333,12981.81735,1.97
234,600.0,33.333333333333336,36.43333333333333,10840.860749999998,1.65
235,600.0,33.333333333333336,36.43333333333333,12782.23665,1.94
236,600.0,33.333333333333336,36.43333333333333,12637.087049999998,1.92
237,600.0,33.333333333333336,36.43333333333333,12637.087049999998,1.92
238,600.0,33.333333333333336,36.43333333333333,12981.81735,1.97
239,600.0,33.333333333333336,36.43333333333333,10840.860749999998,1.65
240,600.0,33.333333333333336,36.43333333333333,12782.23665,1.94
241,600.0,33.333333333333336,36.43333333333333,12981.81735,1.97
242,600.0,33.333333333333336,36.43333333333333,10840.860749999998,1.65
243,600.0,33.333333333333336,36.43333333333333,12782.23665,1.94
244,600.0,33.333333333333336,36.43333333333333,12637.087049999998,1.92
245,600.0,33.333333333333336,36.43333333333333,12637.087049999998,1.92
246,600.0,33.333333333333336,36.43333333333333,12981.81735,1.97
247,600.0,33.333333333333336,36.43333333333333,10840.860749999998,1.65
248,600.0,33.333333333333336,36.43333333333333,12782.23665,1.94
249,600.0,33.333333333333336,36.43333333333333,12981.81735,1.97
250,600.0,33.333333333333336,36.43333333333333,10840.860749999998,1.65
251,600.0,33.333333333333336,36.43333333333333,12782.23665,1.94
252,600.0,33.333333333333336,36.43333333333333,12637.087049999998,1.92
253,600.0,33.333333333333336,36.43333333333333,12981.81735,1.97
254,600.0,33.333333333333336,36.43333333333333,10840.860749999998,1.65
255,600.0,33.333333333333336,36.43333333333333,12782.23665,1.94
256,600.0,33.333333333333336,36.43333333333333,12981.81735,1.97
257,600.0,33.333333333333336,36.43333333333333,10840.860749999998,1.65
258,600.0,33.333333333333336,36.43333333333333,12782.23665,1.94
259,600.0,33.333333333333336,36.43333333333333,12637.087049999998,1.92
260,600.0,33.333333333333336,36.43333333333333,12637.087049999998,1.92
261,600.0,33.333333333333336,36.43333333333333,12981.81735,1.97
262,600.0,33.333333333333336,36.43333333333333,10840.860749999998,1.65
263,600.0,33.333333333333336,36.43333333333333,12782.23665,1.94
264,600.0,33.333333333333336,36.43333333333333,12981.81735,1.97
265,600.0,33.333333333333336,36.43333333333333,10840.860749999998,1.65
266,600.0,33.333333333333336,36.43333333333333,12782.23665,1.94
267,600.0,33.333333333333336,36.43333333333333,12637.087049999998,1.92
268,600.0,33.333333333333336,36.43333333333333,12637.087049999998,1.92
281,526.0,-22.7284,-47.6492,3384.3,8.594532012939453
282,526.0,-22.7284,-47.6492,2626.0,8.594532012939453
283,526.0,-22.7284,-47.6492,3042.8,8.594532012939453
284,526.0,-22.7284,-47.6492,2736.5,8.594532012939453
285,526.0,-22.7284,-47.6492,3087.4,8.594532012939453
286,526.0,-22.7284,-47.6492,1956.8,8.594532012939453
287,526.0,-22.7284,-47.6492,2388.0,8.594532012939453
288,526.0,-22.7284,-47.6492,2271.3,8.594532012939453
289,526.0,-22.7284,-47.6492,2228.0,8.594532012939453
290,526.0,-22.7284,-47.6492,2968.7,8.594532012939453
291,526.0,-22.7284,-47.6492,1224.8,8.594532012939453
292,526.0,-22.7284,-47.6492,4037.2,8.594532012939453
293,446.0,-22.195833333333333,-54.92167,6899.0,8.594532012939453
294,446.0,-22.195833333333333,-54.92167,9731.43,8.84350872039795
295,918.0,-21.23333333333333,-45.0,24040.4025,9.71
296,118.0,29.4,71.68333055555556,5455.0,0.24
297,118.0,29.4,71.68333055555556,5242.0,0.231
298,118.0,29.4,71.68333055555556,5228.0,0.231
299,118.0,29.4,71.68333055555556,5089.0,0.224
300,5.0,31.0,30.9,3772.07523,8.594532012939453
301,5.0,31.0,30.9,4672.00275,8.594532012939453
302,3.0,31.3,31.2,2672.56701,8.594532012939453
303,3.0,31.3,31.2,3532.57839,8.594532012939453
304,3.0,31.4,31.5,2125.534455,8.594532012939453
305,3.0,31.4,31.5,2676.19575,8.594532012939453
311,820.0,38.71666666666667,-1.4666666666666666,4808.080499999999,6.81
312,820.0,38.71666666666667,-1.4666666666666666,7983.228,5.12
313,820.0,38.71666666666667,-1.4666666666666666,7620.354,3.53
314,820.0,38.71666666666667,-1.4666666666666666,7620.354,4.04
315,820.0,38.71666666666667,-1.4666666666666666,7166.7615,3.98
316,820.0,38.71666666666667,-1.4666666666666666,6441.013499999999,4.03
317,441.0,-13.258055555555556,-43.55194444444444,70564.0,9.26
318,441.0,-13.258055555555556,-43.55194444444444,89933.0,9.08
319,441.0,-13.258055555555556,-43.55194444444444,70253.0,9.22
320,441.0,-13.258055555555556,-43.55194444444444,84453.0,8.52
321,441.0,-13.258055555555556,-43.55194444444444,67594.0,8.87
322,441.0,-13.258055555555556,-43.55194444444444,71837.0,7.25
323,441.0,-13.258055555555556,-43.55194444444444,70058.0,9.19
324,441.0,-13.258055555555556,-43.55194444444444,71467.0,7.21
325,441.0,-13.258055555555556,-43.55194444444444,96218.0,6.31
326,551.0,-15.129722,-43.95013888888889,60464.0,7.16
327,551.0,-15.129722,-43.95013888888889,60948.0,7.22
328,551.0,-15.129722,-43.95013888888889,54200.0,6.42
329,551.0,-15.129722,-43.95013888888889,59977.0,7.1
330,551.0,-15.129722,-43.95013888888889,78542.0,4.83
411,74.0,30.187,31.69388888888889,12030.0,5.536
412,74.0,30.187,31.69388888888889,10827.0,4.862
413,74.0,30.187,31.69388888888889,10693.0,3.967
414,74.0,30.187,31.69388888888889,10559.0,3.967
415,74.0,30.187,31.69388888888889,12364.0,5.65
416,74.0,30.187,31.69389,10893.0,4.821
417,74.0,30.187,31.69388888888889,10827.0,3.977
418,74.0,30.187,31.69388888888889,10893.0,4.821
419,74.0,30.186944444444443,31.69388888888889,10827.0,3.977
420,1112.0,80.748611,39.79694444444444,17281.87425,3.19
421,1112.0,80.748611,39.79694444444444,16701.275849999998,3.07
422,1112.0,80.748611,39.79694444444444,15186.276899999995,2.8
423,1112.0,80.748611,390.7969444444444,14351.6667,2.75
424,1112.0,80.748611,39.79694444444444,13979.72085,2.74
425,1479.0,-17.7,31.066666666666663,26308.365,25.4
426,1479.0,-17.7,31.066666666666663,25582.617,29.2
427,1479.0,-17.7,31.066666666666663,25582.617,29.8
428,1479.0,-17.7,31.066666666666663,23042.499,27.4
429,1479.0,-17.7,31.066666666666663,71214.02249999999,38.8
430,1479.0,-17.7,31.066666666666663,48352.9605,33.1
431,1479.0,-17.7,31.066666666666663,43000.569,39.2
432,1479.0,-17.7,31.066666666666663,35652.3705,38.9
433,1479.0,-17.7,31.066666666666663,61688.58,39.1
434,1479.0,-17.7,31.066666666666663,52616.73,39.2
435,1479.0,-17.7,31.066666666666663,45722.124,40.0
436,1479.0,-17.7,31.066666666666663,41367.636,40.0
437,1479.0,-17.7,31.066666666666663,35652.3705,27.1
438,1479.0,-17.7,31.066666666666663,20955.9735,21.2
439,1479.0,-17.7,31.066666666666663,15966.456,36.7
440,1479.0,-17.7,31.066666666666663,9434.724,29.7
441,466.7,34.333333333333336,108.4,6831.10305,2.326
442,466.7,34.333333333333336,108.4,6413.79795,2.2510000000000003
443,466.7,34.333333333333336,108.4,4055.11695,1.505
444,466.7,34.333333333333336,108.4,6223.2891,1.4220000000000002
445,466.7,34.333333333333336,108.4,5824.1277,1.385
446,466.7,34.333333333333336,108.4,3556.1652,0.93
447,466.7,34.333333333333336,108.4,7066.971149999999,2.343
448,466.7,34.333333333333336,108.4,6005.5647,2.035
449,466.7,34.333333333333336,108.4,4463.3502,1.585
450,466.7,34.333333333333336,108.4,6341.22315,1.624
451,466.7,34.333333333333336,108.4,5207.2419,1.355
452,466.7,34.333333333333336,108.4,3492.66225,1.022
453,1112.0,80.748611,390.7969444444444,17281.87425,3.19
454,1112.0,80.748611,39.79694444444444,16701.275849999998,3.07
455,1112.0,80.748611,39.79694444444444,15186.276899999995,2.8
456,1112.0,80.748611,39.79694444444444,14351.6667,2.75
457,1112.0,80.748611,39.79694444444444,13979.72085,2.74
458,211.0,30.09,74.55,2549.0,0.458
459,211.0,30.09,74.55,2183.0,0.395
460,211.0,30.09,74.55,2040.0,0.376
461,211.0,30.09,74.55,1719.0,0.319
462,211.0,30.09,74.55,2216.0,0.399
463,211.0,30.09,74.55,2530.0,0.457
464,211.0,30.09,74.55,2491.0,0.449
465,211.0,30.09,74.55,2227.0,0.402
466,211.0,30.09,74.55,1883.0,0.349
467,211.0,30.09,74.55,1996.0,0.368
468,211.0,30.09,74.55,1939.0,0.357
469,211.0,30.09,74.55,1699.0,0.315
470,560.0,22.7775,-47.2958,2500.0,0.78
471,560.0,22.7775,-47.2958,3500.0,0.61
472,560.0,22.7775,-47.2958,3000.0,0.61
473,560.0,22.7775,-47.2958,2400.0,0.78
474,560.0,22.7775,-47.2958,2000.0,0.61
475,560.0,22.7775,-47.2958,3400.0,0.78
476,560.0,22.7775,-47.2958,4200.0,0.61
477,560.0,22.7775,-47.2958,3400.0,0.61
478,560.0,22.7775,-47.2958,2900.0,0.78
479,560.0,22.7775,-47.2958,2200.0,0.61
480,560.0,22.7775,-47.2958,2600.0,0.78
481,560.0,22.7775,-47.2958,3300.0,0.61
482,560.0,22.7775,-47.2958,2600.0,0.78
483,1489.0,36.80055555555556,106.36472,42429.04245,15.74
484,1489.0,36.80055555555556,106.36472,45141.52559999999,13.74
485,1489.0,36.80055555555556,106.36472,42429.04245,15.74
486,1489.0,36.80055555555556,106.36472,39371.829,12.97
487,1489.0,36.80055555555556,106.36472,33556.77315,11.55
488,1489.0,36.80055555555556,106.36472,33819.8568,12.12
489,1489.0,36.80055555555556,106.36472,31270.66695,11.99
490,1489.0,36.80055555555556,106.36472,27442.34625,10.65
491,1489.0,36.80055555555556,106.36472,27623.78325,10.86
492,1489.0,36.80055555555556,106.36472,31143.661049999995,11.16
493,1489.0,36.80055555555556,106.36472,30390.6975,11.22
494,1489.0,36.80055555555556,106.36472,29964.32055,12.01
495,231.0,28.6391961,77.1662771,22634.26575,9.815242767333984
496,231.0,28.6391961,77.1662771,23604.9537,9.815242767333984
511,17.9,30.32,31.03,30761.0,10.011309623718262
512,17.9,30.32,31.03,33564.0,10.011309623718262
513,17.9,30.32,31.03,39729.0,10.184436798095703
514,17.9,30.32,31.03,37032.0,10.184436798095703
515,17.9,30.32,31.03,29543.0,9.966034889221191
516,17.9,30.32,31.03,32421.0,10.011309623718262
517,17.9,30.32,31.03,38390.0,10.184436798095703
518,17.9,30.32,31.03,35586.0,10.011309623718262
519,231.0,28.6391961,77.1662771,22634.26575,9.815242767333984
520,231.0,28.6391961,77.1662771,23604.9537,9.815242767333984
521,427.0,26.05,75.28,4450.0,8.594532012939453
522,427.0,26.05,75.28,3780.0,8.594532012939453
523,427.0,26.05,75.28,4140.0,8.594532012939453
524,427.0,26.05,75.28,4370.0,8.594532012939453
525,427.0,26.05,75.28,4450.0,8.594532012939453
526,427.0,26.05,75.28,3780.0,8.594532012939453
527,427.0,26.05,75.28,4140.0,8.594532012939453
528,427.0,26.05,75.28,4370.0,8.594532012939453
529,1960.0,11.175,37.02,52707.4485,9.1
530,1960.0,11.175,37.02,38011.0515,7.8
531,1200.0,6.066666666666666,37.56666666666667,38736.7995,15.4
532,1200.0,6.066666666666666,37.56666666666667,37983.83594999999,18.5
533,1200.0,6.066666666666666,37.56666666666667,26671.239,16.6
534,1200.0,6.066666666666666,37.56666666666667,38555.3625,11.6
535,1200.0,6.066666666666666,37.56666666666667,37766.11155,13.5
536,1200.0,6.066666666666666,37.56666666666667,26217.6465,11.5
537,214.0,28.6139,77.209,16238.611499999995,11.0
538,214.0,28.6139,77.209,14061.367499999998,8.848677635192871
539,214.0,28.6139,77.209,11339.8125,8.848677635192871
540,1300.0,37.63333333333333,107.5,7500.0,1.8
541,1300.0,37.63333333333333,107.5,7759.0,1.73
542,1300.0,37.63333333333333,107.5,10585.5,2.14
543,1300.0,37.63333333333333,107.5,11226.5,2.11
544,1300.0,37.63333333333333,107.5,7527.0,8.733600616455078
545,1300.0,37.63333333333333,107.5,7930.5,8.733600616455078
546,1300.0,37.63333333333333,107.5,10369.5,8.908891677856445
547,1300.0,37.63333333333333,107.5,10777.5,8.908891677856445
548,1300.0,37.63333333333333,107.5,11101.5,8.946345329284668
549,1300.0,37.63333333333333,107.5,11349.0,8.946345329284668
550,84.0,45.3167,19.8333,9879.24465,2.41
551,84.0,45.3167,19.8333,7602.210300000001,1.0
552,84.0,45.3167,19.8333,7937.86875,1.34
553,84.0,45.3167,19.8333,11693.61465,2.94
554,84.0,45.3167,19.8333,10078.82535,1.42
555,84.0,45.3167,19.8333,11067.657,2.07
556,84.0,45.3167,19.8333,8527.539,1.42
557,84.0,45.3167,19.8333,8681.76045,1.71
558,84.0,45.3167,19.8333,8146.5213,1.58
562,188.0,31.4220558,73.0923253,3212.0,1.1800000000000002
563,188.0,31.4220558,73.0923253,3707.0,1.36
566,245.0,30.910975,75.8169,90700.0,10.740839958190918
567,245.0,30.910975,75.8169,88900.0,10.740839958190918
568,245.0,30.910975,75.8169,86700.0,10.740839958190918
569,244.0,30.910528,75.8169,83400.0,10.740839958190918
570,245.0,30.910975,75.8169,74500.0,10.740839958190918
571,245.0,30.910975,75.8169,85100.0,10.740839958190918
572,245.0,30.910975,75.8169,82300.0,10.740839958190918
573,245.0,30.910975,75.8169,80500.0,10.740839958190918
574,245.0,30.910975,75.8169,73200.0,10.740839958190918
575,245.0,30.910975,75.8169,84700.0,10.740839958190918
583,1610.0,8.764167,39.00805555555556,6422.8698,3.08
584,1610.0,8.764167,39.00805555555556,6749.4564,3.17
585,1610.0,8.764167,39.00805555555556,6386.582399999999,2.76
586,1610.0,8.764167,39.00805555555556,5760.624749999999,2.71
587,1610.0,8.764167,39.00805555555556,4554.068699999999,2.7
588,1610.0,8.764167,39.00805555555556,5678.978099999999,1.83
589,1610.0,8.764167,39.00805555555556,5388.6789,1.9
590,1610.0,8.764167,39.00805555555556,5388.6789,1.73
591,1610.0,8.764167,39.00805555555556,3937.1829,0.73
592,1610.0,8.764167,39.00805555555556,6050.923949999999,1.9
593,1610.0,8.764167,39.00805555555556,6758.528249999999,2.42
594,1610.0,8.764167,39.00805555555556,5887.63065,1.7
595,1610.0,8.764167,39.00805555555556,4245.6258,0.78
596,1123.0,38.43333333333333,106.05,7751.64,2.0
597,1123.0,38.43333333333333,106.05,7245.41,1.49
598,1123.0,38.43333333333333,106.05,8758.25,1.96
599,283.0,42.1067125,-85.0796988,14681.0,8.946345329284668
600,283.0,42.1067125,-85.0796988,15183.0,8.946345329284668
601,283.0,42.1067125,-85.0796988,13740.0,8.946345329284668
602,279.0,42.0667135,-85.1360882,4127.0,8.823047637939453
603,279.0,42.0667135,-85.1360882,4315.0,8.823047637939453
604,279.0,42.0667135,-85.1360882,4356.0,8.823047637939453
605,256.0,42.0158813,-85.5477706,4127.0,8.823047637939453
606,256.0,42.0158813,-85.5477706,4315.0,8.823047637939453
607,256.0,42.0158813,-85.5477706,4356.0,8.823047637939453
608,281.0,41.799217,-85.4191482,14681.0,8.946345329284668
609,281.0,41.799217,-85.4191482,15183.0,8.946345329284668
610,281.0,41.799217,-85.4191482,13740.0,8.946345329284668
611,1810.0,29.83333333333333,52.766666666666666,5503.0,0.96
612,1810.0,29.83333333333333,52.766666666666666,4272.0,0.95
613,1810.0,29.83333333333333,52.766666666666666,4802.0,0.94
614,1810.0,29.83333333333333,52.766666666666666,4485.0,0.85
615,900.0,40.88333333333333,86.93333333333334,6218.07,2.6
616,900.0,40.88333333333333,86.93333333333334,5660.59,1.58
621,0.0,22.7775,-47.2958,2500.0,0.78
622,0.0,22.7775,-47.2958,3500.0,0.61
623,0.0,22.7775,-47.2958,3000.0,0.61
624,0.0,22.7775,-47.2958,2400.0,0.78
625,0.0,22.7775,-47.2958,2000.0,0.61
626,0.0,22.7775,-47.2958,3400.0,0.78
627,0.0,22.7775,-47.2958,4200.0,0.61
628,0.0,22.7775,-47.2958,3400.0,0.61
629,0.0,22.7775,-47.2958,2900.0,0.78
630,0.0,22.7775,-47.2958,2200.0,0.61
631,0.0,22.7775,-47.2958,2600.0,0.78
632,0.0,22.7775,-47.2958,3300.0,0.61
633,0.0,22.7775,-47.2958,2600.0,0.78
634,0.0,22.7775,-47.2958,2200.0,0.61
635,0.0,22.7775,-47.2958,2500.0,0.78
636,0.0,22.7775,-47.2958,3500.0,0.61
637,0.0,22.7775,-47.2958,3000.0,0.61
638,0.0,22.7775,-47.2958,2400.0,0.84
639,0.0,22.7775,-47.2958,2000.0,0.61
640,0.0,22.7775,-47.2958,3400.0,0.78
641,0.0,22.7775,-47.2958,4200.0,0.61
642,0.0,22.7775,-47.2958,3400.0,0.61
643,0.0,22.7775,-47.2958,2900.0,0.84
644,0.0,22.7775,-47.2958,2200.0,0.61
645,0.0,22.7775,-47.2958,2600.0,0.78
646,0.0,22.7775,-47.2958,3400.0,0.61
647,0.0,22.7775,-47.2958,3300.0,0.61
648,0.0,22.7775,-47.2958,2600.0,0.84
649,0.0,22.7775,-47.2958,2200.0,0.61
655,290.0,43.3541,-85.178,34969.260194999995,10.011372566223145
656,290.0,43.3541,-85.178,41272.38157499999,10.180791854858398
657,290.0,43.3541,-85.178,34969.260194999995,10.011372566223145
658,290.0,43.3541,-85.178,41272.38157499999,10.180791854858398
659,470.0,44.3079869,86.0549057,8015.0,1.35
666,66.0,33.1190254,-88.5916703,6594.0,8.594532012939453
667,66.0,33.1190254,-88.5916703,6607.0,8.594532012939453
668,66.0,33.1190254,-88.5916703,6591.0,8.594532012939453
669,66.0,33.1190254,-88.5916703,6587.0,8.594532012939453
670,66.0,33.1190254,-88.5916703,6595.0,8.594532012939453
671,1100.0,38.66666666666666,106.3,1678.29225,21.35
672,1100.0,38.66666666666666,106.3,1941.3759,21.35
673,1100.0,38.66666666666666,106.3,2884.8483,21.35
674,149.0,30.299944,30.02775,34690.0,10.3
675,149.0,30.299944,30.02775,33560.0,8.31
679,290.0,43.3541,-85.178,34969.260194999995,10.011372566223145
680,290.0,43.3541,-85.178,41272.38157499999,10.180791854858398
681,28.0,37.0,10.0,18461.21475,4.15
682,28.0,37.0,10.0,18805.94505,4.45
683,28.0,37.0,10.0,11802.47685,4.92
684,28.0,37.0,10.0,18805.94505,4.15
685,28.0,37.0,10.0,15276.9954,4.45
686,28.0,37.0,10.0,13281.1884,4.47
687,28.0,37.0,10.0,19994.3574,3.95
688,28.0,37.0,10.0,16029.95895,4.71
689,28.0,37.0,10.0,12891.09885,4.25
690,30.0,33.8333,10.64,20611.2432,4.89
691,30.0,33.8333,10.64,14460.5289,7.07
692,30.0,33.8333,10.64,8382.3894,9.16
693,30.0,33.8333,10.64,22788.4872,5.9
694,30.0,33.8333,10.64,17871.5445,8.14
695,30.0,33.8333,10.64,10804.57335,12.31
702,7.0,45.35,11.95,45940.0,1.77
703,7.0,45.35,11.95,41940.0,1.62
704,44.0,25.6440845,85.906508,3066.2853,8.594532012939453
705,44.0,25.6440845,85.906508,2531.04615,8.594532012939453
706,44.0,25.6440845,85.906508,2794.1298,8.594532012939453
707,781.0,21.9156338,86.3961824,898.1131499999999,8.594532012939453
708,781.0,21.9156338,86.3961824,2113.74105,8.594532012939453
709,781.0,21.9156338,86.3961824,3093.50085,8.594532012939453
710,25.0,29.64030555555556,31.324111,5930.400000000001,8.594532012939453
711,25.0,29.64030555555556,31.324111,8648.5,8.635933876037598
712,25.0,29.64030555555556,31.324111,10378.2,8.811223983764648
713,25.0,29.64030555555556,31.324111,7907.200000000001,8.635933876037598
714,25.0,29.64030555555556,31.324111,16061.5,9.742215156555176
715,25.0,29.64030555555556,31.324111,18779.6,9.815242767333984
716,25.0,29.64030555555556,31.324111,7660.1,8.635933876037598
717,25.0,29.640306,31.324111,13096.3,8.848677635192871
718,1945.0,14.149166666666666,38.28388888888889,29900.0,4.702
719,1945.0,14.149166666666666,38.28388888888889,25570.0,9.966034889221191
720,1945.0,14.149166666666666,38.28388888888889,13700.0,8.848677635192871
727,66.0,33.1190254,-88.5916703,6594.0,8.594532012939453
728,66.0,33.1190254,-88.5916703,6607.0,8.594532012939453
729,66.0,33.1190254,-88.5916703,6591.0,8.594532012939453
730,66.0,33.1190254,-88.5916703,6587.0,8.594532012939453
731,66.0,33.1190254,-88.5916703,6595.0,8.594532012939453
732,1203.0,6.66667,37.55055555555556,39281.1105,18.1
733,1203.0,6.06667,37.55055555555556,39099.6735,22.9
734,1203.0,6.66667,37.55055555555556,38918.2365,31.4
735,1203.0,6.66667,37.55055555555556,13063.464,16.5
736,1203.0,6.066666666666666,37.55055555555556,39190.392,14.6
737,1203.0,6.066666666666666,37.55055555555556,39008.955,18.7
738,1203.0,6.066666666666666,37.55055555555556,38918.2365,25.8
739,1203.0,6.66667,37.55055555555556,13063.464,13.9
740,1203.0,6.66667,37.55055555555556,38373.9255,13.82
741,1203.0,6.066666666666666,37.55055555555556,38192.4885,17.62
742,1203.0,6.066666666666666,37.55055555555556,38011.0515,24.5
743,1203.0,6.66667,37.55055555555556,12156.279,12.88
744,1203.0,6.066666666666666,37.55055555555556,38283.207,11.59
745,1203.0,6.66667,37.55055555555556,38101.77,12.02
746,1203.0,6.66667,37.55055555555556,38011.0515,21.16
747,1203.0,6.66667,37.55055555555556,12156.279,11.55
754,66.0,33.1190254,-88.5916703,6594.0,8.594532012939453
755,66.0,33.1190254,-88.5916703,6607.0,8.594532012939453
756,66.0,33.1190254,-88.5916703,6591.0,8.594532012939453
757,66.0,33.1190254,-88.5916703,6587.0,8.594532012939453
758,66.0,33.1190254,-88.5916703,6595.0,8.594532012939453
759,28.0,36.833333333333336,116.56666666666666,1848.0,8.916229248046875
760,28.0,36.833333333333336,116.56666666666666,4829.0,8.69219970703125
761,28.0,36.833333333333336,116.56666666666666,4751.0,0.77
762,28.0,36.833333333333336,116.56666666666666,5175.0,8.69219970703125
763,28.0,36.833333333333336,116.56666666666666,5716.0,1.42
764,28.0,36.833333333333336,116.56666666666666,5629.0,1.44
765,28.0,36.833333333333336,116.56666666666666,5715.0,1.4300000000000002
769,66.0,33.1190254,-88.5916703,6303.0,8.594532012939453
770,66.0,33.1190254,-88.5916703,6594.0,8.594532012939453
771,66.0,33.1190254,-88.5916703,6607.0,8.594532012939453
772,66.0,33.1190254,-88.5916703,6591.0,8.594532012939453
773,66.0,33.1190254,-88.5916703,6587.0,8.594532012939453
788,470.0,44.3079869,86.0549057,8015.0,1.35
795,66.0,33.1190254,-88.5916703,6594.0,8.594532012939453
796,66.0,33.1190254,-88.5916703,6607.0,8.594532012939453
797,66.0,33.1190254,-88.5916703,6591.0,8.594532012939453
798,66.0,33.1190254,-88.5916703,6587.0,8.594532012939453
799,66.0,33.1190254,-88.5916703,6595.0,8.594532012939453
800,600.0,33.333333333333336,36.43333333333333,4500.0,0.588
801,600.0,33.333333333333336,36.43333333333333,4827.0,0.593
802,600.0,33.333333333333336,36.43333333333333,3091.1,0.513
803,600.0,33.333333333333336,36.43333333333333,3133.4,0.492
804,600.0,33.333333333333336,36.43333333333333,2740.2,0.457
805,600.0,33.333333333333336,36.43333333333333,2412.1,0.375
806,1097.0,38.93333333333333,106.81666666666666,13400.0,2.18
807,1097.0,38.93333333333333,106.81666666666666,13500.0,2.68
808,1097.0,38.93333333333333,106.81666666666666,12100.0,2.98
809,1097.0,38.93333333333333,106.81666666666666,13700.0,2.19
810,1097.0,38.93333333333333,106.81666666666666,13700.0,2.73
811,1097.0,38.93333333333333,106.81666666666666,12200.0,2.96
812,20.0,25.810999999999,-109.025,10015.3224,2.29
813,20.0,25.810999999999,-109.025,10024.39425,2.29
814,20.0,25.810999999999,-109.025,10378.1964,2.29
815,20.0,25.810999999999,-109.025,10768.28595,1.61
816,64.0,36.61666666666667,10.1403,14870.000000000002,8.946345329284668
817,64.0,36.61666666666667,10.1403,9300.0,8.733600616455078
818,66.0,21.4977975,70.4418231,4825.0,8.594532012939453
819,66.0,21.4977975,70.4418231,4015.0,8.594532012939453
820,66.0,21.4977975,70.4418231,2960.0,8.594532012939453
821,66.0,21.4977975,70.4418231,4195.0,8.594532012939453
822,66.0,21.4977975,70.4418231,4180.0,8.594532012939453
823,66.0,21.4977975,70.4418231,3750.0,8.594532012939453
824,52.1,25.9833,85.6667,71849.052,10.760971069335938
825,52.1,25.9833,85.6667,86091.8565,10.760971069335938
826,52.1,25.9833,85.6667,94256.5215,10.760971069335938
827,52.1,25.9833,85.6667,78380.784,10.760971069335938
828,52.1,25.9833,85.6667,74117.0145,10.760971069335938
829,52.1,25.9833,85.6667,93893.6475,10.760971069335938
830,52.1,25.9833,85.6667,89902.03349999999,10.760971069335938
831,582.17,24.59125,73.738417,7257.48,1.60571745
832,582.17,24.59125,73.738417,5715.2655,0.98883165
833,582.17,24.59125,73.738417,8890.413,1.95044775
834,582.17,24.59125,73.738417,5805.984,0.907185
835,582.17,24.59125,73.738417,4173.051,0.40823325
836,582.17,24.59125,73.738417,4173.051,0.40823325
837,101.0,-8.1625,113.71616666666668,2482.965345,1.92
838,101.0,-8.162528,113.71616666666668,2463.91446,1.47
839,101.0,-8.162528,113.71616666666668,2425.81269,1.96
840,101.0,-8.162528,113.71616666666668,2140.049415,2.75
841,103.0,34.7853,113.6398,2055.0,8.594532012939453
842,103.0,34.7853,113.6398,2952.0,8.594532012939453
843,103.0,34.7853,113.6398,3613.9,8.594532012939453
844,103.0,34.7853,113.6398,3522.5,8.594532012939453
845,103.0,34.7853,113.6398,4001.0,8.594532012939453
846,103.0,34.7853,113.6398,6578.0,8.594532012939453
847,103.0,34.7853,113.6398,7070.8,8.594532012939453
848,103.0,34.7853,113.6398,7168.9,8.594532012939453
849,103.0,34.7853,113.6398,3019.0,8.594532012939453
850,103.0,34.7853,113.6398,7190.0,8.594532012939453
851,103.0,34.7853,113.6398,6773.3,8.594532012939453
852,103.0,34.7853,113.6398,8137.4,8.635933876037598
853,103.0,34.7853,113.6398,2902.0,8.594532012939453
854,103.0,34.7853,113.6398,7215.8,8.594532012939453
855,143.0,-33.0,146.0,2113.74105,0.53
856,143.0,-33.0,146.0,2775.9861,0.45
857,143.0,-33.0,146.0,3120.7164,0.4599999999999999
858,143.0,-33.0,146.0,4544.99685,0.55
859,143.0,-33.0,146.0,2576.4054,0.49
860,143.0,-33.0,146.0,2866.7046,0.43
861,143.0,-33.0,146.0,3193.2912,0.4599999999999999
862,143.0,-33.0,146.0,4445.2065,0.5599999999999999
863,143.0,-33.0,146.0,1623.86115,0.37
864,143.0,-33.0,146.0,1796.2262999999998,0.32
865,143.0,-33.0,146.0,2177.244,0.37
866,143.0,-33.0,146.0,2694.33945,0.4
867,179.0,-35.1,147.4,2113.74105,0.53
868,179.0,-35.1,147.4,2775.9861,0.45
869,179.0,-35.1,147.4,3120.7164,0.4599999999999999
870,179.0,-35.1,147.4,4544.99685,0.55
871,179.0,-35.1,147.4,2576.4054,0.49
872,179.0,-35.1,147.4,2866.7046,0.43
873,179.0,-35.1,147.4,3193.2912,0.4599999999999999
874,179.0,-35.1,147.4,4445.2065,0.5599999999999999
875,28.0,36.833333333333336,116.56666666666666,1848.0,8.916229248046875
876,28.0,36.833333333333336,116.56666666666666,4500.0,0.91
877,28.0,36.833333333333336,116.56666666666666,4829.0,8.69219970703125
878,28.0,36.833333333333336,116.56666666666666,4751.0,0.77
879,28.0,36.833333333333336,116.56666666666666,4905.0,1.39
880,28.0,36.833333333333336,116.56666666666666,5229.0,1.41
881,28.0,36.833333333333336,116.56666666666666,5629.0,1.44
882,28.0,36.833333333333336,116.56666666666666,5716.0,1.42
883,1139.0,25.5325,-103.4325,8210.0,0.707
884,1139.0,25.5325,-103.4325,6190.0,0.612
885,1139.0,25.5325,-103.4325,8670.0,0.897
886,1139.0,25.5325,-103.4325,5300.0,0.61
887,1139.0,25.5325,-103.4325,7140.0,0.767
888,1139.0,25.5325,-103.4325,7370.0,0.945
889,1139.0,25.5325,-103.4325,5890.0,0.83
890,44.0,25.6440845,85.906508,3202.3630499999995,8.594532012939453
891,210.0,48.7131143,21.2580351,3302.1534,8.823047637939453
892,44.0,25.6440845,85.906508,2531.04615,8.594532012939453
893,210.0,48.7131143,21.2580351,2884.8483,9.047075271606445
894,1945.0,14.149166666666666,38.28388888888889,13700.0,8.848677635192871
895,1945.0,14.149166666666666,38.28388888888889,29900.0,4.702
896,1945.0,14.149166666666666,38.28388888888889,25570.0,9.966034889221191
897,89.0,47.0553,21.4542,14195930.25105,19.116601943969727
898,89.0,47.0553,21.4542,13630599.7746,19.116601943969727
899,6.0,-0.94924,100.35427,9071.85,8.635933876037598
900,28.0,36.833333333333336,116.56666666666666,1848.0,0.4599999999999999
901,28.0,36.833333333333336,116.56666666666666,4500.0,0.91
902,28.0,36.833333333333336,116.56666666666666,4829.0,0.77
903,28.0,36.833333333333336,116.56666666666666,4751.0,0.85
904,28.0,36.833333333333336,116.56666666666666,4905.0,1.39
905,28.0,36.833333333333336,116.56666666666666,5229.0,1.41
906,28.0,36.833333333333336,116.56666666666666,5629.0,1.44
907,28.0,36.833333333333336,116.56666666666666,5716.0,1.42
908,600.0,33.333333333333336,36.43333333333333,12981.81735,1.97
909,600.0,33.333333333333336,36.43333333333333,10840.860749999998,1.65
910,600.0,33.333333333333336,36.43333333333333,12782.23665,1.94
911,600.0,33.333333333333336,36.43333333333333,12981.81735,1.97
912,600.0,33.333333333333336,36.43333333333333,10840.860749999998,1.65
913,600.0,33.333333333333336,36.43333333333333,12782.23665,1.94
914,600.0,33.333333333333336,36.43333333333333,12637.087049999998,1.92
915,600.0,33.333333333333336,36.43333333333333,12637.087049999998,1.92
916,600.0,33.333333333333336,36.43333333333333,12981.81735,1.97
917,600.0,33.333333333333336,36.43333333333333,10840.860749999998,1.65
918,600.0,33.333333333333336,36.43333333333333,12782.23665,1.94
919,600.0,33.333333333333336,36.43333333333333,12981.81735,1.97
920,600.0,33.333333333333336,36.43333333333333,10840.860749999998,1.65
921,600.0,33.333333333333336,36.43333333333333,12782.23665,1.94
922,600.0,33.333333333333336,36.43333333333333,12637.087049999998,1.92
923,600.0,33.333333333333336,36.43333333333333,12637.087049999998,1.92
924,1427.0,40.44916666666666,-104.63667,15730.0,9.768288612365723
925,1427.0,40.44916666666666,-104.63667,12670.0,8.946345329284668
926,1427.0,40.44916666666666,-104.63667,8100.0,8.830930709838867
931,28.0,36.833333333333336,116.56666666666666,4751.0,0.77
932,28.0,36.833333333333336,116.56666666666666,4751.0,0.85
933,28.0,36.833333333333336,116.56666666666666,4500.0,0.91
934,28.0,36.833333333333336,116.56666666666666,4751.0,0.77
935,28.0,36.833333333333336,116.56666666666666,5716.0,1.42
936,28.0,36.833333333333336,116.56666666666666,5715.0,1.4300000000000002
937,28.0,36.833333333333336,116.56666666666666,5629.0,1.44
938,28.0,36.833333333333336,116.56666666666666,5716.0,1.42
939,1866.0,18.35,18.47,1784.01,8.594532012939453
940,1866.0,18.35,18.47,2131.51,8.594532012939453
941,1866.0,18.35,18.47,1065.91,8.594532012939453
942,1866.0,18.35,18.47,1284.15,8.594532012939453
943,1866.0,18.35,18.47,1987.17,8.594532012939453
944,1866.0,18.35,18.47,1441.53,8.594532012939453
945,1866.0,18.35,18.47,1540.37,8.594532012939453
946,1866.0,18.35,18.47,1702.83,8.594532012939453
947,1427.0,40.44916666666666,-104.63667,15730.0,9.768288612365723
948,1427.0,40.44916666666666,-104.63667,12670.0,8.946345329284668
949,1427.0,40.44916666666666,-104.63667,8100.0,8.830930709838867
950,1189.0,41.893036,-103.684017,2500.0,9.08986759185791
951,1189.0,41.893036,-103.684017,1200.0,9.08986759185791
952,1189.0,41.893036,-103.684017,1500.0,9.08986759185791
953,1189.0,41.893036,-103.684017,3000.0,4.4
954,1189.0,41.893036,-103.684017,2100.0,17.1
955,1189.0,41.893036,-103.684017,1800.0,17.1
956,1189.0,41.893036,-103.684017,3800.0,1.7
957,1189.0,41.893036,-103.684017,2800.0,0.5
958,1189.0,41.893036,-103.684017,3100.0,20.8
959,1189.0,41.893036,-103.684017,3900.0,0.6
960,1189.0,41.893036,-103.684017,3000.0,0.4
961,1189.0,41.893036,-103.684017,2600.0,18.9
962,1189.0,41.893036,-103.684017,4100.0,0.6
963,1189.0,41.893036,-103.684017,2800.0,0.3
964,1189.0,41.893036,-103.684017,3600.0,17.0
965,1459.0,7.217,37.595,91.488488,2.21
966,1459.0,7.217,37.595,83.28320000000001,1.62
967,1170.0,35.18333333333333,-102.1,11283.0,1.345
968,1170.0,35.18333333333333,-102.1,13195.0,1.376
969,1170.0,35.18333333333333,-102.1,813.0,0.216
970,1170.0,35.18333333333333,-102.1,4829.0,1.251
971,28.0,36.833333333333336,116.56666666666666,1848.0,8.916229248046875
972,28.0,36.833333333333336,116.56666666666666,4500.0,0.91
973,28.0,36.833333333333336,116.56666666666666,4829.0,8.69219970703125
974,28.0,36.833333333333336,116.56666666666666,4751.0,0.77
975,28.0,36.833333333333336,116.56666666666666,5175.0,8.69219970703125
976,28.0,36.833333333333336,116.56666666666666,5230.0,8.69219970703125
977,28.0,36.833333333333336,116.56666666666666,5629.0,8.69219970703125
978,28.0,36.833333333333336,116.56666666666666,5716.0,1.42
989,600.0,33.333333333333336,36.43333333333333,12981.81735,1.97
990,600.0,33.333333333333336,36.43333333333333,10840.860749999998,1.65
991,600.0,33.333333333333336,36.43333333333333,12782.23665,1.94
992,600.0,33.333333333333336,36.43333333333333,12981.81735,1.97
993,600.0,33.333333333333336,36.43333333333333,10840.860749999998,1.65
994,600.0,33.333333333333336,36.43333333333333,12782.23665,1.94
995,600.0,33.333333333333336,36.43333333333333,12637.087049999998,1.92
996,600.0,33.333333333333336,36.43333333333333,12637.087049999998,1.92
997,600.0,33.333333333333336,36.43333333333333,12981.81735,1.97
998,600.0,33.333333333333336,36.43333333333333,10840.860749999998,1.65
999,600.0,33.333333333333336,36.43333333333333,12782.23665,1.94
1000,600.0,33.333333333333336,36.43333333333333,12637.087049999998,1.92
1001,328.0,37.1,10.5,7894.0,8.733600616455078
1002,328.0,37.1,10.5,7597.0,8.733600616455078
1003,328.0,37.1,10.5,6651.0,8.69219970703125
1004,328.0,37.1,10.5,7452.000000000001,8.733600616455078
1005,328.0,37.1,10.5,7387.0,8.733600616455078
1006,328.0,37.1,10.5,6351.0,8.69219970703125
1007,328.0,37.1,10.5,2588.9999999999995,8.916229248046875
1008,328.0,37.1,10.5,2698.0,8.916229248046875
1009,328.0,37.1,10.5,2086.0,8.916229248046875
1010,60.0,-2.996722,-60.02233333333333,7166.7615,8.594532012939453
1011,60.0,-2.996722,-60.02233333333333,9616.160999999998,8.635933876037598
1012,60.0,-2.996722,-60.02233333333333,6622.450499999999,8.594532012939453
1015,20.0,39.4175,-0.4184,44000.0,43.6
1016,20.0,39.4175,-0.4184,44000.0,34.1
1017,20.0,39.4175,-0.4184,44000.0,10.180791854858398
1018,20.0,39.4175,-0.4184,78000.0,24.76
1019,20.0,39.4175,-0.4184,70900.0,30.28
1020,20.0,39.4175,-0.4184,58500.0,37.19
1021,20.0,39.4175,-0.4184,49100.0,28.15
1022,20.0,39.4175,-0.4184,89300.0,24.42
1023,20.0,39.4175,-0.4184,77200.0,10.37
1024,20.0,39.4175,-0.4184,55700.0,10.04
1025,20.0,39.4175,-0.4184,15400.0,4.21
1026,20.0,39.4175,-0.4184,118900.0,42.8
1027,20.0,39.4175,-0.4184,119800.0,36.4
1028,20.0,39.4175,-0.4184,135200.0,33.38
1029,20.0,39.4175,-0.4184,119800.0,36.4
1030,20.0,39.4175,-0.4184,109700.0,47.45
1031,20.0,39.4175,-0.4184,109700.0,47.45
1032,20.0,39.4175,-0.4184,88100.0,54.69
1033,20.0,39.4175,-0.4184,98900.0,49.04
1035,20.0,39.4175,-0.4184,73900.0,21.28
1036,20.0,39.4175,-0.4184,78900.0,22.73
1037,20.0,39.4175,-0.4184,53500.0,17.23
1038,20.0,39.4175,-0.4184,52000.0,16.83
1039,20.0,39.4175,-0.4184,42800.0,12.38
1040,20.0,39.4175,-0.4184,51100.0,13.71
1041,20.0,39.4175,-0.4184,63800.0,17.48
1042,20.0,39.4175,-0.4184,47100.0,13.41
1043,20.0,39.4175,-0.4184,57400.0,18.08
1048,0.0,22.7775,-47.2958,2500.0,0.78
1049,0.0,22.7775,-47.2958,3500.0,0.61
1050,0.0,22.7775,-47.2958,3000.0,0.61
1051,0.0,22.7775,-47.2958,2400.0,0.78
1052,0.0,22.7775,-47.2958,2000.0,0.61
1053,0.0,22.7775,-47.2958,3400.0,0.78
1054,0.0,22.7775,-47.2958,4200.0,0.61
1055,0.0,22.7775,-47.2958,3400.0,0.61
1056,0.0,22.7775,-47.2958,2900.0,0.78
1057,0.0,22.7775,-47.2958,2200.0,0.61
1058,0.0,22.7775,-47.2958,2600.0,0.78
1059,0.0,22.7775,-47.2958,3300.0,0.61
1060,0.0,22.7775,-47.2958,3000.0,0.61
1061,0.0,22.7775,-47.2958,2600.0,0.78
1062,0.0,22.7775,-47.2958,2200.0,0.61
1063,0.0,22.7775,-47.2958,2500.0,0.78
1064,0.0,22.7775,-47.2958,3500.0,0.61
1065,0.0,22.7775,-47.2958,3000.0,0.61
1066,0.0,22.7775,-47.2958,2400.0,0.78
1067,0.0,22.7775,-47.2958,2000.0,0.61
1068,976.0,-15.59875,-47.7075,2902.992,8.594532012939453
1069,976.0,-15.59875,-47.7075,2086.5255,8.594532012939453
1070,976.0,-15.59875,-47.7075,2540.1179999999995,8.594532012939453
1071,976.0,-15.59875,-47.7075,1995.807,8.594532012939453
1072,976.0,-15.59875,-47.7075,1814.37,8.594532012939453
1073,976.0,-15.59875,-47.7075,5080.235999999999,8.594532012939453
1074,976.0,-15.598694444444446,-47.7075,3628.74,8.594532012939453
1075,976.0,-15.59875,-47.7075,4445.2065,8.594532012939453
1076,976.0,-15.598694444444446,-47.7075,4445.2065,8.594532012939453
1077,976.0,-15.59875,-47.7075,4717.362,8.594532012939453
1078,0.0,22.7775,-47.2958,2500.0,0.78
1079,0.0,22.7775,-47.2958,3500.0,0.61
1080,0.0,22.7775,-47.2958,3000.0,0.61
1081,0.0,22.7775,-47.2958,2400.0,0.78
1082,0.0,22.7775,-47.2958,2000.0,0.61
1083,0.0,22.7775,-47.2958,3400.0,0.78
1084,0.0,22.7775,-47.2958,4200.0,0.61
1085,0.0,22.7775,-47.2958,3400.0,0.61
1086,0.0,22.7775,-47.2958,2900.0,0.78
1087,0.0,22.7775,-47.2958,2200.0,0.61
1088,0.0,22.7775,-47.2958,2600.0,0.78
1089,0.0,22.7775,-47.2958,3300.0,0.61
1090,0.0,22.7775,-47.2958,2600.0,0.78
1091,0.0,22.7775,-47.2958,2200.0,0.61
1092,179.0,-35.1,147.4,2113.74105,0.53
1093,179.0,-35.1,147.4,2775.9861,0.45
1094,179.0,-35.1,147.4,3120.7164,0.4599999999999999
1095,179.0,-35.1,147.4,4544.99685,0.55
1096,179.0,-35.1,147.4,2576.4054,0.49
1097,179.0,-35.1,147.4,2866.7046,0.43
1098,179.0,-35.1,147.4,3193.2912,0.4599999999999999
1099,179.0,-35.1,147.4,4445.2065,0.5599999999999999
1100,179.0,-35.1,147.4,1623.86115,0.37
1101,179.0,-35.1,147.4,1796.2262999999998,0.32
1102,179.0,-35.1,147.4,2177.244,0.37
1103,179.0,-35.1,147.4,2694.33945,0.4
1110,539.0,-22.7383,-47.6509,2200.0,1.17
1111,539.0,-22.7383,-47.6509,2300.0,0.99
1112,539.0,-22.7383,-47.6509,2600.0,0.94
1113,539.0,-22.7383,-47.6509,3000.0,0.96
1114,539.0,-22.7383,-47.6509,3500.0,0.97
1115,539.0,-22.7383,-47.6509,3400.0,0.83
1116,539.0,-22.7383,-47.6509,4400.0,0.88
1117,539.0,-22.7383,-47.6509,3300.0,0.61
1118,290.0,43.3541,-85.178,34969.260194999995,10.011372566223145
1119,290.0,43.3541,-85.178,41272.38157499999,10.180791854858398
1120,290.0,43.3541,-85.178,34969.260194999995,10.011372566223145
1121,290.0,43.3541,-85.178,41272.38157499999,10.180791854858398
1128,290.0,43.3541,-85.178,34969.260194999995,10.011372566223145
1129,290.0,43.3541,-85.178,41272.38157499999,10.180791854858398
1130,290.0,43.3541,-85.178,34969.260194999995,10.011372566223145
1131,290.0,43.3541,-85.178,41272.38157499999,10.180791854858398
1132,290.0,43.3541,-85.178,34969.260194999995,10.011372566223145
1133,290.0,43.3541,-85.178,41272.38157499999,10.180791854858398
1134,1360.0,39.4,100.35,10223.0,1.07
1135,1360.0,39.4,100.35,9086.0,1.06
1136,1360.0,39.4,100.35,9008.0,1.2
1137,1360.0,39.4,100.35,10871.0,1.13
1138,1360.0,39.4,100.35,9280.0,1.09
1139,1360.0,39.4,100.35,8867.0,1.18
1140,1360.0,39.4,100.35,11575.0,1.38
1141,1360.0,39.4,100.35,10116.0,1.35
1142,1360.0,39.4,100.35,9620.0,1.46
1143,1360.0,39.4,100.35,12172.0,1.69
1144,1360.0,39.4,100.35,10962.0,1.7
1145,1360.0,39.4,100.35,9511.0,1.67
1146,1360.0,39.4,100.35,14897.0,2.48
1147,1360.0,39.4,100.35,12232.0,2.27
1148,1360.0,39.4,100.35,12350.0,2.57
1149,290.0,43.3541,-85.178,34969.260194999995,10.011372566223145
1150,290.0,43.3541,-85.178,41272.38157499999,10.180791854858398
1151,290.0,43.3541,-85.178,34969.260194999995,10.011372566223145
1152,290.0,43.3541,-85.178,41272.38157499999,10.180791854858398
1153,290.0,43.3541,-85.178,34969.260194999995,10.011372566223145
1154,290.0,43.3541,-85.178,41272.38157499999,10.180791854858398
1155,290.0,43.3541,-85.178,34969.260194999995,10.011372566223145
1156,290.0,43.3541,-85.178,41272.38157499999,10.180791854858398
1157,290.0,43.3541,-85.178,34969.260194999995,10.011372566223145
1158,290.0,43.3541,-85.178,41272.38157499999,10.180791854858398
1159,470.0,44.3079869,86.0549057,8015.0,1.35
1160,470.0,44.3079869,86.0549057,8190.0,1.39
1161,470.0,44.3079869,86.0549057,8259.0,1.53
1162,470.0,44.3079869,86.0549057,7729.0,1.47
1163,470.0,44.3079869,86.0549057,6805.0,1.36
1164,470.0,44.3079869,86.0549057,8064.0,1.37
1165,470.0,44.3079869,86.0549057,7273.0,1.24
1166,470.0,44.3079869,86.0549057,5305.0,0.91
1167,470.0,44.3079869,86.0549057,8843.0,1.58
1168,470.0,44.3079869,86.0549057,7969.0,1.5
1169,470.0,44.3079869,86.0549057,7033.0,1.39
1170,470.0,44.3079869,86.0549057,8015.0,8.830930709838867
1171,470.0,44.3079869,86.0549057,8015.0,1.35
1172,470.0,44.3079869,86.0549057,8190.0,1.39
1173,470.0,44.3079869,86.0549057,8259.0,1.53
1174,470.0,44.3079869,86.0549057,7729.0,1.47
1175,470.0,44.3079869,86.0549057,6805.0,1.36
1176,470.0,44.3079869,86.0549057,8874.0,1.58
1177,470.0,44.3079869,86.0549057,8239.0,1.39
1178,470.0,44.3079869,86.0549057,7543.0,1.28
1179,470.0,44.3079869,86.0549057,5547.0,0.94
1180,470.0,44.3079869,86.0549057,8015.0,1.35
1181,470.0,44.3079869,86.0549057,8190.0,1.39
1182,470.0,44.3079869,86.0549057,8259.0,1.53
1183,470.0,44.3079869,86.0549057,7729.0,1.47
1184,470.0,44.3079869,86.0549057,6805.0,1.36
1185,470.0,44.3079869,86.0549057,8874.0,1.58
1186,470.0,44.3079869,86.0549057,8239.0,1.39
1187,470.0,44.3079869,86.0549057,7969.0,1.5
1188,470.0,44.3079869,86.0549057,7543.0,1.28
1189,470.0,44.3079869,86.0549057,5547.0,0.94
1190,1097.0,38.93333333333333,106.81666666666666,6500.0,3.18
1191,1097.0,38.93333333333333,106.81666666666666,6600.0,3.81
1192,1097.0,38.93333333333333,106.81666666666666,5900.0,4.5600000000000005
1193,1097.0,38.93333333333333,106.81666666666666,8000.0,4.13
1194,1097.0,38.93333333333333,106.81666666666666,7800.0,4.66
1195,1097.0,38.93333333333333,106.81666666666666,7300.0,5.35
1196,470.0,44.3079869,86.0549057,8015.0,1.35
1197,470.0,44.3079869,86.0549057,8015.0,1.35
1198,470.0,44.3079869,86.0549057,8190.0,1.39
1199,470.0,44.3079869,86.0549057,8259.0,1.53
1200,470.0,44.3079869,86.0549057,7729.0,1.47
1201,470.0,44.3079869,86.0549057,6805.0,1.36
1202,470.0,44.3079869,86.0549057,8874.0,1.58
1203,470.0,44.3079869,86.0549057,8239.0,1.39
1204,470.0,44.3079869,86.0549057,7543.0,1.28
1205,470.0,44.3079869,86.0549057,5547.0,0.94
1206,470.0,44.3079869,86.0549057,8015.0,1.35
1207,470.0,44.3079869,86.0549057,8015.0,1.35
1208,470.0,44.3079869,86.0549057,8015.0,1.35
1209,470.0,44.3079869,86.0549057,8015.0,1.35
1210,470.0,44.3079869,86.0549057,8015.0,1.35
1211,470.0,44.3079869,86.0549057,8015.0,1.35
1212,470.0,44.3079869,86.0549057,8190.0,1.39
1213,470.0,44.3079869,86.0549057,8259.0,1.53
1214,470.0,44.3079869,86.0549057,7729.0,1.47
1215,470.0,44.3079869,86.0549057,6805.0,1.36
1216,470.0,44.3079869,86.0549057,8064.0,1.37
1217,470.0,44.3079869,86.0549057,7273.0,1.24
1218,470.0,44.3079869,86.0549057,5305.0,0.91
1219,470.0,44.3079869,86.0549057,8843.0,1.58
1220,470.0,44.3079869,86.0549057,7969.0,1.5
1221,470.0,44.3079869,86.0549057,7033.0,1.39
1222,1100.0,38.66666666666666,106.3,1678.29225,26.69
1223,1100.0,38.66666666666666,106.3,2231.6751,9.942523956298828
1224,1100.0,38.66666666666666,106.3,2440.32765,9.942523956298828
1225,1100.0,38.66666666666666,106.3,2549.18985,9.942523956298828
1226,1100.0,38.66666666666666,106.3,1995.807,9.942523956298828
1227,1100.0,38.66666666666666,106.3,1941.3759,9.942523956298828
1228,1100.0,38.66666666666666,106.3,3265.866,9.718496322631836
1229,1100.0,38.66666666666666,106.3,3891.82365,9.718496322631836
1230,1100.0,38.66666666666666,106.3,3093.50085,9.942523956298828
1231,1100.0,38.66666666666666,106.3,2558.2617,9.942523956298828
1232,1100.0,38.66666666666666,106.3,2884.8483,9.942523956298828
1233,1100.0,38.66666666666666,106.3,3401.94375,9.718496322631836
1234,1100.0,38.66666666666666,106.3,3556.1652,9.718496322631836
1235,1100.0,38.66666666666666,106.3,3175.1475,9.942523956298828
1236,1100.0,38.66666666666666,106.3,1787.1544499999998,9.942523956298828
1237,1100.0,38.66666666666666,106.3,1678.29225,9.942523956298828
1238,1100.0,38.66666666666666,106.3,2231.6751,9.942523956298828
1239,1100.0,38.66666666666666,106.3,2440.32765,9.942523956298828
1240,1100.0,38.66666666666666,106.3,2549.18985,9.942523956298828
1241,1100.0,38.66666666666666,106.3,1995.807,9.942523956298828
1242,1100.0,38.66666666666666,106.3,1941.3759,9.942523956298828
1243,1100.0,38.66666666666666,106.3,3265.866,9.718496322631836
1244,1100.0,38.66666666666666,106.3,3891.82365,9.718496322631836
1245,1100.0,38.66666666666666,106.3,3093.50085,9.942523956298828
1246,1100.0,38.66666666666666,106.3,2558.2617,9.942523956298828
1247,1100.0,38.66666666666666,106.3,2884.8483,9.942523956298828
1248,1100.0,38.66666666666666,106.3,3401.94375,9.718496322631836
1249,1100.0,38.66666666666666,106.3,3556.1652,9.718496322631836
1250,1100.0,38.66666666666666,106.3,3175.1475,9.942523956298828
1251,1100.0,38.66666666666666,106.3,1787.1544499999998,9.942523956298828
1252,1100.0,38.66666666666666,106.3,1678.29225,26.69
1253,1100.0,38.66666666666666,106.3,1941.3759,26.04
1254,1100.0,38.66666666666666,106.3,2884.8483,13.25
1255,1100.0,38.66666666666666,106.3,1678.29225,9.942523956298828
1256,1100.0,38.66666666666666,106.3,2231.6751,9.942523956298828
1257,1100.0,38.66666666666666,106.3,2440.32765,9.942523956298828
1258,1100.0,38.66666666666666,106.3,2549.18985,9.942523956298828
1259,1100.0,38.66666666666666,106.3,1995.807,9.942523956298828
1260,1100.0,38.66666666666666,106.3,1941.3759,9.942523956298828
1261,1100.0,38.66666666666666,106.3,3265.866,9.718496322631836
1262,1100.0,38.66666666666666,106.3,3891.82365,9.718496322631836
1263,1100.0,38.66666666666666,106.3,3093.50085,9.942523956298828
1264,1100.0,38.66666666666666,106.3,2558.2617,9.942523956298828
1265,1100.0,38.66666666666666,106.3,2884.8483,9.942523956298828
1266,1100.0,38.66666666666666,106.3,3401.94375,9.718496322631836
1267,1100.0,38.66666666666666,106.3,3556.1652,9.718496322631836
1268,1100.0,38.66666666666666,106.3,3175.1475,9.942523956298828
1269,1100.0,38.66666666666666,106.3,1787.1544499999998,9.942523956298828
1270,1097.0,38.93333333333333,106.81666666666666,13400.0,2.18
1271,1097.0,38.93333333333333,106.81666666666666,13500.0,2.68
1272,1097.0,38.93333333333333,106.81666666666666,12100.0,2.98
1273,1097.0,38.93333333333333,106.81666666666666,13700.0,2.19
1274,1097.0,38.93333333333333,106.81666666666666,13700.0,2.73
1275,1097.0,38.93333333333333,106.81666666666666,12200.0,2.96
1276,247.0,30.9,75.8,22246.0,5.82
1277,247.0,30.9,75.8,28811.0,6.12
1278,247.0,30.9,75.8,27695.0,4.96
1279,247.0,30.9,75.8,22048.0,2.82
1280,247.0,30.9,75.8,21542.0,2.76
1281,1100.0,38.66666666666666,106.3,1678.29225,9.942523956298828
1282,1100.0,38.66666666666666,106.3,2231.6751,9.942523956298828
1283,1100.0,38.66666666666666,106.3,2440.32765,9.942523956298828
1284,1100.0,38.66666666666666,106.3,2549.18985,9.942523956298828
1285,1100.0,38.66666666666666,106.3,1995.807,9.942523956298828
1286,1100.0,38.66666666666666,106.3,1941.3759,9.942523956298828
1287,1100.0,38.66666666666666,106.3,3265.866,9.718496322631836
1288,1100.0,38.66666666666666,106.3,3891.82365,9.718496322631836
1289,1100.0,38.66666666666666,106.3,3093.50085,9.942523956298828
1290,1100.0,38.66666666666666,106.3,2558.2617,9.942523956298828
1291,1100.0,38.66666666666666,106.3,2884.8483,9.942523956298828
1292,1100.0,38.66666666666666,106.3,3401.94375,9.718496322631836
1293,1100.0,38.66666666666666,106.3,3556.1652,9.718496322631836
1294,1100.0,38.66666666666666,106.3,3175.1475,9.942523956298828
1295,1100.0,38.66666666666666,106.3,1787.1544499999998,9.942523956298828
1296,1100.0,38.66666666666666,106.3,1678.29225,26.69
1297,1100.0,38.66666666666666,106.3,1678.29225,26.69
1298,1100.0,38.66666666666666,106.3,2231.6751,9.942523956298828
1299,1100.0,38.66666666666666,106.3,2440.32765,9.942523956298828
1300,1100.0,38.66666666666666,106.3,2549.18985,9.942523956298828
1301,1100.0,38.66666666666666,106.3,1995.807,9.942523956298828
1302,1100.0,38.66666666666666,106.3,1941.3759,9.942523956298828
1303,1100.0,38.66666666666666,106.3,3265.866,9.718496322631836
1304,1100.0,38.66666666666666,106.3,3891.82365,9.718496322631836
1305,1100.0,38.66666666666666,106.3,3093.50085,9.942523956298828
1306,1100.0,38.66666666666666,106.3,2558.2617,9.942523956298828
1307,1100.0,38.66666666666666,106.3,2884.8483,9.942523956298828
1308,1100.0,38.66666666666666,106.3,3401.94375,9.718496322631836
1309,1100.0,38.66666666666666,106.3,3556.1652,9.718496322631836
1310,1100.0,38.66666666666666,106.3,3175.1475,9.942523956298828
1311,1100.0,38.66666666666666,106.3,1787.1544499999998,9.942523956298828
1312,1100.0,38.66666666666666,106.3,1678.29225,26.69
1313,1100.0,38.66666666666666,106.3,2231.6751,9.942523956298828
1314,1100.0,38.66666666666666,106.3,2440.32765,9.942523956298828
1315,1100.0,38.66666666666666,106.3,2549.18985,9.942523956298828
1316,1100.0,38.66666666666666,106.3,1995.807,9.942523956298828
1317,1100.0,38.66666666666666,106.3,1941.3759,9.942523956298828
1318,1100.0,38.66666666666666,106.3,3265.866,9.718496322631836
1319,1100.0,38.66666666666666,106.3,3891.82365,9.718496322631836
1320,1100.0,38.66666666666666,106.3,3093.50085,9.942523956298828
1321,1100.0,38.66666666666666,106.3,2558.2617,9.942523956298828
1322,1100.0,38.66666666666666,106.3,2884.8483,9.942523956298828
1323,1100.0,38.66666666666666,106.3,3401.94375,9.718496322631836
1324,1100.0,38.66666666666666,106.3,3556.1652,9.718496322631836
1325,1100.0,38.66666666666666,106.3,3175.1475,9.942523956298828
1326,1100.0,38.66666666666666,106.3,1787.1544499999998,9.942523956298828
1327,1100.0,38.66666666666666,106.3,1678.29225,5.77
1328,1100.0,38.66666666666666,106.3,2440.32765,21.35
1329,1100.0,38.66666666666666,106.3,3891.82365,21.35
1330,1100.0,38.66666666666666,106.3,3556.1652,9.718496322631836
1331,1100.0,38.66666666666666,106.3,1678.29225,26.69
1332,1100.0,38.66666666666666,106.3,2231.6751,9.942523956298828
1333,1100.0,38.66666666666666,106.3,2440.32765,9.942523956298828
1334,1100.0,38.66666666666666,106.3,2549.18985,9.942523956298828
1335,1100.0,38.66666666666666,106.3,1995.807,9.942523956298828
1336,1100.0,38.66666666666666,106.3,1941.3759,9.942523956298828
1337,1100.0,38.66666666666666,106.3,3265.866,9.718496322631836
1338,1100.0,38.66666666666666,106.3,3891.82365,9.718496322631836
1339,1100.0,38.66666666666666,106.3,3093.50085,9.942523956298828
1340,1100.0,38.66666666666666,106.3,2558.2617,9.942523956298828
1341,1100.0,38.66666666666666,106.3,2884.8483,9.942523956298828
1342,1100.0,38.66666666666666,106.3,3401.94375,9.718496322631836
1343,1100.0,38.66666666666666,106.3,3556.1652,9.718496322631836
1344,1100.0,38.66666666666666,106.3,3175.1475,9.942523956298828
1345,1100.0,38.66666666666666,106.3,1787.1544499999998,9.942523956298828
1346,149.0,30.29994444444445,30.02775,34690.0,10.3
1347,149.0,30.29994444444445,30.02775,33560.0,8.31
1348,149.0,30.29994444444445,30.02775,34690.0,10.3
1349,149.0,30.29994444444445,30.02775,33560.0,8.31
1350,149.0,30.29994444444445,30.02775,34690.0,10.3
1351,149.0,30.29994444444445,30.02775,33560.0,8.31
1352,149.0,30.29994444444445,30.02775,34690.0,10.3
1353,149.0,30.29994444444445,30.02775,33560.0,8.31
1354,2225.0,8.95,37.86666666666667,42365.5395,7.7
1355,2225.0,8.95,37.86666666666667,39190.392,10.8
1356,2225.0,8.95,37.86666666666667,34019.4375,10.4
1357,2225.0,8.95,37.86666666666667,28394.8905,10.6
1358,2225.0,8.95,37.86666666666667,35470.9335,13.1
1359,2225.0,8.95,37.86666666666667,29755.667999999994,12.3
1360,2225.0,8.95,37.86666666666667,25582.617,11.7
1361,2225.0,8.95,37.86666666666667,23133.2175,12.9
1362,2225.0,8.95,37.86666666666667,26943.3945,14.9
1363,550.0,5.3,37.083333333333336,20828.9676,4.85
1364,550.0,5.3,37.083333333333336,27660.07065,6.45
1365,550.0,5.3,37.083333333333336,27868.7232,6.5
1366,550.0,5.3,37.083333333333336,22325.82285,5.2
1367,550.0,5.3,37.083333333333336,13789.211999999998,3.21
1368,28.0,37.0,10.0,23223.936,7.6
1369,28.0,37.0,10.0,19413.759,6.8
1370,28.0,37.0,10.0,18960.1665,7.0
1371,28.0,37.0,10.0,22861.062,9.0
1372,28.0,37.0,10.0,38918.2365,11.4
1373,28.0,37.0,10.0,28757.7645,9.5
1374,28.0,37.0,10.0,37376.022,13.4
1375,28.0,37.0,10.0,34291.59299999999,12.8
1376,28.0,37.0,10.0,35470.9335,11.4
1377,28.0,37.0,10.0,27669.1425,10.2
1378,28.0,37.0,10.0,32840.097,12.9
1379,28.0,37.0,10.0,29483.5125,12.7
1380,30.0,33.8333,10.64,20611.2432,4.89
1381,30.0,33.8333,10.64,14460.5289,5.6
1382,30.0,33.8333,10.64,8382.3894,11.41
1383,30.0,33.8333,10.64,22788.4872,5.9
1384,30.0,33.8333,10.64,17871.5445,6.78
1385,30.0,33.8333,10.64,10804.57335,15.6
1392,150.0,25.27055555555556,49.73027777777778,2000.0,8.594532012939453
1393,150.0,25.27055555555556,49.73027777777778,2500.0,8.594532012939453
1394,150.0,25.27055555555556,49.73027777777778,2150.0,8.594532012939453
1402,66.0,33.1190254,-88.5916703,6595.0,8.594532012939453
1403,66.0,33.1190254,-88.5916703,6591.0,8.594532012939453
1404,66.0,33.1190254,-88.5916703,6594.0,8.594532012939453
1405,66.0,33.1190254,-88.5916703,6587.0,8.594532012939453
1406,66.0,33.1190254,-88.5916703,6607.0,8.594532012939453
1409,7.0,45.35,11.95,45940.0,1.77
1410,7.0,45.35,11.95,41940.0,1.62
1411,19.0,35.91,10.55,490.667,149.9
1412,19.0,35.91,10.55,414.667,168.9
1413,19.0,35.91,10.55,220.229,134.6
1414,1810.0,29.933333333333334,52.03333333333333,3062.0,0.32
1415,1810.0,29.933333333333334,52.03333333333333,3001.0,0.33
1416,1810.0,29.933333333333334,52.03333333333333,3062.0,0.33
1417,1810.0,29.933333333333334,52.03333333333333,2052.0,0.21
1418,1810.0,29.933333333333334,52.03333333333333,1938.0,0.25
1419,1810.0,29.933333333333334,52.03333333333333,2265.0,0.21
1420,1810.0,29.933333333333334,52.03333333333333,3305.0,0.33
1421,1810.0,29.933333333333334,52.03333333333333,1125.0,0.16
1422,1810.0,29.933333333333334,52.03333333333333,1305.0,0.18
1423,1810.0,29.933333333333334,52.03333333333333,1451.0,0.2
1424,1810.0,29.933333333333334,52.03333333333333,2185.0,0.23
1425,7.0,45.35,11.95,45940.0,1.77
1426,7.0,45.35,11.95,41940.0,1.62
1427,950.0,36.333333333333336,59.583333333333336,3677.0,8.69219970703125
1428,1250.0,36.16666666666666,58.833333333333336,1762.1,8.916229248046875
1429,950.0,36.333333333333336,59.583333333333336,3571.9999999999995,8.69219970703125
1430,950.0,36.333333333333336,59.583333333333336,3446.0,8.69219970703125
1431,7.0,45.35,11.95,45940.0,1.77
1432,7.0,45.35,11.95,41940.0,1.62
1433,976.0,-15.59875,-47.7075,2902.992,8.594532012939453
1434,976.0,-15.59875,-47.7075,2086.5255,8.594532012939453
1435,976.0,-15.59875,-47.7075,2540.1179999999995,8.594532012939453
1436,976.0,-15.59875,-47.7075,1995.807,8.594532012939453
1437,976.0,-15.59875,-47.7075,1814.37,8.594532012939453
1438,976.0,-15.59875,-47.7075,5080.235999999999,8.594532012939453
1439,976.0,-15.59875,-47.7075,3628.74,8.594532012939453
1440,976.0,-15.59875,-47.7075,4445.2065,8.594532012939453
1441,976.0,-15.59875,-47.7075,4717.362,8.594532012939453
1442,7.0,45.35,11.95,45940.0,1.77
1443,7.0,45.35,11.95,41940.0,1.62
1444,7.0,45.35,11.95,45940.0,1.77
1445,7.0,45.35,11.95,41940.0,1.62
1446,521.0,34.333333333333336,108.06666666666666,86908.32299999999,10.740839958190918
1454,66.0,33.1190254,-88.5916703,6595.0,8.594532012939453
1455,66.0,33.1190254,-88.5916703,6591.0,8.594532012939453
1456,66.0,33.1190254,-88.5916703,6594.0,8.594532012939453
1457,66.0,33.1190254,-88.5916703,6587.0,8.594532012939453
1458,66.0,33.1190254,-88.5916703,6607.0,8.594532012939453
1459,1945.0,14.149166666666666,38.28388888888889,29900.0,4.702
1460,1945.0,14.149166666666666,38.28388888888889,22930.0,5.088
1461,1945.0,14.149166666666666,38.28388888888889,25570.0,9.966034889221191
1462,1945.0,14.149166666666666,38.28388888888889,13700.0,8.848677635192871
1463,1945.0,14.149166666666666,38.28388888888889,21900.0,9.815242767333984
1464,1945.0,14.149166666666666,38.28388888888889,19270.0,9.815242767333984
1465,1945.0,14.149166666666666,38.28388888888889,15070.0,8.8541841506958
1466,1473.0,36.9,80.61666666666667,3770.0,0.613
1467,1473.0,36.9,80.61666666666667,4110.0,0.6679999999999999
1468,1473.0,36.9,80.61666666666667,4540.0,0.761
1469,1473.0,36.9,80.61666666666666,3930.0,0.663
1470,1473.0,36.9,80.61666666666667,3770.0,0.613
1471,1473.0,36.9,80.61666666666667,3530.0,0.58
1472,1473.0,36.9,80.61666666666667,2670.0,0.428
1479,66.0,33.1190254,-88.5916703,6594.0,8.594532012939453
1480,66.0,33.1190254,-88.5916703,6607.0,8.594532012939453
1481,66.0,33.1190254,-88.5916703,6591.0,8.594532012939453
1482,66.0,33.1190254,-88.5916703,6587.0,8.594532012939453
1483,66.0,33.1190254,-88.5916703,6595.0,8.594532012939453
1491,66.0,33.1190254,-88.5916703,6595.0,8.594532012939453
1492,66.0,33.1190254,-88.5916703,6591.0,8.594532012939453
1493,66.0,33.1190254,-88.5916703,6594.0,8.594532012939453
1494,66.0,33.1190254,-88.5916703,6587.0,8.594532012939453
1495,66.0,33.1190254,-88.5916703,6607.0,8.594532012939453
1496,1203.0,6.066666666666666,37.55055555555556,39281.1105,10.184436798095703
1497,1203.0,6.06667,37.55055555555556,39190.392,10.184436798095703
1498,1203.0,6.066666666666666,37.55055555555556,39099.6735,10.184436798095703
1499,1203.0,6.066666666666666,37.55055555555556,39008.955,10.184436798095703
1500,1203.0,6.06667,37.55055555555556,38918.2365,10.184436798095703
1501,1203.0,6.06667,37.55055555555556,38918.2365,10.184436798095703
1502,1203.0,6.06667,37.55055555555556,13063.464,8.848677635192871
1503,1203.0,6.066666666666666,37.55055555555556,13063.464,8.848677635192871
1504,1203.0,6.06667,37.55055555555556,38373.9255,10.184436798095703
1505,1203.0,6.06667,37.55055555555556,38283.207,10.184436798095703
1506,1203.0,6.066666666666666,37.55055555555556,38192.4885,10.184436798095703
1507,1203.0,6.06667,37.55055555555556,38101.77,10.184436798095703
1508,1203.0,6.06667,37.55055555555556,38011.0515,10.184436798095703
1509,1203.0,6.66667,37.55055555555556,38011.0515,10.184436798095703
1510,1203.0,6.066666666666666,37.55055555555556,12156.279,8.848677635192871
1511,1203.0,6.06667,37.55055555555556,12156.279,8.848677635192871
1522,28.0,36.833333333333336,116.56666666666666,1848.0,0.4599999999999999
1523,28.0,36.833333333333336,116.56666666666666,4500.0,0.91
1524,28.0,36.833333333333336,116.56666666666666,4829.0,0.77
1525,28.0,36.833333333333336,116.56666666666666,4751.0,0.85
1526,28.0,36.833333333333336,116.56666666666666,4905.0,1.39
1527,28.0,36.833333333333336,116.56666666666666,5229.0,1.41
1528,28.0,36.833333333333336,116.56666666666666,5629.0,1.44
1529,28.0,36.833333333333336,116.56666666666666,5716.0,1.42
1530,28.0,36.833333333333336,116.56666666666666,1848.0,0.4599999999999999
1531,28.0,36.833333333333336,116.56666666666666,4500.0,0.91
1532,28.0,36.833333333333336,116.56666666666666,4829.0,0.77
1533,28.0,36.833333333333336,116.56666666666666,4751.0,0.85
1534,28.0,36.833333333333336,116.56666666666666,4905.0,1.39
1535,28.0,36.833333333333336,116.56666666666666,5229.0,1.41
1536,28.0,36.833333333333336,116.56666666666666,5629.0,1.44
1537,28.0,36.833333333333336,116.56666666666666,5716.0,1.42
1538,28.0,36.833333333333336,116.56666666666666,1848.0,0.4599999999999999
1539,28.0,36.833333333333336,116.56666666666666,4500.0,0.91
1540,28.0,36.833333333333336,116.56666666666666,4829.0,0.77
1541,28.0,36.833333333333336,116.56666666666666,4751.0,0.85
1542,28.0,36.833333333333336,116.56666666666666,4905.0,1.39
1543,28.0,36.833333333333336,116.56666666666666,5229.0,1.41
1544,28.0,36.833333333333336,116.56666666666666,5629.0,1.44
1545,28.0,36.833333333333336,116.56666666666666,5716.0,1.42
1546,28.0,36.833333333333336,116.56666666666666,1848.0,0.4599999999999999
1547,28.0,36.833333333333336,116.56666666666666,4500.0,0.91
1548,28.0,36.833333333333336,116.56666666666666,4829.0,0.77
1549,28.0,36.833333333333336,116.56666666666666,4751.0,0.85
1550,28.0,36.833333333333336,116.56666666666666,4905.0,1.39
1551,28.0,36.833333333333336,116.56666666666666,5229.0,1.41
1552,28.0,36.833333333333336,116.56666666666666,5629.0,1.44
1553,28.0,36.833333333333336,116.56666666666666,5716.0,1.42
1554,28.0,36.833333333333336,116.56666666666666,1848.0,0.4599999999999999
1555,28.0,36.833333333333336,116.56666666666666,4500.0,0.91
1556,28.0,36.833333333333336,116.56666666666666,4829.0,0.77
1557,28.0,36.833333333333336,116.56666666666666,4751.0,0.85
1558,28.0,36.833333333333336,116.56666666666666,4905.0,1.39
1559,28.0,36.833333333333336,116.56666666666666,5229.0,1.41
1560,28.0,36.833333333333336,116.56666666666666,5629.0,1.44
1561,28.0,36.833333333333336,116.56666666666666,5716.0,1.42
1562,28.0,36.833333333333336,116.56666666666666,1848.0,0.4599999999999999
1563,28.0,36.833333333333336,116.56666666666666,4500.0,0.91
1564,28.0,36.833333333333336,116.56666666666666,4829.0,0.77
1565,28.0,36.833333333333336,116.56666666666666,4751.0,0.85
1566,28.0,36.833333333333336,116.56666666666666,4905.0,1.39
1567,28.0,36.833333333333336,116.56666666666666,5229.0,1.41
1568,28.0,36.833333333333336,116.56666666666666,5629.0,1.44
1569,28.0,36.833333333333336,116.56666666666666,5716.0,1.42
1570,28.0,36.833333333333336,116.56666666666666,1848.0,0.4599999999999999
1571,28.0,36.833333333333336,116.56666666666666,4500.0,0.91
1572,28.0,36.833333333333336,116.56666666666666,4829.0,0.77
1573,28.0,36.833333333333336,116.56666666666666,4751.0,0.85
1574,28.0,36.833333333333336,116.56666666666666,4905.0,1.39
1575,28.0,36.833333333333336,116.56666666666666,5229.0,1.41
1576,28.0,36.833333333333336,116.56666666666666,5629.0,1.44
1577,28.0,36.833333333333336,116.56666666666666,5716.0,1.42
1578,28.0,36.833333333333336,116.56666666666666,1848.0,0.4599999999999999
1579,28.0,36.833333333333336,116.56666666666666,4500.0,0.91
1580,28.0,36.833333333333336,116.56666666666666,4829.0,0.77
1581,28.0,36.833333333333336,116.56666666666666,4751.0,0.85
1582,28.0,36.833333333333336,116.56666666666666,4905.0,1.39
1583,28.0,36.833333333333336,116.56666666666666,5229.0,1.41
1584,28.0,36.833333333333336,116.56666666666666,5629.0,1.44
1585,28.0,36.833333333333336,116.56666666666666,5716.0,1.42
1586,28.0,36.833333333333336,116.56666666666666,1848.0,0.4599999999999999
1587,28.0,36.833333333333336,116.56666666666666,4500.0,0.91
1588,28.0,36.833333333333336,116.56666666666666,4829.0,0.77
1589,28.0,36.833333333333336,116.56666666666666,4751.0,0.85
1590,28.0,36.833333333333336,116.56666666666666,4905.0,1.39
1591,28.0,36.833333333333336,116.56666666666666,5229.0,1.41
1592,28.0,36.833333333333336,116.56666666666666,5629.0,1.44
1593,28.0,36.833333333333336,116.56666666666666,5716.0,1.42
1594,28.0,36.833333333333336,116.56666666666666,1848.0,0.4599999999999999
1595,28.0,36.833333333333336,116.56666666666666,4500.0,0.91
1596,28.0,36.833333333333336,116.56666666666666,4829.0,0.77
1597,28.0,36.833333333333336,116.56666666666666,4751.0,0.85
1598,28.0,36.833333333333336,116.56666666666666,4905.0,1.39
1599,28.0,36.833333333333336,116.56666666666666,5229.0,1.41
1600,28.0,36.833333333333336,116.56666666666666,5629.0,1.44
1601,28.0,36.833333333333336,116.56666666666666,5716.0,1.42
1602,28.0,36.833333333333336,116.56666666666666,1848.0,0.4599999999999999
1603,28.0,36.833333333333336,116.56666666666666,4500.0,0.91
1604,28.0,36.833333333333336,116.56666666666666,4829.0,0.77
1605,28.0,36.833333333333336,116.56666666666666,4751.0,0.85
1606,28.0,36.833333333333336,116.56666666666666,4905.0,1.39
1607,28.0,36.833333333333336,116.56666666666666,5229.0,1.41
1608,28.0,36.833333333333336,116.56666666666666,5629.0,1.44
1609,28.0,36.833333333333336,116.56666666666666,5716.0,1.42
1610,28.0,36.833333333333336,116.56666666666666,1848.0,0.4599999999999999
1611,28.0,36.833333333333336,116.56666666666666,4500.0,0.91
1612,28.0,36.833333333333336,116.56666666666666,4829.0,0.77
1613,28.0,36.833333333333336,116.56666666666666,4751.0,0.85
1614,28.0,36.833333333333336,116.56666666666666,4905.0,1.39
1615,28.0,36.833333333333336,116.56666666666666,5229.0,1.41
1616,28.0,36.833333333333336,116.56666666666666,5629.0,1.44
1617,28.0,36.833333333333336,116.56666666666666,5716.0,1.42
1618,600.0,33.333333333333336,36.43333333333333,4500.0,0.588
1619,600.0,33.333333333333336,36.43333333333333,3091.1,0.513
1620,600.0,33.333333333333336,36.43333333333333,2740.2,0.457
1621,600.0,33.333333333333336,36.43333333333333,4827.0,0.593
1622,600.0,33.333333333333336,36.43333333333333,3133.4,0.492
1623,600.0,33.333333333333336,36.43333333333333,2412.1,0.375
1624,600.0,33.333333333333336,36.43333333333333,4500.0,0.588
1625,600.0,33.333333333333336,36.43333333333333,4827.0,0.593
1626,600.0,33.333333333333336,36.43333333333333,3091.1,0.513
1627,600.0,33.333333333333336,36.43333333333333,3133.4,0.492
1628,600.0,33.333333333333336,36.43333333333333,3068.3,0.539
1629,600.0,33.333333333333336,36.43333333333333,2412.1,0.375
1630,600.0,33.333333333333336,36.43333333333333,4500.0,0.588
1631,600.0,33.333333333333336,36.43333333333333,4827.0,0.593
1632,600.0,33.333333333333336,36.43333333333333,3091.1,0.513
1633,600.0,33.333333333333336,36.43333333333333,3133.4,0.492
1634,600.0,33.333333333333336,36.43333333333333,3068.3,0.539
1635,600.0,33.333333333333336,36.43333333333333,2412.1,0.375
1636,600.0,33.333333333333336,36.43333333333333,4500.0,0.588
1637,600.0,33.333333333333336,36.43333333333333,3091.1,0.513
1638,600.0,33.333333333333336,36.43333333333333,2740.2,0.457
1639,600.0,33.333333333333336,36.43333333333333,4827.0,0.593
1640,600.0,33.333333333333336,36.43333333333333,3133.4,0.492
1641,600.0,33.333333333333336,36.43333333333333,2412.1,0.375
1642,600.0,33.333333333333336,36.43333333333333,4500.0,0.588
1643,600.0,33.333333333333336,36.43333333333333,4827.0,0.593
1644,600.0,33.333333333333336,36.43333333333333,3091.1,0.513
1645,600.0,33.333333333333336,36.43333333333333,3133.4,0.492
1646,600.0,33.333333333333336,36.43333333333333,3068.3,0.539
1647,600.0,33.333333333333336,36.43333333333333,2412.1,0.375
1648,600.0,33.333333333333336,36.43333333333333,4500.0,0.588
1649,600.0,33.333333333333336,36.43333333333333,4827.0,0.593
1650,600.0,33.333333333333336,36.43333333333333,3091.1,0.513
1651,600.0,33.333333333333336,36.43333333333333,3133.4,0.492
1652,600.0,33.333333333333336,36.43333333333333,3068.3,0.539
1653,600.0,33.333333333333336,36.43333333333333,2412.1,0.375
1654,600.0,33.333333333333336,36.43333333333333,4500.0,0.588
1655,600.0,33.333333333333336,36.43333333333333,4827.0,0.593
1656,600.0,33.333333333333336,36.43333333333333,3091.1,0.513
1657,600.0,33.333333333333336,36.43333333333333,3133.4,0.492
1658,600.0,33.333333333333336,36.43333333333333,3068.3,0.539
1659,600.0,33.333333333333336,36.43333333333333,2412.1,0.375
1660,600.0,33.333333333333336,36.43333333333333,4500.0,0.588
1661,600.0,33.333333333333336,36.43333333333333,4827.0,0.593
1662,600.0,33.333333333333336,36.43333333333333,3091.1,0.513
1663,600.0,33.333333333333336,36.43333333333333,3133.4,0.492
1664,600.0,33.333333333333336,36.43333333333333,2740.2,0.457
1665,600.0,33.333333333333336,36.43333333333333,2412.1,0.375
1666,600.0,33.333333333333336,36.43333333333333,4500.0,0.588
1667,600.0,33.333333333333336,36.43333333333333,3091.1,0.513
1668,600.0,33.333333333333336,36.43333333333333,2740.2,0.457
1669,600.0,33.333333333333336,36.43333333333333,4827.0,0.593
1670,600.0,33.333333333333336,36.43333333333333,3133.4,0.492
1671,600.0,33.333333333333336,36.43333333333333,2412.1,0.375
1672,600.0,33.333333333333336,36.43333333333333,4500.0,0.588
1673,600.0,33.333333333333336,36.43333333333333,4827.0,0.593
1674,600.0,33.333333333333336,36.43333333333333,3091.1,0.513
1675,600.0,33.333333333333336,36.43333333333333,3133.4,0.492
1676,600.0,33.333333333333336,36.43333333333333,3068.3,0.539
1677,600.0,33.333333333333336,36.43333333333333,2412.1,0.375
1678,600.0,33.333333333333336,36.43333333333333,4500.0,0.588
1679,600.0,33.333333333333336,36.43333333333333,4827.0,0.593
1680,600.0,33.333333333333336,36.43333333333333,3091.1,0.513
1681,600.0,33.333333333333336,36.43333333333333,3133.4,0.492
1682,600.0,33.333333333333336,36.43333333333333,3068.3,0.539
1683,600.0,33.333333333333336,36.43333333333333,2412.1,0.375
1684,600.0,33.333333333333336,36.43333333333333,4500.0,0.588
1685,600.0,33.333333333333336,36.43333333333333,4827.0,0.593
1686,600.0,33.333333333333336,36.43333333333333,3091.1,0.513
1687,600.0,33.333333333333336,36.43333333333333,3133.4,0.492
1688,600.0,33.333333333333336,36.43333333333333,2740.2,0.457
1689,600.0,33.333333333333336,36.43333333333333,2412.1,0.375
1690,1200.0,38.85,100.81,5981.0,1.13
1691,1200.0,38.85,100.81,5981.0,1.29
1692,1200.0,38.85,100.81,6154.0,1.31
1693,1200.0,38.85,100.81,6128.0,1.12
1694,1200.0,38.85,100.81,6128.0,1.4
1695,1200.0,38.85,100.81,6354.0,1.37
1696,1200.0,38.85,100.81,6314.0,1.31
1697,1200.0,38.85,100.81,6314.0,1.67
1698,1200.0,38.85,100.81,6297.0,1.52
1699,600.0,33.333333333333336,36.43333333333333,4500.0,0.588
1700,600.0,33.333333333333336,36.43333333333333,4827.0,0.593
1701,600.0,33.333333333333336,36.43333333333333,3091.1,0.513
1702,600.0,33.333333333333336,36.43333333333333,3133.4,0.492
1703,600.0,33.333333333333336,36.43333333333333,3068.3,0.539
1704,600.0,33.333333333333336,36.43333333333333,2412.1,0.375
1705,600.0,33.333333333333336,36.43333333333333,4500.0,0.588
1706,600.0,33.333333333333336,36.43333333333333,4827.0,0.593
1707,600.0,33.333333333333336,36.43333333333333,3091.1,0.513
1708,600.0,33.333333333333336,36.43333333333333,3133.4,0.492
1709,600.0,33.333333333333336,36.43333333333333,3068.3,0.539
1710,600.0,33.333333333333336,36.43333333333333,2412.1,0.375
1711,1782.0,14.3,38.72,6714.8,1.778
1712,1782.0,14.3,38.72,4548.6,1.607
1713,1782.0,14.3,38.72,4310.8,2.288
1714,1782.0,14.3,38.72,3075.2,0.815
1715,1782.0,14.3,38.72,3964.5,1.4
1716,1782.0,14.3,38.72,2647.5,1.402
1717,1782.0,14.3,38.72,7323.3,0.972
1718,1782.0,14.3,38.72,5238.2,0.925
1719,1782.0,14.3,38.72,4032.3,1.068
1720,242.0,34.05,-117.75,6339.3,16.027297973632812
1721,242.0,34.05,-117.75,7369.5,16.027297973632812
1722,242.0,34.05,-117.75,9097.4,16.027297973632812
1723,242.0,34.05,-117.75,9831.1,16.027297973632812
1724,242.0,34.05,-117.75,9585.4,16.027297973632812
1725,242.0,34.05,-117.75,6263.0,16.027297973632812
1726,242.0,34.05,-117.75,7310.2,16.027297973632812
1727,242.0,34.05,-117.75,9009.7,16.027297973632812
1728,242.0,34.05,-117.75,9860.8,16.027297973632812
1729,242.0,34.05,-117.75,9927.9,16.027297973632812
1730,975.0,-2.1166666666666667,37.7285,9888.3165,1.97
1731,975.0,-2.1166666666666667,37.7285,9434.724,1.96
1732,975.0,-2.1166666666666667,37.72833333333333,8890.413,1.98
1733,975.0,-2.1166666666666667,37.7285,8164.664999999999,2.06
1734,975.0,-2.1166666666666667,37.7285,7620.354,2.2
1735,975.0,-2.1166666666666667,37.7285,9253.286999999998,2.3
1736,975.0,-2.1166666666666667,37.7285,8255.3835,2.37
1737,975.0,-2.1166666666666667,37.7285,7711.072499999999,2.48
1738,975.0,-2.1166666666666667,37.7285,5443.11,1.98
1739,975.0,-2.1166666666666667,37.7285,2721.555,1.66
1740,20.0,36.98333333333333,35.3,7021.6119,1.77
1741,20.0,36.98333333333333,35.3,6323.079449999999,1.69
1742,20.0,36.98333333333333,35.3,5542.90035,1.63
1743,20.0,36.98333333333333,35.3,7003.468199999999,1.73
1744,20.0,36.98333333333333,35.3,9434.724,1.54
1745,589.0,32.55,35.85,4345.41615,1.13
1746,589.0,32.55,35.85,3719.4584999999993,1.07
1747,589.0,32.55,35.85,3456.37485,1.07
1748,589.0,32.55,35.85,2032.0944,0.82
1749,589.0,32.55,35.85,3882.7518,0.93
1750,589.0,32.55,35.85,3147.93195,0.95
1751,589.0,32.55,35.85,3020.92605,0.91
1752,589.0,32.55,35.85,3528.94965,0.97
1753,570.0,-21.247222,-48.28472,132902.60249999998,14.669999999999998
1754,1097.0,38.93333333333333,106.81666666666666,6500.0,3.18
1755,1097.0,38.93333333333333,106.81666666666666,6600.0,3.81
1756,1097.0,38.93333333333333,106.81666666666666,5900.0,4.5600000000000005
1757,1097.0,38.93333333333333,106.81666666666666,8000.0,4.13
1758,1097.0,38.93333333333333,106.81666666666666,7800.0,4.66
1759,1097.0,38.93333333333333,106.81666666666666,7300.0,5.35
1760,1097.0,38.93333333333333,106.81666666666666,13400.0,2.18
1761,1097.0,38.93333333333333,106.81666666666666,13500.0,2.68
1762,1097.0,38.93333333333333,106.81666666666666,12100.0,2.98
1763,1097.0,38.93333333333333,106.81666666666666,13700.0,2.19
1764,1097.0,38.93333333333333,106.81666666666666,13700.0,2.73
1765,1097.0,38.93333333333333,106.81666666666666,12200.0,2.96
1766,1097.0,38.93333333333333,106.81666666666666,6500.0,3.18
1767,1097.0,38.93333333333333,106.81666666666666,6600.0,3.81
1768,1097.0,38.93333333333333,106.81666666666666,5900.0,4.5600000000000005
1769,1097.0,38.933333,106.81666666666666,8000.0,4.13
1770,1097.0,38.93333333333333,106.81666666666666,7800.0,4.66
1771,1097.0,38.93333333333333,106.81666666666666,7300.0,5.35
1772,1097.0,38.93333333333333,106.81666666666666,13400.0,2.18
1773,1097.0,38.93333333333333,106.81666666666666,13500.0,2.68
1774,1097.0,38.93333333333333,106.81666666666666,12100.0,2.98
1775,1097.0,38.93333333333333,106.81666666666666,13700.0,2.19
1776,1097.0,38.93333333333333,106.81666666666666,13700.0,2.73
1777,1097.0,38.93333333333333,106.81666666666666,12200.0,2.96
1778,1097.0,38.93333333333333,106.81666666666666,6500.0,3.18
1779,1097.0,38.93333333333333,106.81666666666666,6600.0,3.81
1780,1097.0,38.93333333333333,106.81666666666666,5900.0,4.5600000000000005
1781,1097.0,38.93333333333333,106.81666666666666,8000.0,4.13
1782,1097.0,38.93333333333333,106.81666666666666,7800.0,4.66
1783,1097.0,38.93333333333333,106.81666666666666,7300.0,5.35
1784,1097.0,38.93333333333333,106.81666666666666,13400.0,2.18
1785,1097.0,38.93333333333333,106.81666666666666,13500.0,2.68
1786,1097.0,38.93333333333333,106.81666666666666,12100.0,2.98
1787,1097.0,38.93333333333333,106.81666666666666,13700.0,2.19
1788,1097.0,38.93333333333333,106.81666666666666,13700.0,2.73
1789,1097.0,38.933333,106.81666666666666,12200.0,2.96
1790,1097.0,38.93333333333333,106.81666666666666,13400.0,2.18
1791,1097.0,38.93333333333333,106.81666666666666,13500.0,2.68
1792,1097.0,38.93333333333333,106.81666666666666,12100.0,2.98
1793,1097.0,38.93333333333333,106.81666666666666,13700.0,2.19
1794,1097.0,38.93333333333333,106.81666666666666,13700.0,2.73
1795,1097.0,38.93333333333333,106.81666666666666,12200.0,2.96
1796,1097.0,38.93333333333333,106.81666666666666,6500.0,3.18
1797,1097.0,38.93333333333333,106.81666666666666,6600.0,3.81
1798,1097.0,38.93333333333333,106.81666666666666,5900.0,4.5600000000000005
1799,1097.0,38.93333333333333,106.81666666666666,8000.0,4.13
1800,1097.0,38.93333333333333,106.81666666666666,7800.0,4.66
1801,1097.0,38.93333333333333,106.81666666666666,7300.0,5.35
1802,1097.0,38.933333,106.81666666666666,13400.0,2.18
1803,1097.0,38.93333333333333,106.81666666666666,13500.0,2.68
1804,1097.0,38.93333333333333,106.81666666666666,12100.0,2.98
1805,1097.0,38.93333333333333,106.81666666666666,13700.0,2.19
1806,1097.0,38.93333333333333,106.81666666666666,13700.0,2.73
1807,1097.0,38.93333333333333,106.81666666666666,12200.0,2.96
1808,1097.0,38.93333333333333,106.81666666666666,13400.0,2.18
1809,1097.0,38.93333333333333,106.81666666666666,13500.0,2.68
1810,1097.0,38.93333333333333,106.81666666666666,12100.0,2.98
1811,1097.0,38.93333333333333,106.81666666666666,13700.0,2.19
1812,1097.0,38.93333333333333,106.81666666666666,13700.0,2.73
1813,1097.0,38.93333333333333,106.81666666666666,12200.0,2.96
1814,1097.0,38.93333333333333,106.81666666666666,6500.0,3.18
1815,1097.0,38.93333333333333,106.81666666666666,6600.0,3.81
1816,1097.0,38.93333333333333,106.81666666666666,5900.0,4.5600000000000005
1817,1097.0,38.93333333333333,106.81666666666666,8000.0,4.13
1818,1097.0,38.93333333333333,106.81666666666666,7800.0,4.66
1819,1097.0,38.93333333333333,106.81666666666666,7300.0,5.35
1820,1097.0,38.93333333333333,106.81666666666666,13400.0,2.18
1821,1097.0,38.93333333333333,106.81666666666666,13500.0,2.68
1822,1097.0,38.93333333333333,106.81666666666666,12100.0,2.98
1823,1097.0,38.93333333333333,106.81666666666666,13700.0,2.19
1824,1097.0,38.933333,106.81666666666666,13700.0,2.73
1825,1097.0,38.93333333333333,106.81666666666666,12200.0,2.96
1826,1097.0,38.93333333333333,106.81666666666666,13400.0,2.18
1827,1097.0,38.933333,106.81666666666666,13500.0,2.68
1828,1097.0,38.93333333333333,106.81666666666666,12100.0,2.98
1829,1097.0,38.93333333333333,106.81666666666666,13700.0,2.19
1830,1097.0,38.93333333333333,106.81666666666666,13700.0,2.73
1831,1097.0,38.93333333333333,106.81666666666666,12200.0,2.96
1832,1097.0,38.93333333333333,106.81666666666666,13400.0,2.18
1833,1097.0,38.93333333333333,106.81666666666666,13500.0,2.68
1834,1097.0,38.93333333333333,106.81666666666666,12100.0,2.98
1835,1097.0,38.93333333333333,106.81666666666666,13700.0,2.19
1836,1097.0,38.93333333333333,106.81666666666666,13700.0,2.73
1837,1097.0,38.93333333333333,106.81666666666666,12200.0,2.96
1838,1097.0,38.93333333333333,106.81666666666666,13400.0,2.18
1839,1097.0,38.93333333333333,106.81666666666666,13500.0,2.68
1840,1097.0,38.93333333333333,106.81666666666666,12100.0,2.98
1841,1097.0,38.93333333333333,106.81666666666666,13700.0,2.19
1842,1097.0,38.93333333333333,106.81666666666666,13700.0,2.73
1843,1097.0,38.93333333333333,106.81666666666666,12200.0,2.96
1844,1097.0,38.93333333333333,106.81666666666666,13400.0,2.18
1845,1097.0,38.93333333333333,106.81666666666666,13500.0,2.68
1846,1097.0,38.93333333333333,106.81666666666666,12100.0,2.98
1847,1097.0,38.93333333333333,106.81666666666666,13700.0,2.19
1848,1097.0,38.93333333333333,106.81666666666666,13700.0,2.73
1849,1097.0,38.933333,106.81666666666666,12200.0,2.96
1850,226.0,46.2831,-119.4425,10177.1097729,2987434.18593675
1851,226.0,46.2831,-119.4425,18291.8977416,5291791.133766749
1852,226.0,46.2831,-119.4425,10401.2751864,3077962.4946015
1853,64.0,36.61666666666667,10.1403,14870.000000000002,8.946345329284668
1854,64.0,36.61666666666667,10.1403,9300.0,8.733600616455078
1855,4.0,31.1,30.933333333333334,9334.0,0.81
1856,4.0,31.1,30.933333333333334,10220.0,1.1
1857,4.0,31.1,30.933333333333334,8298.0,0.82
1858,4.0,31.1,30.933333333333334,9944.0,1.2
1859,4.0,31.1,30.933333333333334,6637.0,0.91
1860,4.0,31.1,30.933333333333334,7414.0,1.1
1861,4.0,31.1,30.933333333333334,10162.0,0.83
1862,4.0,31.1,30.933333333333334,9468.0,0.97
1863,4.0,31.1,30.933333333333334,8365.0,0.89
1864,4.0,31.1,30.933333333333334,9954.0,1.16
1865,4.0,31.1,30.933333333333334,6854.0,0.92
1866,4.0,31.1,30.933333333333334,9954.0,1.12
1867,64.0,36.61666666666667,10.1403,14870.000000000002,2.8
1868,64.0,36.61666666666667,10.1403,14012.0,3.0
1869,64.0,36.61666666666667,10.1403,10250.999999999998,4.0
1870,64.0,36.61666666666667,10.1403,12546.0,2.8
1871,64.0,36.61666666666667,10.1403,11500.0,3.1
1872,64.0,36.61666666666667,10.1403,11007.0,4.0
1873,64.0,36.61666666666667,10.1403,13622.0,2.8
1874,64.0,36.61666666666667,10.1403,14870.000000000002,8.946345329284668
1875,64.0,36.61666666666667,10.1403,9300.0,8.733600616455078
1876,64.0,36.61666666666667,10.1403,14870.000000000002,2.8
1877,64.0,36.61666666666667,10.1403,14012.0,3.0
1878,64.0,36.61666666666667,10.1403,10250.999999999998,4.0
1879,64.0,36.61666666666667,10.1403,13622.0,2.8
1880,64.0,36.61666666666667,10.1403,11500.0,3.1
1881,64.0,36.61666666666667,10.1403,11007.0,4.0
1882,64.0,36.61666666666667,10.1403,14870.000000000002,8.946345329284668
1883,64.0,36.61666666666667,10.1403,9300.0,8.733600616455078
1884,64.0,36.61666666666667,10.1403,14870.000000000002,8.946345329284668
1885,64.0,36.61666666666667,10.1403,9300.0,8.733600616455078
1886,64.0,36.61666666666667,10.1403,14870.000000000002,8.946345329284668
1887,64.0,36.61666666666667,10.1403,9300.0,8.733600616455078
1888,64.0,36.61666666666667,10.1403,14870.000000000002,8.946345329284668
1889,64.0,36.61666666666667,10.1403,9300.0,8.733600616455078
1890,64.0,36.61666666666667,10.1403,14870.000000000002,8.946345329284668
1891,64.0,36.61666666666667,10.1403,9300.0,8.733600616455078
1892,64.0,36.61666666666667,10.1403,14870.000000000002,8.946345329284668
1893,64.0,36.61666666666667,10.1403,9300.0,8.733600616455078
1894,64.0,36.61666666666667,10.1403,14870.000000000002,8.946345329284668
1895,64.0,36.61666666666667,10.1403,9300.0,8.733600616455078
1896,64.0,36.61666666666667,10.1403,14870.000000000002,8.946345329284668
1897,64.0,36.61666666666667,10.1403,9300.0,8.733600616455078
1898,64.0,36.61666666666667,10.1403,14870.000000000002,2.8
1899,64.0,36.61666666666667,10.1403,14012.0,3.0
1900,64.0,36.61666666666667,10.1403,10250.999999999998,4.0
1901,64.0,36.61666666666667,10.1403,12546.0,2.8
1902,64.0,36.61666666666667,10.1403,11500.0,3.1
1903,64.0,36.61666666666667,10.1403,11007.0,4.0
1904,64.0,36.61666666666667,10.1403,13622.0,2.8
1905,64.0,36.61666666666667,10.1403,14870.000000000002,2.8
1906,64.0,36.61666666666667,10.1403,14012.0,3.0
1907,64.0,36.61666666666667,10.1403,10250.999999999998,4.0
1908,64.0,36.61666666666667,10.1403,12546.0,2.8
1909,64.0,36.61666666666667,10.1403,11500.0,3.1
1910,64.0,36.61666666666667,10.1403,11007.0,4.0
1911,64.0,36.61666666666667,10.1403,13622.0,2.8
1912,64.0,36.61666666666667,10.1403,14870.000000000002,8.946345329284668
1913,64.0,36.61666666666667,10.1403,9300.0,8.733600616455078
1914,64.0,36.61666666666667,10.1403,14870.000000000002,8.946345329284668
1915,64.0,36.61666666666667,10.1403,9300.0,8.733600616455078
1916,64.0,36.61666666666667,10.1403,14870.000000000002,2.8
1917,64.0,36.61666666666667,10.1403,14012.0,3.0
1918,64.0,36.61666666666667,10.1403,10250.999999999998,4.0
1919,64.0,36.61666666666667,10.1403,13622.0,2.8
1920,64.0,36.61666666666667,10.1403,11500.0,4.0
1921,64.0,36.61666666666667,10.1403,11007.0,3.5
1922,64.0,36.61666666666667,10.1403,14870.000000000002,8.946345329284668
1923,64.0,36.61666666666667,10.1403,9300.0,8.733600616455078
1924,64.0,36.61666666666667,10.1403,14870.000000000002,8.946345329284668
1925,64.0,36.61666666666667,10.1403,9300.0,8.733600616455078
1926,64.0,36.61666666666667,10.1403,14870.000000000002,8.946345329284668
1927,64.0,36.61666666666667,10.1403,9300.0,8.733600616455078
1928,64.0,36.61666666666667,10.1403,14870.000000000002,8.946345329284668
1929,64.0,36.61666666666667,10.1403,9300.0,8.733600616455078
1930,64.0,36.61666666666667,10.1403,14870.000000000002,8.946345329284668
1931,64.0,36.61666666666667,10.1403,9300.0,8.733600616455078
1932,66.0,21.4977975,70.4418231,4825.0,8.594532012939453
1933,66.0,21.4977975,70.4418231,4015.0,8.594532012939453
1934,66.0,21.4977975,70.4418231,2960.0,8.594532012939453
1935,66.0,21.4977975,70.4418231,4195.0,8.594532012939453
1936,66.0,21.4977975,70.4418231,4180.0,8.594532012939453
1937,66.0,21.4977975,70.4418231,3750.0,8.594532012939453
1938,108.0,2.933333333333333,101.9,61688.58,10.740839958190918
1939,108.0,2.933333333333333,101.9,390225.6277499999,10.740839958190918
1940,108.0,2.933333333333333,101.9,16329.329999999998,9.742215156555176
1941,412.0,31.63222,8.15667,5000.0,1.17
1942,412.0,31.63222,8.15667,3900.0,0.99
1943,412.0,31.63222,8.15667,6200.0,1.5
1944,66.0,21.4977975,70.4418231,4825.0,8.594532012939453
1945,66.0,21.4977975,70.4418231,4015.0,8.594532012939453
1946,66.0,21.4977975,70.4418231,2960.0,8.594532012939453
1947,66.0,21.4977975,70.4418231,4195.0,8.594532012939453
1948,66.0,21.4977975,70.4418231,4180.0,8.594532012939453
1949,66.0,21.4977975,70.4418231,3750.0,8.594532012939453
1950,28.0,36.833333333333336,116.56666666666666,4751.0,0.77
1951,28.0,36.833333333333336,116.56666666666666,4751.0,0.85
1952,28.0,36.833333333333336,116.56666666666666,4500.0,0.91
1953,28.0,36.833333333333336,116.56666666666666,4751.0,0.77
1954,28.0,36.833333333333336,116.56666666666666,4905.0,1.39
1955,28.0,36.833333333333336,116.56666666666666,5229.0,1.41
1956,28.0,36.833333333333336,116.56666666666666,5629.0,1.44
1957,28.0,36.833333333333336,116.56666666666666,5716.0,1.42
1958,470.0,44.3079869,86.0549057,8015.0,1.35
1959,170.0,-6.8,-43.6,36287.4,10.184436798095703
1960,52.1,25.9833,85.6667,71849.052,10.760971069335938
1961,52.1,25.9833,85.6667,86091.8565,10.760971069335938
1962,52.1,25.9833,85.6667,94256.5215,10.760971069335938
1963,52.1,25.9833,85.6667,71849.052,10.760971069335938
1964,52.1,25.9833,85.6667,86091.8565,10.760971069335938
1965,52.1,25.9833,85.6667,94256.5215,10.760971069335938
1966,52.1,25.9833,85.6667,78380.784,10.760971069335938
1967,52.1,25.9833,85.6667,74117.0145,10.760971069335938
1968,52.1,25.9833,85.6667,93893.6475,10.760971069335938
1969,52.1,25.9833,85.6667,89902.03349999999,10.760971069335938
1970,52.1,25.9833,85.6667,71849.052,10.760971069335938
1971,52.1,25.9833,85.6667,86091.8565,10.760971069335938
1972,52.1,25.9833,85.6667,94256.5215,10.760971069335938
1973,52.1,25.9833,85.6667,78380.784,10.760971069335938
1974,52.1,25.9833,85.6667,74117.0145,10.760971069335938
1975,52.1,25.9833,85.6667,93893.6475,10.760971069335938
1976,52.1,25.9833,85.6667,89902.03349999999,10.760971069335938
1977,52.1,25.9833,85.6667,71849.052,10.760971069335938
1978,52.1,25.9833,85.6667,86091.8565,10.760971069335938
1979,52.1,25.9833,85.6667,94256.5215,10.760971069335938
1980,52.1,25.9833,85.6667,78380.784,10.760971069335938
1981,52.1,25.9833,85.6667,74117.0145,10.760971069335938
1982,52.1,25.9833,85.6667,93893.6475,10.760971069335938
1983,52.1,25.9833,85.6667,89902.03349999999,10.760971069335938
1984,52.1,25.9833,85.6667,71849.052,10.760971069335938
1985,52.1,25.9833,85.6667,86091.8565,10.760971069335938
1986,52.1,25.9833,85.6667,94256.5215,10.760971069335938
1987,52.1,25.9833,85.6667,78380.784,10.760971069335938
1988,52.1,25.9833,85.6667,74117.0145,10.760971069335938
1989,52.1,25.9833,85.6667,93893.6475,10.760971069335938
1990,52.1,25.9833,85.6667,89902.03349999999,10.760971069335938
1991,52.1,25.9833,85.6667,71849.052,10.760971069335938
1992,52.1,25.9833,85.6667,86091.8565,10.760971069335938
1993,52.1,25.9833,85.6667,94256.5215,10.760971069335938
1994,52.1,25.9833,85.6667,78380.784,10.760971069335938
1995,52.1,25.9833,85.6667,74117.0145,10.760971069335938
1996,52.1,25.9833,85.6667,93893.6475,10.760971069335938
1997,52.1,25.9833,85.6667,89902.03349999999,10.760971069335938
1998,52.1,25.9833,85.6667,71849.052,10.760971069335938
1999,52.1,25.9833,85.6667,86091.8565,10.760971069335938
2000,52.1,25.9833,85.6667,94256.5215,10.760971069335938
2001,52.1,25.9833,85.6667,71849.052,10.760971069335938
2002,52.1,25.9833,85.6667,86091.8565,10.760971069335938
2003,52.1,25.9833,85.6667,94256.5215,10.760971069335938
2004,52.1,25.9833,85.6667,71849.052,10.760971069335938
2005,52.1,25.9833,85.6667,86091.8565,10.760971069335938
2006,52.1,25.9833,85.6667,94256.5215,10.760971069335938
2007,52.1,25.9833,85.6667,78380.784,10.760971069335938
2008,52.1,25.9833,85.6667,74117.0145,10.760971069335938
2009,52.1,25.9833,85.6667,93893.6475,10.760971069335938
2010,52.1,25.9833,85.6667,89902.03349999999,10.760971069335938
2011,52.1,25.9833,85.6667,71849.052,10.760971069335938
2012,52.1,25.9833,85.6667,86091.8565,10.760971069335938
2013,52.1,25.9833,85.6667,94256.5215,10.760971069335938
2014,101.0,-8.1625,113.71616666666668,2482.965345,1.92
2015,101.0,-8.162528,113.71616666666668,2463.91446,1.47
2016,101.0,-8.162528,113.71616666666668,2425.81269,2.3
2017,101.0,-8.162528,113.71616666666668,2140.049415,2.75
2096,101.0,-8.162528,113.71616666666668,2482.965345,1.92
2097,101.0,-8.1625,113.71616666666668,2463.91446,1.47
2098,101.0,-8.162528,113.71616666666668,2425.81269,1.96
2099,101.0,-8.162528,113.71616666666668,2140.049415,2.75
2100,101.0,-8.1625,113.71616666666668,2482.965345,1.92
2101,101.0,-8.162528,113.71616666666668,2463.91446,1.47
2102,101.0,-8.1625,113.71616666666668,2425.81269,2.3
2103,101.0,-8.162528,113.71616666666668,2140.049415,2.75
2104,28.0,36.833333333333336,116.56666666666666,1848.0,0.4599999999999999
2105,28.0,36.833333333333336,116.56666666666666,4500.0,0.91
2106,28.0,36.833333333333336,116.56666666666666,4829.0,0.77
2107,28.0,36.833333333333336,116.56666666666666,4751.0,0.85
2108,28.0,36.833333333333336,116.56666666666666,4905.0,1.39
2109,28.0,36.833333333333336,116.56666666666666,5229.0,1.41
2110,28.0,36.833333333333336,116.56666666666666,5629.0,1.44
2111,28.0,36.833333333333336,116.56666666666666,5716.0,1.42
2112,454.0,19.5,76.0,2921.0,0.8085
2113,454.0,19.5,76.0,3079.0,0.833
2114,454.0,19.5,76.0,3045.0,0.8216
2115,454.0,19.5,76.0,2989.0,0.7498
2116,454.0,19.5,76.0,3083.0,0.7787000000000001
2117,454.0,19.5,76.0,3221.0,0.8003
2118,454.0,19.5,76.0,3138.0,0.723
2119,454.0,19.5,76.0,2833.0,0.8484999999999999
2120,101.0,-8.1625,113.71616666666668,2482.965345,1.92
2121,101.0,-8.162528,113.71616666666668,2463.91446,1.47
2122,101.0,-8.162528,113.71616666666668,2425.81269,2.3
2123,101.0,-8.162528,113.71616666666668,2140.049415,2.75
2124,1170.0,35.18333333333333,-102.1,11283.0,1.345
2125,1170.0,35.18333333333333,-102.1,13195.0,1.376
2126,1170.0,35.18333333333333,-102.1,813.0,0.216
2127,1170.0,35.18333333333333,-102.1,4829.0,1.251
2128,101.0,-8.162528,113.71616666666668,2482.965345,1.92
2129,101.0,-8.162528,113.71616666666668,2463.91446,1.47
2130,101.0,-8.1625,113.71616666666668,2425.81269,2.3
2131,101.0,-8.162528,113.71616666666668,2140.049415,2.75
2132,101.0,-8.1625,113.71616666666668,2482.965345,1.92
2133,101.0,-8.1625,113.71616666666668,2463.91446,1.47
2134,101.0,-8.162528,113.71616666666668,2425.81269,2.3
2135,101.0,-8.1625,113.71616666666668,2140.049415,2.75
2136,101.0,-8.162528,113.71616666666668,2482.965345,1.92
2137,101.0,-8.1625,113.71616666666668,2463.91446,1.47
2138,101.0,-8.1625,113.71616666666668,2425.81269,2.3
2139,101.0,-8.162528,113.71616666666668,2140.049415,2.75
2140,101.0,-8.162528,113.71616666666668,2482.965345,1.92
2141,101.0,-8.1625,113.71616666666668,2463.91446,1.47
2142,101.0,-8.162528,113.71616666666668,2425.81269,2.3
2143,101.0,-8.162528,113.71616666666668,2140.049415,2.75
2146,178.0,-35.1,147.35,2113.74105,0.53
2147,178.0,-35.1,147.35,2775.9861,0.45
2148,178.0,-35.1,147.35,3120.7164,0.4599999999999999
2149,178.0,-35.1,147.35,4544.99685,0.55
2150,178.0,-35.1,147.35,2576.4054,0.49
2151,178.0,-35.1,147.35,2866.7046,0.43
2152,178.0,-35.1,147.35,3193.2912,0.4599999999999999
2153,178.0,-35.1,147.35,4445.2065,0.5599999999999999
2154,178.0,-35.1,147.35,1623.86115,0.37
2155,178.0,-35.1,147.35,1796.2262999999998,0.32
2156,178.0,-35.1,147.35,2177.244,0.37
2157,178.0,-35.1,147.35,2694.33945,0.4
2158,271.0,7.466666666666667,4.56667,2821.34535,0.595
2159,271.0,7.46667,4.56667,2558.2617,0.609
2160,271.0,7.46667,4.56667,2104.6692,0.511
2161,271.0,7.46667,4.56667,1642.00485,0.389
2162,271.0,7.46667,4.56667,2095.59735,0.466
2163,271.0,7.46667,4.56667,1378.9212,0.3
2164,271.0,7.46667,4.56667,988.83165,0.2259999999999999
2165,271.0,7.46667,4.56667,1124.9094,0.274
2166,271.0,7.46667,4.566666666666666,635.0294999999999,0.193
2167,271.0,7.466666666666667,4.56667,635.0294999999999,0.251
2168,179.0,-35.1,147.4,2113.74105,0.53
2169,179.0,-35.1,147.4,2775.9861,0.45
2170,179.0,-35.1,147.4,3120.7164,0.4599999999999999
2171,179.0,-35.1,147.4,4544.99685,0.55
2172,179.0,-35.1,147.4,2576.4054,0.49
2173,179.0,-35.1,147.4,2866.7046,0.43
2174,179.0,-35.1,147.4,3193.2912,0.4599999999999999
2175,179.0,-35.1,147.4,4445.2065,0.5599999999999999
2176,179.0,-35.1,147.4,1623.86115,0.37
2177,179.0,-35.1,147.4,1796.2262999999998,0.32
2178,179.0,-35.1,147.4,2177.244,0.37
2179,179.0,-35.1,147.4,2694.33945,0.4
2180,178.0,-35.1,147.35,2113.74105,0.53
2181,178.0,-35.1,147.35,2775.9861,0.45
2182,178.0,-35.1,147.35,3120.7164,0.4599999999999999
2183,178.0,-35.1,147.35,4544.99685,0.55
2184,178.0,-35.1,147.35,2576.4054,0.49
2185,178.0,-35.1,147.35,2866.7046,0.43
2186,178.0,-35.1,147.35,3193.2912,0.4599999999999999
2187,178.0,-35.1,147.35,4445.2065,0.5599999999999999
2188,178.0,-35.1,147.35,1623.86115,0.37
2189,178.0,-35.1,147.35,1796.2262999999998,0.32
2190,178.0,-35.1,147.35,2177.244,0.37
2191,178.0,-35.1,147.35,2694.33945,0.4
2192,539.0,-22.7383,-47.6509,3300.0,0.61
2193,539.0,-22.7383,-47.6509,4400.0,0.88
2194,539.0,-22.7383,-47.6509,3400.0,0.83
2195,539.0,-22.7383,-47.6509,3500.0,0.97
2196,539.0,-22.7383,-47.6509,3000.0,0.96
2197,539.0,-22.7383,-47.6509,2600.0,0.94
2198,539.0,-22.7383,-47.6509,2300.0,0.99
2199,539.0,-22.7383,-47.6509,2200.0,1.17
2200,100.0,40.18333333333333,29.066666666666663,4004.0,0.49
2201,100.0,40.18333333333333,29.066666666666663,3910.0,0.51
2202,100.0,40.18333333333333,29.066666666666663,3889.0,0.52
2203,100.0,40.18333333333333,29.066666666666663,3798.0,0.54
2204,100.0,40.18333333333333,29.066666666666663,3793.0,0.5
2205,100.0,40.18333333333333,29.066666666666663,3528.0,0.5
2206,100.0,40.18333333333333,29.066666666666663,3174.0,0.47
2207,100.0,40.18333333333333,29.066666666666663,3687.0,0.48
2208,100.0,40.18333333333333,29.066666666666663,3385.0,0.47
2209,100.0,40.18333333333333,29.066666666666663,3095.0,0.47
2210,100.0,40.18333333333333,29.066666666666663,3554.0,0.47
2211,100.0,40.18333333333333,29.066666666666663,3256.0,0.44
2212,100.0,40.18333333333333,29.066666666666663,2932.0,0.42
2213,100.0,40.18333333333333,29.066666666666663,1974.0,0.56
2214,380.0,50.016666666666666,23.75,4263.7695,8.823047637939453
2215,380.0,50.016666666666666,23.75,4263.7695,8.823047637939453
2216,380.0,50.016666666666666,23.75,22679.625,9.825804710388184
2217,380.0,50.016666666666666,23.75,22679.625,9.825804710388184
2218,380.0,50.016666666666666,23.75,3175.1475,9.047075271606445
2219,380.0,50.016666666666666,23.75,3175.1475,9.047075271606445
2220,150.0,49.0,32.0,4354.487999999999,8.823047637939453
2221,42.0,34.310707,-79.747591,1044.0,0.16
2222,42.0,34.310707,-79.747591,1084.0,0.1699999999999999
2223,42.0,34.310707,-79.747591,1084.0,0.1699999999999999
2224,42.0,34.310707,-79.747591,1318.0,0.13
2225,42.0,34.310707,-79.747591,1274.0,0.13
2226,600.0,33.333333333333336,36.43333333333333,4500.0,0.588
2227,600.0,33.333333333333336,36.43333333333333,4827.0,0.593
2228,600.0,33.333333333333336,36.43333333333333,3091.1,0.513
2229,600.0,33.333333333333336,36.43333333333333,3133.4,0.492
2230,600.0,33.333333333333336,36.43333333333333,3068.3,0.539
2231,600.0,33.333333333333336,36.43333333333333,2412.1,0.375
2232,1139.0,25.5325,103.4325,2540.1179999999995,0.42
2233,1139.0,25.5325,103.4325,1814.37,0.36
2234,1139.0,25.5325,103.4325,2993.7105,0.585
2235,1139.0,25.5325,103.4325,1905.0885,0.45
2236,1139.0,25.5325,103.4325,2449.3995,0.43
2237,1139.0,25.5325,103.4325,2630.8365,0.48
2238,1139.0,25.5325,103.4325,2267.9625,0.53
2239,1139.0,25.5325,-103.4325,8210.0,0.707
2240,1139.0,25.5325,-103.4325,6190.0,0.612
2241,1139.0,25.5325,-103.4325,8670.0,0.897
2242,1139.0,25.5325,-103.4325,5300.0,0.61
2243,1139.0,25.5325,-103.4325,7140.0,0.767
2244,1139.0,25.5325,-103.4325,7370.0,0.945
2245,1139.0,25.5325,-103.4325,5890.0,0.83
2246,81.0,40.766666666666666,8.483333333333333,1701.0,9.08986759185791
2247,32.0,33.7,-90.91666666666669,1779.0,0.1379999999999999
2248,32.0,33.7,-90.91666666666669,2028.0,0.1379999999999999
2249,32.0,33.7,-90.91666666666669,1803.0,0.27
2250,32.0,33.7,-90.91666666666669,2082.0,0.27
2251,32.0,33.7,-90.91666666666669,1573.0,8.594532012939453
2252,32.0,33.7,-90.91666666666669,1788.0,8.594532012939453
2253,32.0,33.7,-90.91666666666669,1779.0,0.1379999999999999
2254,32.0,33.7,-90.91666666666669,2028.0,0.1379999999999999
2255,32.0,33.7,-90.91666666666669,1803.0,0.27
2256,32.0,33.7,-90.91666666666669,2082.0,0.27
2257,32.0,33.7,-90.91666666666669,1573.0,8.594532012939453
2258,32.0,33.7,-90.91666666666669,1788.0,8.594532012939453
2259,96.0,35.232,-71.442,11984.0,4.26
2260,96.0,35.232,-71.442,10917.0,4.64
2261,96.0,35.232,-71.442,7998.0,3.73
2262,96.0,35.232,-71.442,7305.0,3.68
2263,42.0,37.41666666666666,-5.95,2812.2735,8.916229248046875
2264,42.0,37.41666666666666,-5.95,1723.6514999999995,8.916229248046875
2265,42.0,37.41666666666666,-5.95,3084.429,8.916229248046875
2266,42.0,37.41666666666666,-5.95,16601.4855,9.768288612365723
2267,42.0,37.41666666666666,-5.95,13154.1825,8.946345329284668
2268,42.0,37.41666666666666,-5.95,15694.3005,9.768288612365723
2269,42.0,37.41666666666666,-5.95,13426.338,8.946345329284668
2270,42.0,37.41666666666666,-5.95,11067.657,8.946345329284668
2271,42.0,37.41666666666666,-5.95,8618.2575,8.733600616455078
2272,42.0,37.41666666666666,-5.95,12519.153,8.946345329284668
2273,42.0,37.41666666666666,-5.95,9525.4425,8.733600616455078
2274,81.0,44.8153318,20.4456588,67131.69,83.6
2275,81.0,44.8153318,20.4456588,67585.2825,47.6
2276,81.0,44.8153318,20.4456588,50711.6415,63.2
2277,81.0,44.8153318,20.4456588,53523.91499999999,47.4
2278,110.0,40.18333333333333,29.066666666666663,101287.20525,21.2
2279,110.0,40.18333333333333,29.066666666666663,95708.0175,22.4
2280,110.0,40.18333333333333,29.066666666666663,61997.0229,16.3
2281,110.0,40.18333333333333,29.066666666666663,100552.3854,21.2
2282,110.0,40.18333333333333,29.066666666666663,88804.33965,20.6
2283,110.0,40.18333333333333,29.066666666666663,61107.9816,16.1
2284,97.0,36.36666666666667,33.916666666666664,62051.454,28.3
2285,97.0,36.36666666666667,33.916666666666664,95708.0175,32.2
2286,97.0,36.36666666666667,33.916666666666664,116754.70949999998,36.8
2287,97.0,36.36666666666667,33.916666666666664,105052.023,24.8
2288,976.0,-15.59875,-47.7075,2902.992,8.594532012939453
2289,976.0,-15.59875,-47.7075,2086.5255,8.594532012939453
2290,976.0,-15.59875,-47.7075,2540.1179999999995,8.594532012939453
2291,976.0,-15.59875,-47.7075,1995.807,8.594532012939453
2292,976.0,-15.59875,-47.7075,1814.37,8.594532012939453
2293,976.0,-15.59875,-47.7075,5080.235999999999,8.594532012939453
2294,976.0,-15.59875,-47.7075,3628.74,8.594532012939453
2295,976.0,-15.59875,-47.7075,4445.2065,8.594532012939453
2296,976.0,-15.59875,-47.7075,4717.362,8.594532012939453
2297,976.0,-15.59875,-47.7075,2902.992,8.594532012939453
2298,976.0,-15.59875,-47.7075,2086.5255,8.594532012939453
2299,976.0,-15.59875,-47.7075,2540.1179999999995,8.594532012939453
2300,976.0,-15.59875,-47.7075,1995.807,8.594532012939453
2301,976.0,-15.59875,-47.7075,1814.37,8.594532012939453
2302,976.0,-15.598694444444446,-47.7075,5080.235999999999,8.594532012939453
2303,976.0,-15.59875,-47.7075,3628.74,8.594532012939453
2304,976.0,-15.59875,-47.7075,4445.2065,8.594532012939453
2305,976.0,-15.59875,-47.7075,4717.362,8.594532012939453
2306,976.0,-15.59875,-47.7075,2902.992,8.594532012939453
2307,976.0,-15.59875,-47.7075,2086.5255,8.594532012939453
2308,976.0,-15.59875,-47.7075,2540.1179999999995,8.594532012939453
2309,976.0,-15.598694444444446,-47.7075,1995.807,8.594532012939453
2310,976.0,-15.59875,-47.7075,1814.37,8.594532012939453
2311,976.0,-15.59875,-47.7075,5080.235999999999,8.594532012939453
2312,976.0,-15.59875,-47.7075,3628.74,8.594532012939453
2313,976.0,-15.59875,-47.7075,4445.2065,8.594532012939453
2314,976.0,-15.59875,-47.7075,4717.362,8.594532012939453
2315,976.0,-15.598694444444446,-47.7075,2902.992,8.594532012939453
2316,976.0,-15.59875,-47.7075,2086.5255,8.594532012939453
2317,976.0,-15.598694444444446,-47.7075,2540.1179999999995,8.594532012939453
2318,976.0,-15.59875,-47.7075,1995.807,8.594532012939453
2319,976.0,-15.59875,-47.7075,1814.37,8.594532012939453
2320,976.0,-15.598694444444446,-47.7075,5080.235999999999,8.594532012939453
2321,976.0,-15.59875,-47.7075,3628.74,8.594532012939453
2322,976.0,-15.59875,-47.7075,4445.2065,8.594532012939453
2323,976.0,-15.59875,-47.7075,4717.362,8.594532012939453
2324,290.0,43.3541,-85.178,34969.260194999995,10.011372566223145
2325,290.0,43.3541,-85.178,41272.38157499999,10.180791854858398
2326,0.0,31.5,31.09,7348.198499999999,1.6
2327,0.0,31.5,31.09,6713.169,1.5
2328,0.0,31.5,31.09,3356.5845,0.7
2329,0.0,31.5,31.09,7892.509499999999,2.0
2330,0.0,31.5,31.09,6713.169,1.8
2331,0.0,31.5,31.09,6168.857999999999,1.7
2332,976.0,-15.59875,-47.7075,2902.992,8.594532012939453
2333,976.0,-15.59875,-47.7075,2086.5255,8.594532012939453
2334,976.0,-15.59875,-47.7075,2540.1179999999995,8.594532012939453
2335,976.0,-15.59875,-47.7075,1995.807,8.594532012939453
2336,976.0,-15.598694444444446,-47.7075,1814.37,8.594532012939453
2337,976.0,-15.59875,-47.7075,5080.235999999999,8.594532012939453
2338,976.0,-15.59875,-47.7075,3628.74,8.594532012939453
2339,976.0,-15.59875,-47.7075,4445.2065,8.594532012939453
2340,976.0,-15.59875,-47.7075,4717.362,8.594532012939453
2341,976.0,-15.59875,-47.7075,2902.992,8.594532012939453
2342,976.0,-15.59875,-47.7075,2086.5255,8.594532012939453
2343,976.0,-15.59875,-47.7075,2540.1179999999995,8.594532012939453
2344,976.0,-15.59875,-47.7075,1995.807,8.594532012939453
2345,976.0,-15.59875,-47.7075,1814.37,8.594532012939453
2346,976.0,-15.59875,-47.7075,5080.235999999999,8.594532012939453
2347,976.0,-15.59875,-47.7075,3628.74,8.594532012939453
2348,976.0,-15.59875,-47.7075,4445.2065,8.594532012939453
2349,976.0,-15.598694444444446,-47.7075,4717.362,8.594532012939453
2350,976.0,-15.59875,-47.7075,2902.992,8.594532012939453
2351,976.0,-15.59875,-47.7075,2086.5255,8.594532012939453
2352,976.0,-15.59875,-47.7075,2540.1179999999995,8.594532012939453
2353,976.0,-15.59875,-47.7075,1995.807,8.594532012939453
2354,976.0,-15.59875,-47.7075,1814.37,8.594532012939453
2355,976.0,-15.59875,-47.7075,5080.235999999999,8.594532012939453
2356,976.0,-15.598694444444446,-47.7075,3628.74,8.594532012939453
2357,976.0,-15.59875,-47.7075,4445.2065,8.594532012939453
2358,976.0,-15.598694444444446,-47.7075,4717.362,8.594532012939453
2359,976.0,-15.598694444444446,-47.7075,2902.992,8.594532012939453
2360,976.0,-15.59875,-47.7075,2086.5255,8.594532012939453
2361,976.0,-15.59875,-47.7075,2540.1179999999995,8.594532012939453
2362,976.0,-15.59875,-47.7075,1995.807,8.594532012939453
2363,976.0,-15.59875,-47.7075,1814.37,8.594532012939453
2364,976.0,-15.59875,-47.7075,5080.235999999999,8.594532012939453
2365,976.0,-15.59875,-47.7075,3628.74,8.594532012939453
2366,976.0,-15.59875,-47.7075,4445.2065,8.594532012939453
2367,976.0,-15.598694444444446,-47.7075,4717.362,8.594532012939453
2368,539.0,-22.7383,-47.6509,2200.0,1.17
2369,539.0,-22.7383,-47.6509,2300.0,0.99
2370,539.0,-22.7383,-47.6509,2600.0,0.94
2371,539.0,-22.7383,-47.6509,3000.0,0.96
2372,539.0,-22.7383,-47.6509,3500.0,0.97
2373,539.0,-22.7383,-47.6509,3400.0,0.83
2374,539.0,-22.7383,-47.6509,4400.0,0.88
2375,539.0,-22.7383,-47.6509,3300.0,0.61
2376,539.0,-22.7383,-47.6509,2200.0,1.17
2377,539.0,-22.7383,-47.6509,2300.0,0.99
2378,539.0,-22.7383,-47.6509,2600.0,0.94
2379,539.0,-22.7383,-47.6509,3000.0,0.96
2380,539.0,-22.7383,-47.6509,3500.0,0.97
2381,539.0,-22.7383,-47.6509,3400.0,0.83
2382,539.0,-22.7383,-47.6509,4400.0,0.88
2383,539.0,-22.7383,-47.6509,3300.0,0.61
2384,539.0,-22.7383,-47.6509,2200.0,1.17
2385,539.0,-22.7383,-47.6509,2300.0,0.99
2386,539.0,-22.7383,-47.6509,2600.0,0.94
2387,539.0,-22.7383,-47.6509,3000.0,0.96
2388,539.0,-22.7383,-47.6509,3500.0,0.97
2389,539.0,-22.7383,-47.6509,3400.0,0.83
2390,539.0,-22.7383,-47.6509,4400.0,0.88
2391,539.0,-22.7383,-47.6509,3300.0,0.61
2392,143.0,-33.0,146.0,2113.74105,0.53
2393,143.0,-33.0,146.0,2775.9861,0.45
2394,143.0,-33.0,146.0,3120.7164,0.4599999999999999
2395,143.0,-33.0,146.0,4544.99685,0.55
2396,143.0,-33.0,146.0,2576.4054,0.49
2397,143.0,-33.0,146.0,2866.7046,0.43
2398,143.0,-33.0,146.0,3193.2912,0.4599999999999999
2399,143.0,-33.0,146.0,4445.2065,0.5599999999999999
2400,143.0,-33.0,146.0,1623.86115,0.37
2401,143.0,-33.0,146.0,1796.2262999999998,0.32
2402,143.0,-33.0,146.0,2177.244,0.37
2403,143.0,-33.0,146.0,2694.33945,0.4
2404,539.0,-22.7383,-47.6509,2200.0,1.17
2405,539.0,-22.7383,-47.6509,2300.0,0.99
2406,539.0,-22.7383,-47.6509,2600.0,0.94
2407,539.0,-22.7383,-47.6509,3000.0,0.96
2408,539.0,-22.7383,-47.6509,3500.0,0.97
2409,539.0,-22.7383,-47.6509,3400.0,0.83
2410,539.0,-22.7383,-47.6509,4400.0,0.88
2411,539.0,-22.7383,-47.6509,3300.0,0.61
2412,28.0,36.833333333333336,116.56666666666666,1848.0,0.4599999999999999
2413,28.0,36.833333333333336,116.56666666666666,4500.0,0.91
2414,28.0,36.833333333333336,116.56666666666666,4829.0,0.77
2415,28.0,36.833333333333336,116.56666666666666,4751.0,0.85
2416,28.0,36.833333333333336,116.56666666666666,4905.0,1.39
2417,28.0,36.833333333333336,116.56666666666666,5229.0,1.41
2418,28.0,36.833333333333336,116.56666666666666,5629.0,1.44
2419,28.0,36.833333333333336,116.56666666666666,5716.0,1.42
2420,539.0,-22.7383,-47.6509,2200.0,1.17
2421,539.0,-22.7383,-47.6509,2300.0,0.99
2422,539.0,-22.7383,-47.6509,2600.0,0.94
2423,539.0,-22.7383,-47.6509,3000.0,0.96
2424,539.0,-22.7383,-47.6509,3500.0,0.97
2425,539.0,-22.7383,-47.6509,3400.0,0.83
2426,539.0,-22.7383,-47.6509,4400.0,0.88
2427,539.0,-22.7383,-47.6509,3300.0,0.61
2428,539.0,-22.7383,-47.6509,2200.0,1.17
2429,539.0,-22.7383,-47.6509,2300.0,0.99
2430,539.0,-22.7383,-47.6509,2600.0,0.94
2431,539.0,-22.7383,-47.6509,3000.0,0.96
2432,539.0,-22.7383,-47.6509,3500.0,0.97
2433,539.0,-22.7383,-47.6509,3400.0,0.83
2434,539.0,-22.7383,-47.6509,4400.0,0.88
2435,539.0,-22.7383,-47.6509,3300.0,0.61
2436,539.0,-22.7383,-47.6509,2200.0,1.17
2437,539.0,-22.7383,-47.6509,2300.0,0.99
2438,539.0,-22.7383,-47.6509,2600.0,0.94
2439,539.0,-22.7383,-47.6509,3000.0,0.96
2440,539.0,-22.7383,-47.6509,3500.0,0.97
2441,539.0,-22.7383,-47.6509,3400.0,0.83
2442,539.0,-22.7383,-47.6509,4400.0,0.88
2443,539.0,-22.7383,-47.6509,3300.0,0.61
2444,539.0,-22.7383,-47.6509,2200.0,1.17
2445,539.0,-22.7383,-47.6509,2300.0,0.99
2446,539.0,-22.7383,-47.6509,2600.0,0.94
2447,539.0,-22.7383,-47.6509,3000.0,0.96
2448,539.0,-22.7383,-47.6509,3500.0,0.97
2449,539.0,-22.7383,-47.6509,3400.0,0.83
2450,539.0,-22.7383,-47.6509,4400.0,0.88
2451,539.0,-22.7383,-47.6509,3300.0,0.61
2452,101.0,-8.162528,113.71616666666668,2482.965345,1.92
2453,101.0,-8.1625,113.71616666666668,2463.91446,1.47
2454,101.0,-8.162528,113.71616666666668,2425.81269,1.96
2455,101.0,-8.1625,113.71616666666668,2140.049415,2.75
2456,279.0,20.7618122,77.1921157,12981.81735,8.848677635192871
2457,279.0,20.7618122,77.1921157,13834.57125,8.848677635192871
2458,279.0,20.7618122,77.1921157,12882.026999999998,8.848677635192871
2459,279.0,20.7618122,77.1921157,15422.145,9.742215156555176
2460,279.0,20.7618122,77.1921157,15512.8635,9.742215156555176
2461,279.0,20.7618122,77.1921157,12981.81735,8.848677635192871
2472,290.0,43.3541,-85.178,34969.260194999995,10.011372566223145
2473,290.0,43.3541,-85.178,41272.38157499999,10.180791854858398
2474,1810.0,29.933333333333334,52.03333333333333,5400.0,0.21
2475,1810.0,29.933333333333334,52.03333333333333,2023.0,0.26
2476,1810.0,29.933333333333334,52.03333333333333,5780.0,0.26
2477,1810.0,29.933333333333334,52.03333333333333,7320.0,0.33
2478,1810.0,29.933333333333334,52.03333333333333,3062.0,0.32
2479,1810.0,29.933333333333334,52.03333333333333,834.0,0.12
2480,1810.0,29.933333333333334,52.03333333333333,1938.0,0.25
2481,1810.0,29.933333333333334,52.03333333333333,3253.0,0.34
2482,1810.0,29.933333333333334,52.03333333333333,3305.0,0.33
2483,1810.0,29.933333333333334,52.03333333333333,5400.0,0.21
2484,1810.0,29.933333333333334,52.03333333333333,4950.0,0.21
2485,1810.0,29.933333333333334,52.03333333333333,5780.0,0.26
2486,1810.0,29.933333333333334,52.03333333333333,4957.0,0.23
2487,1810.0,29.933333333333334,52.03333333333333,7320.0,0.33
2488,1810.0,29.933333333333334,52.03333333333333,3001.0,0.33
2489,1810.0,29.933333333333334,52.03333333333333,3062.0,0.32
2490,1810.0,29.933333333333334,52.03333333333333,834.0,0.12
2491,1810.0,29.933333333333334,52.03333333333333,1537.0,0.23
2492,1810.0,29.933333333333334,52.03333333333333,2021.0,0.23
2493,1810.0,29.933333333333334,52.03333333333333,2052.0,0.21
2494,1810.0,29.933333333333334,52.03333333333333,5400.0,0.21
2495,1810.0,29.933333333333334,52.03333333333333,5780.0,0.26
2496,1810.0,29.933333333333334,52.03333333333333,7320.0,0.33
2497,1810.0,29.933333333333334,52.03333333333333,3062.0,0.32
2498,1810.0,29.933333333333334,52.03333333333333,834.0,0.12
2499,1810.0,29.933333333333334,52.03333333333333,1938.0,0.25
2500,1810.0,29.933333333333334,52.03333333333333,3253.0,0.34
2501,1810.0,29.933333333333334,52.03333333333333,3305.0,0.33
2502,1810.0,29.933333333333334,52.03333333333333,5400.0,0.21
2503,1810.0,29.933333333333334,52.03333333333333,4950.0,0.21
2504,1810.0,29.933333333333334,52.03333333333333,5780.0,0.26
2505,1810.0,29.933333333333334,52.03333333333333,7320.0,0.33
2506,1810.0,29.933333333333334,52.03333333333333,834.0,0.12
2507,1810.0,29.933333333333334,52.03333333333333,4957.0,0.23
2508,1810.0,29.933333333333334,52.03333333333333,7935.0,0.34
2509,1810.0,29.933333333333334,52.03333333333333,3305.0,0.33
2510,1810.0,29.933333333333334,52.03333333333333,5400.0,0.21
2511,1810.0,29.933333333333334,52.03333333333333,5780.0,0.26
2512,1810.0,29.933333333333334,52.03333333333333,4957.0,0.23
2513,1810.0,29.933333333333334,52.03333333333333,2023.0,0.26
2514,1810.0,29.933333333333334,52.03333333333333,1938.0,0.25
2515,1810.0,29.933333333333334,52.03333333333333,1537.0,0.23
2516,1810.0,29.933333333333334,52.03333333333333,3062.0,0.32
2517,1810.0,29.933333333333334,52.03333333333333,2652.0,0.28
2518,1810.0,29.933333333333334,52.03333333333333,2052.0,0.21
2519,1810.0,29.933333333333334,52.03333333333333,3305.0,0.33
2520,1810.0,29.933333333333334,52.03333333333333,2265.0,0.21
2521,1810.0,29.933333333333334,52.03333333333333,5400.0,0.21
2522,1810.0,29.933333333333334,52.03333333333333,1938.0,0.25
2523,1810.0,29.933333333333334,52.03333333333333,1537.0,0.23
2524,1810.0,29.933333333333334,52.03333333333333,5780.0,0.26
2525,1810.0,29.933333333333334,52.03333333333333,5700.0,0.25
2526,1810.0,29.933333333333334,52.03333333333333,4957.0,0.23
2527,1810.0,29.933333333333334,52.03333333333333,7320.0,0.33
2528,1810.0,29.933333333333334,52.03333333333333,2250.0,0.26
2529,1810.0,29.933333333333334,52.03333333333333,2021.0,0.23
2530,1810.0,29.933333333333334,52.03333333333333,3062.0,0.32
2531,1810.0,29.933333333333334,52.03333333333333,2652.0,0.28
2532,1810.0,29.933333333333334,52.03333333333333,2052.0,0.21
2533,1810.0,29.933333333333334,52.03333333333333,5400.0,0.21
2534,1810.0,29.933333333333334,52.03333333333333,5780.0,0.26
2535,1810.0,29.933333333333334,52.03333333333333,7320.0,0.33
2536,1810.0,29.933333333333334,52.03333333333333,3062.0,0.32
2537,1810.0,29.933333,52.03333333333333,834.0,0.12
2538,1810.0,29.933333333333334,52.03333333333333,4957.0,0.23
2539,1810.0,29.933333333333334,52.03333333333333,3253.0,0.34
2540,1810.0,29.933333333333334,52.03333333333333,3305.0,0.33
2541,1170.0,35.18333333333333,-102.1,11283.0,1.345
2542,1170.0,35.18333333333333,-102.1,13195.0,1.376
2543,1170.0,35.18333333333333,-102.1,813.0,0.216
2544,1170.0,35.18333333333333,-102.1,4829.0,1.251
2545,1170.0,35.18333333333333,-102.1,11283.0,1.345
2546,1170.0,35.18333333333333,-102.1,13195.0,1.376
2547,1170.0,35.18333333333333,-102.1,813.0,0.216
2548,1170.0,35.18333333333333,-102.1,4829.0,1.251
2549,1428.0,40.45,-104.64,11059.0,8.946345329284668
2550,1170.0,35.18333333333333,-102.1,11283.0,1.345
2551,1170.0,35.18333333333333,-102.1,13195.0,1.376
2552,1170.0,35.18333333333333,-102.1,813.0,0.216
2553,1170.0,35.18333333333333,-102.1,4829.0,1.251
2554,1170.0,35.18333333333333,-102.1,11283.0,1.345
2555,1170.0,35.18333333333333,-102.1,13195.0,1.376
2556,1170.0,35.18333333333333,-102.1,813.0,0.216
2557,1170.0,35.18333333333333,-102.1,4829.0,1.251
2558,1170.0,35.18333333333333,-102.1,11283.0,1.345
2559,1170.0,35.18333333333333,-102.1,13195.0,1.376
2560,1170.0,35.18333333333333,-102.1,813.0,0.216
2561,1170.0,35.18333333333333,-102.1,4829.0,1.251
2562,36.0,33.4419,-90.89072222222222,3399.0,8.594532012939453
2563,36.0,33.4419,-90.89072222222222,2975.0,8.594532012939453
2564,1427.0,40.44916666666666,-104.63667,15730.0,9.768288612365723
2565,1427.0,40.44916666666666,-104.63667,10320.0,8.924722671508789
2566,1427.0,40.44916666666666,-104.63667,8100.0,8.830930709838867
2567,1427.0,40.44916666666666,-104.63667,15730.0,9.768288612365723
2568,1427.0,40.44916666666666,-104.63667,12670.0,8.946345329284668
2569,1427.0,40.44916666666666,-104.63667,8100.0,8.830930709838867
2570,28.0,36.833333333333336,116.56666666666666,4751.0,0.77
2571,28.0,36.833333333333336,116.56666666666666,4751.0,0.85
2572,28.0,36.833333333333336,116.56666666666666,4500.0,0.91
2573,28.0,36.833333333333336,116.56666666666666,4751.0,0.77
2574,28.0,36.833333333333336,116.56666666666666,5716.0,1.42
2575,28.0,36.833333333333336,116.56666666666666,5715.0,1.4300000000000002
2576,28.0,36.833333333333336,116.56666666666666,5629.0,1.44
2577,28.0,36.833333333333336,116.56666666666666,5716.0,1.42
2578,1427.0,40.4425,-104.6367,1193.0,9.08986759185791
2579,1427.0,40.4425,-104.6367,551.0,9.08986759185791
2580,1427.0,40.4425,-104.6367,1148.0,9.08986759185791
2581,1427.0,40.44916666666666,-104.63667,15730.0,9.768288612365723
2582,1427.0,40.44916666666666,-104.63667,12670.0,8.946345329284668
2583,1427.0,40.44916666666666,-104.63667,8100.0,8.830930709838867
2584,1427.0,40.44916666666666,-104.63667,15730.0,9.768288612365723
2585,1427.0,40.44916666666666,-104.63667,12670.0,8.946345329284668
2586,1427.0,40.44916666666666,-104.63667,8100.0,8.830930709838867
2587,1425.0,40.447222,-104.636111,13000.0,2.0
2588,1425.0,40.447222,-104.636111,12940.0,2.0
2589,1425.0,40.447222,-104.636111,12600.0,2.0
2590,1425.0,40.447222,-104.636111,11350.0,2.0
2591,1425.0,40.447222,-104.636111,9010.0,2.0
2592,1425.0,40.447222,-104.636111,8820.0,2.0
2593,1427.0,40.44916666666666,-104.63667,15730.0,9.768288612365723
2594,1427.0,40.44916666666666,-104.63667,12670.0,8.946345329284668
2595,1427.0,40.44916666666666,-104.63667,8100.0,8.830930709838867
2596,750.0,-29.616666666666667,30.383333333333333,14868.76215,9.438875198364258
2597,750.0,-29.616666666666667,30.383333333333333,13689.421649999998,9.415669441223145
2598,1168.0,-25.6,28.35,6041.8521,8.594532012939453
2599,1168.0,-25.6,28.35,9053.7063,8.84350872039795
2600,1168.0,-25.6,28.35,8509.3953,8.84350872039795
2602,19.0,35.9191,10.5632,26253.9339,11.2
2603,19.0,35.9191,10.5632,16728.4914,13.96
2604,665.0,24.73333333333333,46.6,56700.0,17.05
2605,665.0,24.73333333333333,46.6,48720.0,18.34
2606,665.0,24.73333333333333,46.6,51230.0,18.89
2607,665.0,24.73333333333333,46.6,61170.0,13.77
2608,665.0,24.73333333333333,46.6,53370.0,14.83
2609,665.0,24.73333333333333,46.6,55550.0,15.31
2610,60.0,-2.996722,-60.02233333333333,7166.7615,8.594532012939453
2611,60.0,-2.996722,-60.02233333333333,9616.160999999998,8.635933876037598
2612,60.0,-2.996722,-60.02233333333333,6622.450499999999,8.594532012939453
2613,60.0,-2.996722,-60.02233333333333,7166.7615,8.594532012939453
2614,60.0,-2.996722,-60.02233333333333,9616.160999999998,8.635933876037598
2615,60.0,-2.996722,-60.02233333333333,6622.450499999999,8.594532012939453
2616,60.0,-2.996722,-60.02233333333333,7166.7615,8.594532012939453
2617,60.0,-2.996722,-60.02233333333333,9616.160999999998,8.635933876037598
2618,60.0,-2.996722,-60.02233333333333,6622.450499999999,8.594532012939453
2619,60.0,-2.996722,-60.02233333333333,7166.7615,8.594532012939453
2620,60.0,-2.996722,-60.02233333333333,9616.160999999998,8.635933876037598
2621,60.0,-2.996722,-60.02233333333333,6622.450499999999,8.594532012939453
2622,60.0,-2.996722,-60.02233333333333,7166.7615,8.594532012939453
2623,60.0,-2.996722,-60.02233333333333,9616.160999999998,8.635933876037598
2624,60.0,-2.996722,-60.02233333333333,6622.450499999999,8.594532012939453
2625,60.0,-2.996722,-60.02233333333333,7166.7615,8.594532012939453
2626,60.0,-2.996722,-60.02233333333333,9616.160999999998,8.635933876037598
2627,60.0,-2.996722,-60.02233333333333,6622.450499999999,8.594532012939453
2628,60.0,-2.996722,-60.02233333333333,7166.7615,8.594532012939453
2629,60.0,-2.996722,-60.02233333333333,9616.160999999998,8.635933876037598
2630,60.0,-2.996722,-60.02233333333333,6622.450499999999,8.594532012939453
2707,328.0,37.1,10.5,7894.0,8.733600616455078
2708,328.0,37.1,10.5,7597.0,8.733600616455078
2709,328.0,37.1,10.5,6651.0,8.69219970703125
2710,328.0,37.1,10.5,7452.000000000001,8.733600616455078
2711,328.0,37.1,10.5,7387.0,8.733600616455078
2712,328.0,37.1,10.5,6351.0,8.69219970703125
2713,328.0,37.1,10.5,2588.9999999999995,8.916229248046875
2714,328.0,37.1,10.5,2698.0,8.916229248046875
2715,328.0,37.1,10.5,2086.0,8.916229248046875
2716,328.0,37.1,10.5,7894.0,8.733600616455078
2717,328.0,37.1,10.5,7597.0,8.733600616455078
2718,328.0,37.1,10.5,6651.0,8.69219970703125
2719,328.0,37.1,10.5,7452.000000000001,8.733600616455078
2720,328.0,37.1,10.5,7387.0,8.733600616455078
2721,328.0,37.1,10.5,6351.0,8.69219970703125
2722,328.0,37.1,10.5,2588.9999999999995,8.916229248046875
2723,328.0,37.1,10.5,2698.0,8.916229248046875
2724,328.0,37.1,10.5,2086.0,8.916229248046875
2725,328.0,37.1,10.5,7894.0,8.733600616455078
2726,328.0,37.1,10.5,7597.0,8.733600616455078
2727,328.0,37.1,10.5,6651.0,8.69219970703125
2728,328.0,37.1,10.5,7894.0,8.733600616455078
2729,328.0,37.1,10.5,7597.0,8.733600616455078
2730,328.0,37.1,10.5,6651.0,8.69219970703125
2731,328.0,37.1,10.5,7452.000000000001,8.733600616455078
2732,328.0,37.1,10.5,7387.0,8.733600616455078
2733,328.0,37.1,10.5,6351.0,8.69219970703125
2734,328.0,37.1,10.5,2588.9999999999995,8.916229248046875
2735,328.0,37.1,10.5,2698.0,8.916229248046875
2736,328.0,37.1,10.5,2086.0,8.916229248046875
2737,328.0,37.1,10.5,7894.0,8.733600616455078
2738,328.0,37.1,10.5,7597.0,8.733600616455078
2739,328.0,37.1,10.5,6651.0,8.69219970703125
2740,328.0,37.1,10.5,3730.0,8.69219970703125
2741,328.0,37.1,10.5,4122.0,8.69219970703125
2742,328.0,37.1,10.5,4558.0,8.69219970703125
2743,328.0,37.1,10.5,2588.9999999999995,8.916229248046875
2744,328.0,37.1,10.5,2698.0,8.916229248046875
2745,328.0,37.1,10.5,2086.0,8.916229248046875
2746,328.0,37.1,10.5,7894.0,8.733600616455078
2747,328.0,37.1,10.5,7597.0,8.733600616455078
2748,328.0,37.1,10.5,6651.0,8.69219970703125
2749,328.0,37.1,10.5,7894.0,8.733600616455078
2750,328.0,37.1,10.5,7597.0,8.733600616455078
2751,328.0,37.1,10.5,6651.0,8.69219970703125
2752,328.0,37.1,10.5,3730.0,8.69219970703125
2753,328.0,37.1,10.5,4122.0,8.69219970703125
2754,328.0,37.1,10.5,4558.0,8.69219970703125
2755,328.0,37.1,10.5,2588.9999999999995,8.916229248046875
2756,328.0,37.1,10.5,2698.0,8.916229248046875
2757,328.0,37.1,10.5,2086.0,8.916229248046875
2758,328.0,37.1,10.5,7894.0,8.733600616455078
2759,328.0,37.1,10.5,7597.0,8.733600616455078
2760,328.0,37.1,10.5,6651.0,8.69219970703125
2761,328.0,37.1,10.5,7894.0,8.733600616455078
2762,328.0,37.1,10.5,7597.0,8.733600616455078
2763,328.0,37.1,10.5,6651.0,8.69219970703125
2764,328.0,37.1,10.5,3730.0,8.69219970703125
2765,328.0,37.1,10.5,4122.0,8.69219970703125
2766,328.0,37.1,10.5,4558.0,8.69219970703125
2767,328.0,37.1,10.5,2588.9999999999995,8.916229248046875
2768,328.0,37.1,10.5,2698.0,8.916229248046875
2769,328.0,37.1,10.5,2086.0,8.916229248046875
2770,328.0,37.1,10.5,7894.0,8.733600616455078
2771,328.0,37.1,10.5,7597.0,8.733600616455078
2772,328.0,37.1,10.5,6651.0,8.69219970703125
2773,328.0,37.1,10.5,7894.0,8.733600616455078
2774,328.0,37.1,10.5,7597.0,8.733600616455078
2775,328.0,37.1,10.5,6651.0,8.69219970703125
2776,328.0,37.1,10.5,7452.000000000001,8.733600616455078
2777,328.0,37.1,10.5,7387.0,8.733600616455078
2778,328.0,37.1,10.5,6351.0,8.69219970703125
2779,328.0,37.1,10.5,2588.9999999999995,8.916229248046875
2780,328.0,37.1,10.5,2698.0,8.916229248046875
2781,328.0,37.1,10.5,2086.0,8.916229248046875
2782,328.0,37.1,10.5,7894.0,8.733600616455078
2783,328.0,37.1,10.5,7597.0,8.733600616455078
2784,328.0,37.1,10.5,6651.0,8.69219970703125
2785,328.0,37.1,10.5,3730.0,8.69219970703125
2786,328.0,37.1,10.5,4122.0,8.69219970703125
2787,328.0,37.1,10.5,4558.0,8.69219970703125
2788,328.0,37.1,10.5,2588.9999999999995,8.916229248046875
2789,328.0,37.1,10.5,2698.0,8.916229248046875
2790,328.0,37.1,10.5,2086.0,8.916229248046875
2791,328.0,37.1,10.5,7894.0,8.733600616455078
2792,328.0,37.1,10.5,7597.0,8.733600616455078
2793,328.0,37.1,10.5,6651.0,8.69219970703125
2794,1114.0,35.27652,-101.658,12300.0,10.008974075317383
2795,57.0,31.17452,-84.191818,1535.0,0.429
2796,57.0,31.17452,-84.191818,1362.0,0.217
2797,57.0,31.17452,-84.191818,1495.0,0.352
2798,57.0,31.17452,-84.191818,1340.0,0.145
2799,57.0,31.17452,-84.191818,936.0,8.594532012939453
2800,57.0,31.17452,-84.191818,1335.0,0.134
2801,57.0,31.17452,-84.191818,1342.0,0.089
2802,57.0,31.17452,-84.191818,1305.0,0.0849999999999999
2803,57.0,31.17452,-84.191818,1319.0,0.0349999999999999
2804,57.0,31.17452,-84.191818,1215.0,8.594532012939453
2805,57.0,31.17452,-84.191818,1408.0,8.594532012939453
2806,57.0,31.17452,-84.191818,1232.0,8.594532012939453
2807,57.0,31.17452,-84.191818,1346.0,8.594532012939453
2808,57.0,31.17452,-84.191818,1366.0,8.594532012939453
2809,57.0,31.17452,-84.191818,1604.0,8.594532012939453
2810,328.0,37.1,10.5,7894.0,8.733600616455078
2811,328.0,37.1,10.5,7597.0,8.733600616455078
2812,328.0,37.1,10.5,6651.0,8.69219970703125
2813,328.0,37.1,10.5,7452.000000000001,8.733600616455078
2814,328.0,37.1,10.5,7387.0,8.733600616455078
2815,328.0,37.1,10.5,6351.0,8.69219970703125
2816,328.0,37.1,10.5,2588.9999999999995,8.916229248046875
2817,328.0,37.1,10.5,2698.0,8.916229248046875
2818,328.0,37.1,10.5,2086.0,8.916229248046875
2819,328.0,37.1,10.5,7894.0,8.733600616455078
2820,328.0,37.1,10.5,7597.0,8.733600616455078
2821,328.0,37.1,10.5,6651.0,8.69219970703125
2822,328.0,37.1,10.5,7894.0,8.733600616455078
2823,328.0,37.1,10.5,7597.0,8.733600616455078
2824,328.0,37.1,10.5,6651.0,8.69219970703125
2825,328.0,37.1,10.5,7452.000000000001,8.733600616455078
2826,328.0,37.1,10.5,7387.0,8.733600616455078
2827,328.0,37.1,10.5,6351.0,8.69219970703125
2828,328.0,37.1,10.5,2588.9999999999995,8.916229248046875
2829,328.0,37.1,10.5,2698.0,8.916229248046875
2830,328.0,37.1,10.5,2086.0,8.916229248046875
2831,328.0,37.1,10.5,7894.0,8.733600616455078
2832,328.0,37.1,10.5,7597.0,8.733600616455078
2833,328.0,37.1,10.5,6651.0,8.69219970703125
2834,328.0,37.1,10.5,7894.0,8.733600616455078
2835,328.0,37.1,10.5,7597.0,8.733600616455078
2836,328.0,37.1,10.5,6651.0,8.69219970703125
2837,328.0,37.1,10.5,7452.000000000001,8.733600616455078
2838,328.0,37.1,10.5,7387.0,8.733600616455078
2839,328.0,37.1,10.5,6351.0,8.69219970703125
2840,328.0,37.1,10.5,2588.9999999999995,8.916229248046875
2841,328.0,37.1,10.5,2698.0,8.916229248046875
2842,328.0,37.1,10.5,2086.0,8.916229248046875
2843,328.0,37.1,10.5,7894.0,8.733600616455078
2844,328.0,37.1,10.5,7597.0,8.733600616455078
2845,328.0,37.1,10.5,6651.0,8.69219970703125
2846,184.4,31.25,73.06,2730.62685,8.594532012939453
2847,184.4,31.25,73.06,3202.3630499999995,8.594532012939453
2848,184.4,31.25,73.06,3274.93785,8.594532012939453
2849,184.4,31.25,73.06,3837.39255,8.594532012939453
2850,328.0,37.1,10.5,7894.0,8.733600616455078
2851,328.0,37.1,10.5,7597.0,8.733600616455078
2852,328.0,37.1,10.5,6651.0,8.69219970703125
2853,328.0,37.1,10.5,7452.000000000001,8.733600616455078
2854,328.0,37.1,10.5,7387.0,8.733600616455078
2855,328.0,37.1,10.5,6351.0,8.69219970703125
2856,328.0,37.1,10.5,2588.9999999999995,8.916229248046875
2857,328.0,37.1,10.5,2698.0,8.916229248046875
2858,328.0,37.1,10.5,2086.0,8.916229248046875
2859,328.0,37.1,10.5,7894.0,8.733600616455078
2860,328.0,37.1,10.5,7597.0,8.733600616455078
2861,328.0,37.1,10.5,6651.0,8.69219970703125
2862,328.0,37.1,10.5,7894.0,8.733600616455078
2863,328.0,37.1,10.5,7597.0,8.733600616455078
2864,328.0,37.1,10.5,6651.0,8.69219970703125
2865,328.0,37.1,10.5,3730.0,8.69219970703125
2866,328.0,37.1,10.5,4122.0,8.69219970703125
2867,328.0,37.1,10.5,4558.0,8.69219970703125
2868,328.0,37.1,10.5,2588.9999999999995,8.916229248046875
2869,328.0,37.1,10.5,2698.0,8.916229248046875
2870,328.0,37.1,10.5,2086.0,8.916229248046875
2871,328.0,37.1,10.5,7894.0,8.733600616455078
2872,328.0,37.1,10.5,7597.0,8.733600616455078
2873,328.0,37.1,10.5,6651.0,8.69219970703125
2874,328.0,37.1,10.5,7894.0,8.733600616455078
2875,328.0,37.1,10.5,7597.0,8.733600616455078
2876,328.0,37.1,10.5,6651.0,8.69219970703125
2877,328.0,37.1,10.5,3730.0,8.69219970703125
2878,328.0,37.1,10.5,4122.0,8.69219970703125
2879,328.0,37.1,10.5,4558.0,8.69219970703125
2880,328.0,37.1,10.5,2588.9999999999995,8.916229248046875
2881,328.0,37.1,10.5,2698.0,8.916229248046875
2882,328.0,37.1,10.5,2086.0,8.916229248046875
2883,328.0,37.1,10.5,7894.0,8.733600616455078
2884,328.0,37.1,10.5,7597.0,8.733600616455078
2885,328.0,37.1,10.5,6651.0,8.69219970703125
2886,64.0,36.61666666666667,10.1403,14870.000000000002,2.8
2887,64.0,36.61666666666667,10.1403,14012.0,3.0
2888,64.0,36.61666666666667,10.1403,10250.999999999998,4.0
2889,64.0,36.61666666666667,10.1403,12546.0,2.8
2890,64.0,36.61666666666667,10.1403,14870.000000000002,3.1
2891,64.0,36.61666666666667,10.1403,11500.0,4.0
2892,64.0,36.61666666666667,10.1403,13622.0,2.8
2893,64.0,36.61666666666667,10.1403,11007.0,4.0
2894,28.0,37.0,10.0,18461.21475,4.15
2895,28.0,37.0,10.0,18805.94505,4.87
2896,28.0,37.0,10.0,11802.47685,4.92
2897,28.0,37.0,10.0,18805.94505,5.49
2898,28.0,37.0,10.0,15276.9954,5.43
2899,28.0,37.0,10.0,13281.1884,4.47
2900,28.0,37.0,10.0,19994.3574,5.94
2901,28.0,37.0,10.0,16029.95895,5.69
2902,28.0,37.0,10.0,12891.09885,5.72
2903,328.0,37.1,10.5,7894.0,8.733600616455078
2904,328.0,37.1,10.5,7597.0,8.733600616455078
2905,328.0,37.1,10.5,6651.0,8.69219970703125
2906,328.0,37.1,10.5,3730.0,8.69219970703125
2907,328.0,37.1,10.5,4122.0,8.69219970703125
2908,328.0,37.1,10.5,4558.0,8.69219970703125
2909,328.0,37.1,10.5,2588.9999999999995,8.916229248046875
2910,328.0,37.1,10.5,2698.0,8.916229248046875
2911,328.0,37.1,10.5,2086.0,8.916229248046875
2912,328.0,37.1,10.5,7894.0,8.733600616455078
2913,328.0,37.1,10.5,7597.0,8.733600616455078
2914,328.0,37.1,10.5,6651.0,8.69219970703125
2915,328.0,37.1,10.5,3730.0,8.69219970703125
2916,328.0,37.1,10.5,4122.0,8.69219970703125
2917,328.0,37.1,10.5,4558.0,8.69219970703125
2918,328.0,37.1,10.5,2588.9999999999995,8.916229248046875
2919,328.0,37.1,10.5,2698.0,8.916229248046875
2920,328.0,37.1,10.5,2086.0,8.916229248046875
2921,328.0,37.1,10.5,7894.0,8.733600616455078
2922,328.0,37.1,10.5,7597.0,8.733600616455078
2923,328.0,37.1,10.5,6651.0,8.69219970703125
2924,328.0,37.1,10.5,7894.0,8.733600616455078
2925,328.0,37.1,10.5,7597.0,8.733600616455078
2926,328.0,37.1,10.5,6651.0,8.69219970703125
2927,328.0,37.1,10.5,3730.0,8.69219970703125
2928,328.0,37.1,10.5,4122.0,8.69219970703125
2929,328.0,37.1,10.5,4558.0,8.69219970703125
2930,328.0,37.1,10.5,2588.9999999999995,8.916229248046875
2931,328.0,37.1,10.5,2698.0,8.916229248046875
2932,328.0,37.1,10.5,2086.0,8.916229248046875
2933,328.0,37.1,10.5,7894.0,8.733600616455078
2934,328.0,37.1,10.5,7597.0,8.733600616455078
2935,328.0,37.1,10.5,6651.0,8.69219970703125
2936,328.0,37.1,10.5,7894.0,8.733600616455078
2937,328.0,37.1,10.5,7597.0,8.733600616455078
2938,328.0,37.1,10.5,6651.0,8.69219970703125
2939,328.0,37.1,10.5,7452.000000000001,8.733600616455078
2940,328.0,37.1,10.5,7387.0,8.733600616455078
2941,328.0,37.1,10.5,6351.0,8.69219970703125
2942,328.0,37.1,10.5,2588.9999999999995,8.916229248046875
2943,328.0,37.1,10.5,2698.0,8.916229248046875
2944,328.0,37.1,10.5,2086.0,8.916229248046875
2945,328.0,37.1,10.5,7894.0,8.733600616455078
2946,328.0,37.1,10.5,7597.0,8.733600616455078
2947,328.0,37.1,10.5,6651.0,8.69219970703125
2948,328.0,37.1,10.5,7894.0,8.733600616455078
2949,328.0,37.1,10.5,7597.0,8.733600616455078
2950,328.0,37.1,10.5,6651.0,8.69219970703125
2951,328.0,37.1,10.5,7452.000000000001,8.733600616455078
2952,328.0,37.1,10.5,7387.0,8.733600616455078
2953,328.0,37.1,10.5,6351.0,8.69219970703125
2954,328.0,37.1,10.5,2588.9999999999995,8.916229248046875
2955,328.0,37.1,10.5,2698.0,8.916229248046875
2956,328.0,37.1,10.5,2086.0,8.916229248046875
2957,328.0,37.1,10.5,7894.0,8.733600616455078
2958,328.0,37.1,10.5,7597.0,8.733600616455078
2959,328.0,37.1,10.5,6651.0,8.69219970703125
2960,328.0,37.1,10.5,7894.0,8.733600616455078
2961,328.0,37.1,10.5,7597.0,8.733600616455078
2962,328.0,37.1,10.5,6651.0,8.69219970703125
2963,328.0,37.1,10.5,7452.000000000001,8.733600616455078
2964,328.0,37.1,10.5,7387.0,8.733600616455078
2965,328.0,37.1,10.5,6351.0,8.69219970703125
2966,328.0,37.1,10.5,2588.9999999999995,8.916229248046875
2967,328.0,37.1,10.5,2698.0,8.916229248046875
2968,328.0,37.1,10.5,2086.0,8.916229248046875
2969,1100.0,38.66666666666666,106.3,1678.29225,21.35
2970,1557.0,11.583333333333334,39.63333333333333,27083.3,9.4
2971,1557.0,11.583333333333334,39.63333333333333,21471.0,11.0
2977,283.0,29.016666666666666,-99.08333333333331,79832.28,10.740839958190918
2978,283.0,29.016666666666666,-99.08333333333331,80739.465,10.740839958190918
2979,283.0,29.016666666666666,-99.08333333333331,97068.795,10.740839958190918
2980,283.0,29.016666666666666,-99.08333333333331,67131.69,10.740839958190918
2981,283.0,29.016666666666666,-99.08333333333331,72574.79999999999,10.740839958190918
2982,1945.0,14.149166666666666,38.28388888888889,13700.0,8.848677635192871
2983,1945.0,14.149166666666666,38.28388888888889,29900.0,4.702
2984,1945.0,14.149166666666666,38.28388888888889,25570.0,9.966034889221191
2985,2197.0,22.9,102.65,2630.8365,0.73
2986,2197.0,22.9,102.65,2449.3995,0.72
2987,2197.0,22.9,102.65,2086.5255,0.64
2988,2197.0,22.9,102.65,2902.992,0.96
2989,2197.0,22.9,102.65,2993.7105,0.8
2990,259.0,46.25,-119.61666666666667,17962.263,29.3
2991,259.0,46.25,-119.61666666666667,21046.692,20.1
2992,4.0,15.9346161,80.3869706,6740.38455,8.594532012939453
2993,4.0,15.9346161,80.3869706,7193.97705,8.594532012939453
2994,4.0,15.9346161,80.3869706,5878.5588,8.594532012939453
2995,18.0,5.10535,-1.2466,723.389319,131.20000000000002
2996,18.0,5.10535,-1.2466,660.9749909999999,143.5
2997,18.0,5.10535,-1.2466,260.543532,51.7
2998,18.0,5.10535,-1.2466,795.7826819999999,157.9
2999,18.0,5.10535,-1.2466,1077463.6245,214.0
3000,18.0,5.10535,-1.2466,1029654.975,10.760971069335938
3001,18.0,5.10535,-1.2466,176.901075,9.804437637329102
3006,52.0,33.7,-90.9167,13560.0,0.022
3007,52.0,33.7,-90.9167,14050.0,0.018
3008,52.0,33.7,-90.9167,12790.0,0.025
3009,52.0,33.7,-90.9167,14210.0,0.031
3010,52.0,33.7,-90.9167,11770.0,0.015
3011,52.0,33.7,-90.9167,12380.0,0.009
3012,52.0,33.7,-90.9167,11150.0,8.848677635192871
3013,52.0,33.7,-90.9167,11970.0,8.848677635192871
3014,600.0,33.333333333333336,36.43333333333333,4500.0,0.588
3015,600.0,33.333333333333336,36.43333333333333,4827.0,0.593
3016,600.0,33.333333333333336,36.43333333333333,3091.1,0.513
3017,600.0,33.333333333333336,36.43333333333333,3133.4,0.492
3018,600.0,33.333333333333336,36.43333333333333,2740.2,0.457
3019,600.0,33.333333333333336,36.43333333333333,2412.1,0.375
3020,28.0,37.0,10.0,22861.062,9.0
3021,28.0,37.0,10.0,34291.59299999999,12.8
3022,28.0,37.0,10.0,29483.5125,12.7
3023,28.0,37.0,10.0,18960.1665,7.0
3024,28.0,37.0,10.0,37376.022,13.4
3025,28.0,37.0,10.0,32840.097,12.9
3026,28.0,37.0,10.0,19413.759,6.8
3027,28.0,37.0,10.0,28757.7645,9.5
3028,28.0,37.0,10.0,27669.1425,10.2
3029,28.0,37.0,10.0,23223.936,7.6
3030,28.0,37.0,10.0,38918.2365,11.4
3031,28.0,37.0,10.0,35470.9335,11.4
3037,1945.0,14.149166666666666,38.28388888888889,13700.0,8.848677635192871
3038,1945.0,14.149166666666666,38.28388888888889,29900.0,4.702
3039,1945.0,14.149166666666666,38.28388888888889,25570.0,9.966034889221191
3050,1473.0,36.9,80.61666666666667,3770.0,0.613
3051,1473.0,36.9,80.61666666666667,3380.0,0.53
3052,1473.0,36.9,80.61666666666667,3190.0,0.495
3053,1473.0,36.9,80.61666666666667,4110.0,0.6679999999999999
3054,1473.0,36.9,80.61666666666667,4540.0,0.761
3055,1473.0,36.9,80.61666666666667,3770.0,0.613
3056,1473.0,36.9,80.61666666666667,3770.0,0.613
3057,1473.0,36.9,80.61666666666667,3380.0,0.53
3058,1473.0,36.9,80.61666666666667,4110.0,0.6679999999999999
3059,1473.0,36.9,80.61666666666667,4540.0,0.761
3060,1473.0,36.9,80.61666666666667,3190.0,0.495
3061,1473.0,36.9,80.61666666666667,3770.0,0.613
3062,1473.0,36.9,80.61666666666667,3380.0,0.53
3063,1473.0,36.9,80.61666666666667,3190.0,0.495
3064,1473.0,36.9,80.61666666666667,4110.0,0.6679999999999999
3065,1473.0,36.9,80.61666666666667,4540.0,0.761
3066,1473.0,36.9,80.61666666666667,3770.0,0.613
3067,1473.0,36.9,80.61666666666667,3380.0,0.53
3068,1473.0,36.9,80.61666666666667,4110.0,0.6679999999999999
3069,1473.0,36.9,80.61666666666667,4540.0,0.761
3070,1473.0,36.9,80.61666666666667,3190.0,0.495
3071,1473.0,36.9,80.61666666666667,3770.0,0.613
3072,1473.0,36.9,80.61666666666667,3770.0,0.613
3073,1473.0,36.9,80.61666666666667,4110.0,0.6679999999999999
3074,1473.0,36.9,80.61666666666667,4540.0,0.761
3075,1473.0,36.9,80.61666666666667,3930.0,0.663
3076,1473.0,36.9,80.61666666666667,3770.0,0.613
3077,1473.0,36.9,80.61666666666667,3530.0,0.6
3078,1473.0,36.9,80.61666666666667,2670.0,0.58
3079,1473.0,36.9,80.61666666666667,4380.0,0.6
3080,1473.0,36.9,80.61666666666667,4340.0,0.58
3081,32.0,33.7,-90.91666666666669,1779.0,0.1379999999999999
3082,32.0,33.7,-90.91666666666669,2028.0,0.1379999999999999
3083,32.0,33.7,-90.91666666666669,1803.0,0.27
3084,32.0,33.7,-90.91666666666669,2082.0,0.27
3085,32.0,33.7,-90.91666666666669,1573.0,8.594532012939453
3086,32.0,33.7,-90.91666666666669,1788.0,8.594532012939453
3087,32.0,33.7,-90.91666666666669,1870.0,0.119
3088,32.0,33.7,-90.91666666666669,2314.0,0.119
3089,32.0,33.7,-90.91666666666669,1869.0,0.1639999999999999
3090,32.0,33.7,-90.91666666666669,2183.0,0.1639999999999999
3091,32.0,33.7,-90.91666666666669,1543.0,8.594532012939453
3092,32.0,33.7,-90.91666666666669,1753.0,8.594532012939453
3093,1473.0,36.9,80.61666666666667,3770.0,0.613
3094,1473.0,36.9,80.61666666666667,3380.0,0.53
3095,1473.0,36.9,80.61666666666667,3190.0,0.495
3096,1473.0,36.9,80.61666666666667,4110.0,0.6679999999999999
3097,1473.0,36.9,80.61666666666667,4540.0,0.761
3098,1473.0,36.9,80.61666666666667,3770.0,0.58
3099,1473.0,36.9,80.61666666666667,3770.0,0.613
3100,1473.0,36.9,80.61666666666667,3380.0,0.53
3101,1473.0,36.9,80.61666666666667,3190.0,0.495
3102,1473.0,36.9,80.61666666666667,4110.0,0.6679999999999999
3103,1473.0,36.9,80.61666666666667,4540.0,0.761
3104,1473.0,36.9,80.61666666666667,3770.0,0.613
3105,1473.0,36.9,80.61666666666667,3380.0,0.53
3106,1473.0,36.9,80.61666666666667,4110.0,0.6679999999999999
3107,1473.0,36.9,80.61666666666667,4540.0,0.761
3108,1473.0,36.9,80.61666666666667,3190.0,0.495
3109,1473.0,36.9,80.61666666666667,3770.0,0.613
3110,1473.0,36.9,80.61666666666667,3380.0,0.53
3111,1473.0,36.9,80.61666666666667,3190.0,0.495
3112,1473.0,36.9,80.61666666666667,4110.0,0.6679999999999999
3113,1473.0,36.9,80.61666666666667,4540.0,0.761
3114,1473.0,36.9,80.61666666666667,3770.0,0.613
3115,1473.0,36.9,80.61666666666667,3770.0,0.613
3116,1473.0,36.9,80.61666666666667,3380.0,0.53
3117,1473.0,36.9,80.61666666666667,3190.0,0.495
3118,1473.0,36.9,80.61666666666667,4110.0,0.6679999999999999
3119,1473.0,36.9,80.61666666666667,4540.0,0.761
3120,1473.0,36.9,80.61666666666667,3770.0,0.613
3133,1473.0,36.9,80.61666666666667,3770.0,0.613
3134,1473.0,36.9,80.61666666666667,3380.0,0.53
3135,1473.0,36.9,80.61666666666667,4110.0,0.6679999999999999
3136,1473.0,36.9,80.61666666666667,4540.0,0.761
3137,1473.0,36.9,80.61666666666667,3190.0,0.495
3138,1473.0,36.9,80.61666666666667,3770.0,0.613
3139,1473.0,36.9,80.61666666666667,3380.0,0.53
3140,1473.0,36.9,80.61666666666667,3190.0,0.495
3141,1473.0,36.9,80.61666666666667,4110.0,0.6679999999999999
3142,1473.0,36.9,80.61666666666667,4540.0,0.761
3143,1473.0,36.9,80.61666666666667,3770.0,0.613
3144,1473.0,36.9,80.61666666666667,3770.0,0.613
3145,1473.0,36.9,80.61666666666667,3380.0,0.53
3146,1473.0,36.9,80.61666666666667,3190.0,0.495
3147,1473.0,36.9,80.61666666666667,4110.0,0.6679999999999999
3148,1473.0,36.9,80.61666666666667,4540.0,0.761
3149,1473.0,36.9,80.61666666666667,3770.0,0.613
3150,1473.0,36.9,80.61666666666667,3770.0,0.613
3151,1473.0,36.9,80.61666666666667,3380.0,0.53
3152,1473.0,36.9,80.61666666666667,3190.0,0.495
3153,1473.0,36.9,80.61666666666667,4110.0,0.6679999999999999
3154,1473.0,36.9,80.61666666666667,4540.0,0.761
3155,1473.0,36.9,80.61666666666667,3770.0,0.58
3156,1510.0,32.0,53.0,2992.86,8.594532012939453
3157,1510.0,32.0,53.0,3591.44,8.594532012939453
3158,1510.0,32.0,53.0,3160.46,8.594532012939453
3159,1510.0,32.0,53.0,55884.47,10.740839958190918
3160,1510.0,32.0,53.0,64084.8,10.740839958190918
3161,1510.0,32.0,53.0,57884.63,10.740839958190918
3162,1510.0,32.0,53.0,4469.33,8.594532012939453
3163,1510.0,32.0,53.0,6480.53,8.594532012939453
3164,1510.0,32.0,53.0,5452.59,8.594532012939453
3165,1510.0,32.0,53.0,64773.93,10.740839958190918
3166,1510.0,32.0,53.0,77728.71,10.740839958190918
3167,550.0,5.3,37.083333333333336,20828.9676,4.85
3168,550.0,5.3,37.083333333333336,27660.07065,6.45
3169,550.0,5.3,37.083333333333336,27868.7232,6.5
3170,550.0,5.3,36.875,22325.82285,5.2
3171,550.0,5.3,37.083333333333336,13789.211999999998,3.21
3172,550.0,5.3,37.083333333333336,22.96,4.85
3173,550.0,5.3,37.083333333333336,30.49,6.45
3174,550.0,5.3,37.083333333333336,30.72,6.5
3175,550.0,5.3,37.083333333333336,24.61,5.2
3176,550.0,5.3,37.083333333333336,15.2,3.21
3177,1590.0,9.1,37.15,12328.644149999998,1.89
3178,1590.0,9.1,37.15,13562.415749999998,2.08
3179,1590.0,9.1,37.15,17789.897849999998,2.36
3180,1590.0,9.1,37.15,13380.978749999998,2.06
3181,1590.0,9.1,37.15,14478.6726,2.23
3182,600.0,33.333333333333336,36.43333333333333,16200.0,2.88
3183,600.0,33.333333333333336,36.43333333333333,9800.0,1.14
3184,600.0,33.333333333333336,36.43333333333333,23700.0,1.9
3185,600.0,33.333333333333336,36.43333333333333,16200.0,2.88
3186,600.0,33.333333333333336,36.43333333333333,9800.0,1.14
3187,600.0,33.333333333333336,36.43333333333333,23700.0,1.9
3188,550.0,5.3,36.875,3519.8778,0.6307
3189,550.0,5.3,36.875,3374.7282,0.672
3190,550.0,5.3,36.875,3002.78235,0.504
3191,550.0,5.3,36.875,2531.04615,0.361
3192,550.0,5.3,36.875,2821.34535,0.756
3193,354.0,47.2854191,-119.3333596,54158.9445,16.027297973632812
3194,354.0,47.2854191,-119.3333596,55882.596,16.027297973632812
3195,96.0,35.232,-71.442,11984.0,42.6
3196,96.0,35.232,-71.442,10917.0,46.4
3197,96.0,35.232,-71.442,7998.0,37.3
3198,96.0,35.232,-71.442,7305.0,36.8
3199,96.0,35.232,-71.442,11984.0,42.6
3200,96.0,35.232,-71.442,10917.0,46.4
3201,96.0,35.232,-71.442,7998.0,37.3
3202,96.0,35.232,-71.442,7305.0,36.8
3203,96.0,35.232,-71.442,11984.0,42.6
3204,96.0,35.232,-71.442,10917.0,46.4
3205,96.0,35.232,-71.442,7998.0,37.3
3206,96.0,35.232,-71.442,7305.0,36.8
3207,96.0,35.232,-71.442,11984.0,42.6
3208,96.0,35.232,-71.442,10917.0,46.4
3209,96.0,35.232,-71.442,7998.0,37.3
3210,96.0,35.232,-71.442,7305.0,36.8
3211,96.0,35.232,-71.442,11984.0,42.6
3212,96.0,35.232,-71.442,10917.0,46.4
3213,96.0,35.232,-71.442,7998.0,37.3
3214,96.0,35.232,-71.442,7305.0,36.8
3215,96.0,35.232,-71.442,11984.0,42.6
3216,96.0,35.232,-71.442,10917.0,46.4
3217,96.0,35.232,-71.442,7998.0,37.3
3218,96.0,35.232,-71.442,7305.0,36.8
3219,2.0,33.47055555555556,119.986111,58331.9955,31.6
3220,2.0,33.47055555555556,119.986111,88722.693,57.3
3221,2.0,33.47055555555556,119.986111,72756.237,43.2
3222,2.0,33.47055555555556,119.986111,80467.3095,51.3
3223,2.0,33.47055555555556,119.986111,61053.55049999999,32.5
3224,2.0,33.47055555555556,119.986111,81011.62049999999,42.4
3225,2.0,33.47055555555556,119.986111,87361.91549999999,36.7
3226,2.0,33.47055555555556,119.986111,101060.409,24.7
3227,96.0,35.232,-71.442,11984.0,42.6
3228,96.0,35.232,-71.442,10917.0,46.4
3229,96.0,35.232,-71.442,7998.0,37.3
3230,96.0,35.232,-71.442,7305.0,36.8
3231,96.0,35.232,-71.442,11984.0,42.6
3232,96.0,35.232,-71.442,10917.0,46.4
3233,96.0,35.232,-71.442,7998.0,37.3
3234,96.0,35.232,-71.442,7305.0,36.8
3235,96.0,35.232,-71.442,11984.0,42.6
3236,96.0,35.232,-71.442,10917.0,46.4
3237,96.0,35.232,-71.442,7998.0,37.3
3238,96.0,35.232,-71.442,7305.0,36.8
3239,42.0,37.41666666666666,-5.95,2812.2735,8.916229248046875
3240,42.0,37.41666666666666,-5.95,16601.4855,9.768288612365723
3241,42.0,37.41666666666666,-5.95,11067.657,8.946345329284668
3242,42.0,37.41666666666666,-5.95,1723.6514999999995,8.916229248046875
3243,42.0,37.41666666666666,-5.95,13154.1825,8.946345329284668
3244,42.0,37.41666666666666,-5.95,8618.2575,8.733600616455078
3245,42.0,37.41666666666666,-5.95,15694.3005,9.768288612365723
3246,42.0,37.41666666666666,-5.95,12519.153,8.946345329284668
3247,42.0,37.41666666666666,-5.95,3084.429,8.916229248046875
3248,42.0,37.41666666666666,-5.95,13426.338,8.946345329284668
3249,42.0,37.41666666666666,-5.95,9525.4425,8.733600616455078
3250,30.0,37.2833,-6.05,13335.6195,5.1
3251,30.0,37.2833,-6.05,11067.657,5.0
3252,30.0,37.2833,-6.05,10886.22,8.3
3253,30.0,37.2833,-6.05,453.5925,0.1
3254,30.0,37.2833,-6.05,362.874,0.1
3255,30.0,37.2833,-6.05,181.437,0.1
3256,30.0,37.2833,-6.05,15422.145,5.3
3257,30.0,37.2833,-6.05,14605.6785,5.5
3258,30.0,37.2833,-6.05,15966.456,3.9
3274,150.0,25.27055555555556,49.73027777777778,2000.0,8.594532012939453
3275,150.0,25.27055555555556,49.73027777777778,2500.0,8.594532012939453
3276,150.0,25.27055555555556,49.73027777777778,2150.0,8.594532012939453
3277,150.0,25.27055555555556,49.73027777777778,2000.0,8.594532012939453
3278,150.0,25.27055555555556,49.73027777777778,2500.0,8.594532012939453
3279,150.0,25.27055555555556,49.73027777777778,2150.0,8.594532012939453
3280,150.0,25.27055555555556,49.73027777777778,2000.0,8.594532012939453
3281,150.0,25.27055555555556,49.73027777777778,2500.0,8.594532012939453
3282,150.0,25.2706,49.73027777777778,2150.0,8.594532012939453
3283,150.0,25.27055555555556,49.7303,2000.0,8.594532012939453
3284,150.0,25.27055555555556,49.73027777777778,2500.0,8.594532012939453
3285,150.0,25.27055555555556,49.73027777777778,2150.0,8.594532012939453
3286,150.0,25.27055555555556,49.73027777777778,2000.0,8.594532012939453
3287,150.0,25.27055555555556,49.73027777777778,2500.0,8.594532012939453
3288,150.0,25.27055555555556,49.73027777777778,2150.0,8.594532012939453
3289,150.0,25.27055555555556,49.73027777777778,2000.0,8.594532012939453
3290,150.0,25.27055555555556,49.73027777777778,2500.0,8.594532012939453
3291,150.0,25.27055555555556,49.7303,2150.0,8.594532012939453
3292,150.0,25.27055555555556,49.73027777777778,2000.0,8.594532012939453
3293,150.0,25.27055555555556,49.73027777777778,2500.0,8.594532012939453
3294,150.0,25.27055555555556,49.73027777777778,2150.0,8.594532012939453
3295,150.0,25.27055555555556,49.73027777777778,2000.0,8.594532012939453
3296,150.0,25.27055555555556,49.73027777777778,2500.0,8.594532012939453
3297,150.0,25.27055555555556,49.73027777777778,2150.0,8.594532012939453
3298,4.0,31.1,30.933333333333334,9334.0,0.81
3299,4.0,31.1,30.933333333333334,10220.0,1.1
3300,4.0,31.1,30.933333333333334,8298.0,0.82
3301,4.0,31.1,30.933333333333334,9944.0,1.2
3302,4.0,31.1,30.933333333333334,6637.0,0.91
3303,4.0,31.1,30.933333333333334,7414.0,1.1
3304,4.0,31.1,30.933333333333334,10162.0,0.83
3305,4.0,31.1,30.933333333333334,9468.0,0.97
3306,4.0,31.1,30.933333333333334,8365.0,0.89
3307,4.0,31.1,30.933333333333334,9954.0,1.16
3308,4.0,31.1,30.933333333333334,6854.0,0.92
3309,4.0,31.1,30.933333333333334,9954.0,1.12
3310,4.0,31.1,30.933333333333334,9334.0,0.81
3311,4.0,31.1,30.933333333333334,10220.0,1.1
3312,4.0,31.1,30.933333333333334,8298.0,0.82
3313,4.0,31.1,30.933333333333334,9944.0,1.2
3314,4.0,31.1,30.933333333333334,6637.0,0.91
3315,4.0,31.1,30.933333333333334,7414.0,1.1
3316,4.0,31.1,30.933333333333334,10162.0,0.83
3317,4.0,31.1,30.933333333333334,9468.0,0.97
3318,4.0,31.1,30.933333333333334,8365.0,0.89
3319,4.0,31.1,30.933333333333334,9954.0,1.16
3320,4.0,31.1,30.933333333333334,6854.0,0.92
3321,4.0,31.1,30.933333333333334,9954.0,1.12
3322,4.0,31.1,30.933333333333334,9334.0,0.81
3323,4.0,31.1,30.933333333333334,10220.0,1.1
3324,4.0,31.1,30.933333333333334,8298.0,0.82
3325,4.0,31.1,30.933333333333334,9944.0,1.2
3326,4.0,31.1,30.933333333333334,6637.0,0.91
3327,4.0,31.1,30.933333333333334,7414.0,1.1
3328,4.0,31.1,30.933333333333334,10162.0,0.83
3329,4.0,31.1,30.933333333333334,9468.0,0.97
3330,4.0,31.1,30.933333333333334,8365.0,0.89
3331,4.0,31.1,30.933333333333334,9954.0,1.16
3332,4.0,31.1,30.933333333333334,6854.0,0.92
3333,4.0,31.1,30.933333333333334,9954.0,1.12
3334,4.0,31.1,30.933333333333334,9334.0,0.81
3335,4.0,31.1,30.933333333333334,10220.0,1.1
3336,4.0,31.1,30.933333333333334,8298.0,0.82
3337,4.0,31.1,30.933333333333334,9944.0,1.2
3338,4.0,31.1,30.933333333333334,6637.0,0.91
3339,4.0,31.1,30.933333333333334,7414.0,1.1
3340,4.0,31.1,30.933333333333334,10162.0,0.83
3341,4.0,31.1,30.933333333333334,9468.0,0.97
3342,4.0,31.1,30.933333333333334,8365.0,0.89
3343,4.0,31.1,30.933333333333334,9954.0,1.16
3344,4.0,31.1,30.933333333333334,6854.0,0.92
3345,4.0,31.1,30.933333333333334,9954.0,1.12
3346,4.0,31.1,30.933333333333334,9334.0,0.81
3347,4.0,31.1,30.933333333333334,10220.0,1.1
3348,4.0,31.1,30.933333333333334,8298.0,0.82
3349,4.0,31.1,30.933333333333334,9944.0,1.2
3350,4.0,31.1,30.933333333333334,6637.0,0.91
3351,4.0,31.1,30.933333333333334,7414.0,1.1
3352,4.0,31.1,30.933333333333334,10162.0,0.83
3353,4.0,31.1,30.933333333333334,9468.0,0.97
3354,4.0,31.1,30.933333333333334,8365.0,0.89
3355,4.0,31.1,30.933333333333334,9954.0,1.16
3356,4.0,31.1,30.933333333333334,6854.0,0.92
3357,4.0,31.1,30.933333333333334,9954.0,1.12
3358,4.0,31.1,30.933333333333334,9334.0,0.81
3359,4.0,31.1,30.933333333333334,10220.0,1.1
3360,4.0,31.1,30.933333333333334,8298.0,0.82
3361,4.0,31.1,30.933333333333334,9944.0,1.2
3362,4.0,31.1,30.933333333333334,6637.0,0.91
3363,4.0,31.1,30.933333333333334,7414.0,1.1
3364,4.0,31.1,30.933333333333334,10162.0,0.83
3365,4.0,31.1,30.933333333333334,9468.0,0.97
3366,4.0,31.1,30.933333333333334,8365.0,0.89
3367,4.0,31.1,30.933333333333334,9954.0,1.16
3368,4.0,31.1,30.933333333333334,6854.0,0.92
3369,4.0,31.1,30.933333333333334,9954.0,1.12
3370,4.0,31.1,30.933333333333334,9334.0,0.81
3371,4.0,31.1,30.933333333333334,10220.0,1.1
3372,4.0,31.1,30.933333333333334,8298.0,0.82
3373,4.0,31.1,30.933333333333334,9944.0,1.2
3374,4.0,31.1,30.933333333333334,6637.0,0.91
3375,4.0,31.1,30.933333333333334,7414.0,1.1
3376,4.0,31.1,30.933333333333334,10162.0,0.83
3377,4.0,31.1,30.933333333333334,9468.0,0.97
3378,4.0,31.1,30.933333333333334,8365.0,0.89
3379,4.0,31.1,30.933333333333334,9954.0,1.16
3380,4.0,31.1,30.933333333333334,6854.0,0.92
3381,4.0,31.1,30.933333333333334,9954.0,1.12
3382,4.0,31.1,30.933333333333334,9334.0,0.81
3383,4.0,31.1,30.933333333333334,10220.0,1.1
3384,4.0,31.1,30.933333333333334,8298.0,0.82
3385,4.0,31.1,30.933333333333334,9944.0,1.2
3386,4.0,31.1,30.933333333333334,6637.0,0.91
3387,4.0,31.1,30.933333333333334,7414.0,1.1
3388,4.0,31.1,30.933333333333334,10162.0,0.83
3389,4.0,31.1,30.933333333333334,9468.0,0.97
3390,4.0,31.1,30.933333333333334,8365.0,0.89
3391,4.0,31.1,30.933333333333334,9954.0,1.16
3392,4.0,31.1,30.933333333333334,6854.0,0.92
3393,4.0,31.1,30.933333333333334,9954.0,1.12
3394,4.0,31.1,30.933333333333334,9334.0,0.81
3395,4.0,31.1,30.933333333333334,10220.0,1.1
3396,4.0,31.1,30.933333333333334,8298.0,0.82
3397,4.0,31.1,30.933333333333334,9944.0,1.2
3398,4.0,31.1,30.933333333333334,6637.0,0.91
3399,4.0,31.1,30.933333333333334,7414.0,1.1
3400,4.0,31.1,30.933333333333334,10162.0,0.83
3401,4.0,31.1,30.933333333333334,9468.0,0.97
3402,4.0,31.1,30.933333333333334,8365.0,0.89
3403,4.0,31.1,30.933333333333334,9954.0,1.16
3404,4.0,31.1,30.933333333333334,6854.0,0.92
3405,4.0,31.1,30.933333333333334,9954.0,1.12
3406,64.0,36.61666666666667,10.1403,14870.000000000002,2.8
3407,64.0,36.61666666666667,10.1403,14012.0,3.0
3408,64.0,36.61666666666667,10.1403,10250.999999999998,4.0
3409,64.0,36.61666666666667,10.1403,12546.0,2.8
3410,64.0,36.61666666666667,10.1403,14870.000000000002,3.1
3411,64.0,36.61666666666667,10.1403,11500.0,4.0
3412,64.0,36.61666666666667,10.1403,13622.0,2.8
3413,64.0,36.61666666666667,10.1403,11007.0,4.0
3414,64.0,36.61666666666667,10.1403,14870.000000000002,2.8
3415,64.0,36.61666666666667,10.1403,14012.0,3.0
3416,64.0,36.61666666666667,10.1403,10250.999999999998,4.0
3417,64.0,36.61666666666667,10.1403,12546.0,2.8
3418,64.0,36.61666666666667,10.1403,14870.000000000002,3.1
3419,64.0,36.61666666666667,10.1403,11500.0,4.0
3420,64.0,36.61666666666667,10.1403,13622.0,2.8
3421,64.0,36.61666666666667,10.1403,11007.0,4.0
3422,64.0,36.61666666666667,10.1403,14870.000000000002,2.8
3423,64.0,36.61666666666667,10.1403,14012.0,3.0
3424,64.0,36.61666666666667,10.1403,10250.999999999998,4.0
3425,64.0,36.61666666666667,10.1403,12546.0,2.8
3426,64.0,36.61666666666667,10.1403,11500.0,3.1
3427,64.0,36.61666666666667,10.1403,11007.0,4.0
3428,64.0,36.61666666666667,10.1403,13622.0,2.8
3429,64.0,36.61666666666667,10.1403,14870.000000000002,2.8
3430,64.0,36.61666666666667,10.1403,14012.0,3.0
3431,64.0,36.61666666666667,10.1403,10250.999999999998,4.0
3432,64.0,36.61666666666667,10.1403,13622.0,2.8
3433,64.0,36.61666666666667,10.1403,14870.000000000002,2.8
3434,64.0,36.61666666666667,10.1403,14012.0,3.0
3435,64.0,36.61666666666667,10.1403,10250.999999999998,4.0
3436,64.0,36.61666666666667,10.1403,12546.0,2.8
3437,64.0,36.61666666666667,10.1403,14870.000000000002,3.1
3438,64.0,36.61666666666667,10.1403,11500.0,4.0
3439,64.0,36.61666666666667,10.1403,13622.0,2.8
3440,64.0,36.61666666666667,10.1403,11007.0,4.0
3441,64.0,36.61666666666667,10.1403,14870.000000000002,2.8
3442,64.0,36.61666666666667,10.1403,14012.0,3.0
3443,64.0,36.61666666666667,10.1403,10250.999999999998,4.0
3444,64.0,36.61666666666667,10.1403,12546.0,2.8
3445,64.0,36.61666666666667,10.1403,14870.000000000002,3.1
3446,64.0,36.61666666666667,10.1403,11500.0,4.0
3447,64.0,36.61666666666667,10.1403,13622.0,2.8
3448,64.0,36.61666666666667,10.1403,11007.0,3.5
3449,64.0,36.61666666666667,10.1403,14870.000000000002,2.8
3450,64.0,36.61666666666667,10.1403,14012.0,3.0
3451,64.0,36.61666666666667,10.1403,10250.999999999998,4.0
3452,64.0,36.61666666666667,10.1403,12546.0,2.8
3453,64.0,36.61666666666667,10.1403,11500.0,3.1
3454,64.0,36.61666666666667,10.1403,11007.0,4.0
3455,64.0,36.61666666666667,10.1403,13622.0,2.8
3456,64.0,36.61666666666667,10.1403,14870.000000000002,2.8
3457,64.0,36.61666666666667,10.1403,14012.0,3.0
3458,64.0,36.61666666666667,10.1403,10250.999999999998,4.0
3459,64.0,36.61666666666667,10.1403,12546.0,2.8
3460,64.0,36.61666666666667,10.1403,14870.000000000002,3.1
3461,64.0,36.61666666666667,10.1403,11500.0,4.0
3462,64.0,36.61666666666667,10.1403,13622.0,2.8
3463,64.0,36.61666666666667,10.1403,11007.0,4.0
3464,64.0,36.61666666666667,10.1403,14870.000000000002,2.8
3465,64.0,36.61666666666667,10.1403,14012.0,3.0
3466,64.0,36.61666666666667,10.1403,10250.999999999998,4.0
3467,64.0,36.61666666666667,10.1403,12546.0,2.8
3468,64.0,36.61666666666667,10.1403,14870.000000000002,3.1
3469,64.0,36.61666666666667,10.1403,11500.0,4.0
3470,64.0,36.61666666666667,10.1403,13622.0,2.8
3471,64.0,36.61666666666667,10.1403,11007.0,4.0
3472,64.0,36.61666666666667,10.1403,14870.000000000002,2.8
3473,64.0,36.61666666666667,10.1403,14012.0,3.0
3474,64.0,36.61666666666667,10.1403,10250.999999999998,4.0
3475,64.0,36.61666666666667,10.1403,12546.0,2.8
3476,64.0,36.61666666666667,10.1403,14870.000000000002,3.1
3477,64.0,36.61666666666667,10.1403,11500.0,4.0
3478,64.0,36.61666666666667,10.1403,13622.0,2.8
3479,64.0,36.61666666666667,10.1403,11007.0,4.0
3480,64.0,36.61666666666667,10.1403,14870.000000000002,2.8
3481,64.0,36.61666666666667,10.1403,14012.0,3.0
3482,64.0,36.61666666666667,10.1403,10250.999999999998,4.0
3483,64.0,36.61666666666667,10.1403,12546.0,2.8
3484,64.0,36.61666666666667,10.1403,14870.000000000002,3.1
3485,64.0,36.61666666666667,10.1403,13622.0,3.5
3486,64.0,36.61666666666667,10.1403,11500.0,4.0
3487,64.0,36.61666666666667,10.1403,11007.0,3.0
3488,64.0,36.61666666666667,10.1403,14870.000000000002,2.8
3489,64.0,36.61666666666667,10.1403,14012.0,3.0
3490,64.0,36.61666666666667,10.1403,10250.999999999998,4.0
3491,64.0,36.61666666666667,10.1403,14870.000000000002,2.8
3492,64.0,36.61666666666667,10.1403,14012.0,3.0
3493,64.0,36.61666666666667,10.1403,10250.999999999998,4.0
3494,64.0,36.61666666666667,10.1403,12546.0,2.8
3495,64.0,36.61666666666667,10.1403,14870.000000000002,3.1
3496,64.0,36.61666666666667,10.1403,11500.0,4.0
3497,64.0,36.61666666666667,10.1403,13622.0,2.8
3498,64.0,36.61666666666667,10.1403,11007.0,3.5
3499,64.0,36.61666666666667,10.1403,14870.000000000002,2.8
3500,64.0,36.61666666666667,10.1403,14012.0,3.0
3501,64.0,36.61666666666667,10.1403,10250.999999999998,4.0
3502,64.0,36.61666666666667,10.1403,12546.0,2.8
3503,64.0,36.61666666666667,10.1403,11500.0,3.1
3504,64.0,36.61666666666667,10.1403,11007.0,3.5
3505,64.0,36.61666666666667,10.1403,13622.0,2.8
3506,64.0,36.61666666666667,10.1403,14870.000000000002,2.8
3507,64.0,36.61666666666667,10.1403,14012.0,3.0
3508,64.0,36.61666666666667,10.1403,10250.999999999998,4.0
3509,64.0,36.61666666666667,10.1403,12546.0,2.8
3510,64.0,36.61666666666667,10.1403,14870.000000000002,3.1
3511,64.0,36.61666666666667,10.1403,11500.0,4.0
3512,64.0,36.61666666666667,10.1403,13622.0,2.8
3513,64.0,36.61666666666667,10.1403,11007.0,4.0
3514,64.0,36.61666666666667,10.1403,14870.000000000002,2.8
3515,64.0,36.61666666666667,10.1403,14012.0,3.0
3516,64.0,36.61666666666667,10.1403,10250.999999999998,4.0
3517,64.0,36.61666666666667,10.1403,12546.0,2.8
3518,64.0,36.61666666666667,10.1403,14870.000000000002,3.1
3519,64.0,36.61666666666667,10.1403,11500.0,4.0
3520,64.0,36.61666666666667,10.1403,13622.0,2.8
3521,64.0,36.61666666666667,10.1403,11007.0,3.5
3522,64.0,36.61666666666667,10.1403,14870.000000000002,2.8
3523,64.0,36.61666666666667,10.1403,14012.0,3.0
3524,64.0,36.61666666666667,10.1403,10250.999999999998,4.0
3525,64.0,36.61666666666667,10.1403,13622.0,2.8
3526,64.0,36.61666666666667,10.1403,14870.000000000002,2.8
3527,64.0,36.61666666666667,10.1403,14012.0,3.0
3528,64.0,36.61666666666667,10.1403,10250.999999999998,4.0
3529,64.0,36.61666666666667,10.1403,12546.0,2.8
3530,64.0,36.61666666666667,10.1403,14870.000000000002,3.1
3531,64.0,36.61666666666667,10.1403,11500.0,4.0
3532,64.0,36.61666666666667,10.1403,13622.0,2.8
3533,64.0,36.61666666666667,10.1403,11007.0,3.5
3534,64.0,36.61666666666667,10.1403,14870.000000000002,2.8
3535,64.0,36.61666666666667,10.1403,14012.0,3.0
3536,64.0,36.61666666666667,10.1403,10250.999999999998,4.0
3537,64.0,36.61666666666667,10.1403,12546.0,2.8
3538,64.0,36.61666666666667,10.1403,11500.0,3.1
3539,64.0,36.61666666666667,10.1403,11007.0,4.0
3540,64.0,36.61666666666667,10.1403,13622.0,2.8
3541,64.0,36.61666666666667,10.1403,14870.000000000002,2.8
3542,64.0,36.61666666666667,10.1403,14012.0,3.0
3543,64.0,36.61666666666667,10.1403,10250.999999999998,4.0
3544,64.0,36.61666666666667,10.1403,12546.0,2.8
3545,64.0,36.61666666666667,10.1403,14870.000000000002,3.1
3546,64.0,36.61666666666667,10.1403,11500.0,4.0
3547,64.0,36.61666666666667,10.1403,13622.0,2.8
3548,64.0,36.61666666666667,10.1403,11007.0,4.0
3549,64.0,36.61666666666667,10.1403,14870.000000000002,2.8
3550,64.0,36.61666666666667,10.1403,14012.0,3.0
3551,64.0,36.61666666666667,10.1403,10250.999999999998,4.0
3552,64.0,36.61666666666667,10.1403,12546.0,2.8
3553,64.0,36.61666666666667,10.1403,14870.000000000002,3.1
3554,64.0,36.61666666666667,10.1403,13622.0,3.5
3555,64.0,36.61666666666667,10.1403,11500.0,4.0
3556,64.0,36.61666666666667,10.1403,13622.0,2.8
3557,64.0,36.61666666666667,10.1403,11007.0,4.0
3558,64.0,36.61666666666667,10.1403,14870.000000000002,2.8
3559,64.0,36.61666666666667,10.1403,14012.0,3.0
3560,64.0,36.61666666666667,10.1403,10250.999999999998,4.0
3561,64.0,36.61666666666667,10.1403,14870.000000000002,2.8
3562,64.0,36.61666666666667,10.1403,14012.0,3.0
3563,64.0,36.61666666666667,10.1403,10250.999999999998,4.0
3564,64.0,36.61666666666667,10.1403,12546.0,2.8
3565,64.0,36.61666666666667,10.1403,11500.0,3.1
3566,64.0,36.61666666666667,10.1403,11007.0,4.0
3567,64.0,36.61666666666667,10.1403,13622.0,2.8
3568,1602.0,8.433333,39.03333333333333,5706.193649999999,1.15
3569,1602.0,8.433333333333334,39.03333333333333,4209.3384,1.69
3570,1602.0,8.433333333333334,39.03333333333333,3810.177,1.53
3571,1602.0,8.433333333333334,39.03333333333333,5706.193649999999,1.15
3572,1602.0,8.433333333333334,39.03333333333333,4209.3384,1.69
3573,1602.0,8.433333333333334,39.03333333333333,3810.177,1.53
3574,1602.0,8.433333333333334,39.03333333333333,25655.1918,9.966034889221191
3575,1602.0,8.433333333333334,39.03333333333333,18533.78955,9.815242767333984
3576,1602.0,8.433333333333334,39.03333333333333,17499.59865,9.815242767333984
3577,370.0,-9.133333333333333,-40.3,28140.8787,4.62
3578,370.0,-9.133333333333333,-40.3,33012.46215,5.57
3579,992.0,33.605,-101.877,12648.0,8.848677635192871
3580,992.0,33.605,-101.877,13726.0,8.848677635192871
3581,992.0,33.605,-101.877,10527.0,8.811223983764648
3582,992.0,33.605,-101.877,7707.0,8.635933876037598
3583,992.0,33.605,-101.877,7495.0,8.635933876037598
3584,992.0,33.605,-101.877,4320.0,8.594532012939453
3587,975.0,-2.1166666666666667,37.7285,9888.3165,1.97
3588,975.0,-2.1166666666666667,37.7285,9434.724,1.96
3589,975.0,-2.1166666666666667,37.7285,8890.413,1.98
3590,975.0,-2.1166666666666667,37.7285,8164.664999999999,2.06
3591,975.0,-2.1166666666666667,37.72833333333333,7620.354,2.2
3592,975.0,-2.1166666666666667,37.72833333333333,9253.286999999998,2.3
3593,975.0,-2.1166666666666667,37.72833333333333,8255.3835,2.37
3594,975.0,-2.1166666666666667,37.7285,7711.072499999999,2.48
3595,975.0,-2.1166666666666667,37.7285,5443.11,1.98
3596,975.0,-2.1166666666666667,37.7285,2721.555,1.66
3597,975.0,-2.1166666666666667,37.7285,9888.3165,1.97
3598,975.0,-2.1166666666666667,37.7285,9434.724,1.96
3599,975.0,-2.1166666666666667,37.7285,8890.413,1.98
3600,975.0,-2.1166666666666667,37.7285,8164.664999999999,2.06
3601,975.0,-2.1166666666666667,37.72833333333333,7620.354,2.2
3602,975.0,-2.1166666666666667,37.7285,9253.286999999998,2.3
3603,975.0,-2.1166666666666667,37.7285,8255.3835,2.37
3604,975.0,-2.1166666666666667,37.7285,7711.072499999999,2.48
3605,975.0,-2.1166666666666667,37.7285,5443.11,1.98
3606,975.0,-2.1166666666666667,37.72833333333333,2721.555,1.66
3607,1800.0,35.79,106.75,11784.33315,2.762
3608,1800.0,35.79,106.75,11684.5428,3.439
3609,1800.0,35.79,106.75,11893.195349999998,2.6100000000000003
3610,1800.0,35.79,106.75,11711.75835,3.108
3611,1800.0,35.79,106.75,11076.72885,2.507
3612,1800.0,35.79,106.75,10369.12455,2.991
3613,1800.0,35.79,106.75,10096.96905,2.377
3614,1800.0,35.79,106.75,8391.46125,2.665
3615,975.0,-2.1166666666666667,37.7285,9888.3165,1.97
3616,975.0,-2.1166666666666667,37.7285,9434.724,1.96
3617,975.0,-2.1166666666666667,37.72833333333333,8890.413,1.98
3618,975.0,-2.1166666666666667,37.7285,8164.664999999999,2.06
3619,975.0,-2.1166666666666667,37.7285,7620.354,2.2
3620,975.0,-2.1166666666666667,37.7285,9253.286999999998,2.3
3621,975.0,-2.1166666666666667,37.7285,8255.3835,2.37
3622,975.0,-2.1166666666666667,37.7285,7711.072499999999,2.48
3623,975.0,-2.1166666666666667,37.7285,5443.11,1.98
3624,975.0,-2.1166666666666667,37.7285,2721.555,1.66
3625,975.0,-2.1166666666666667,37.7285,9888.3165,1.97
3626,975.0,-2.1166666666666667,37.7285,9434.724,1.96
3627,975.0,-2.1166666666666667,37.72833333333333,8890.413,1.98
3628,975.0,-2.1166666666666667,37.7285,8164.664999999999,2.06
3629,975.0,-2.1166666666666667,37.7285,7620.354,2.2
3630,975.0,-2.1166666666666667,37.7285,9253.286999999998,2.3
3631,975.0,-2.1166666666666667,37.7285,8255.3835,2.37
3632,975.0,-2.1166666666666667,37.72833333333333,7711.072499999999,2.48
3633,975.0,-2.1166666666666667,37.7285,5443.11,1.98
3634,975.0,-2.1166666666666667,37.72833333333333,2721.555,1.66
3635,1945.0,14.149166666666666,38.28388888888889,29900.0,4.702
3636,1945.0,14.149166666666666,38.28388888888889,13700.0,8.848677635192871
3637,1945.0,14.149166666666666,38.28388888888889,18700.0,9.815242767333984
3638,1945.0,14.149166666666666,38.28388888888889,19270.0,9.815242767333984
3639,570.0,-21.247222,-48.28472,132902.60249999998,14.669999999999998
3640,570.0,-21.247222,-48.28472,132902.60249999998,14.669999999999998
3641,570.0,-21.247222,-48.28472,99427.476,10.740839958190918
3642,570.0,-21.247222,-48.28472,132902.60249999998,14.669999999999998
3643,570.0,-21.247222,-48.28472,99427.476,10.740839958190918
3644,570.0,-21.247222,-48.28472,132902.60249999998,14.669999999999998
3645,570.0,-21.247222,-48.28472,99427.476,10.740839958190918
3646,570.0,-21.247222,-48.28472,132902.60249999998,14.669999999999998
3647,570.0,-21.247222,-48.28472,132902.60249999998,14.669999999999998
3648,570.0,-21.247222,-48.28472,99427.476,10.740839958190918
3649,570.0,-21.247222,-48.28472,132902.60249999998,14.669999999999998
3650,570.0,-21.247222,-48.28472,132902.60249999998,14.669999999999998
3651,570.0,-21.247222,-48.28472,132902.60249999998,14.669999999999998
3652,570.0,-21.247222,-48.28472,99427.476,10.740839958190918
3653,570.0,-21.247222,-48.28472,132902.60249999998,14.669999999999998
3654,570.0,-21.247222,-48.28472,99427.476,10.740839958190918
3655,570.0,-21.247222,-48.28472,132902.60249999998,14.669999999999998
3656,570.0,-21.247222,-48.28472,99427.476,10.740839958190918
3657,570.0,-21.247222,-48.28472,132902.60249999998,14.669999999999998
3658,570.0,-21.247222,-48.28472,99427.476,10.740839958190918
3659,570.0,-21.247222,-48.28472,132902.60249999998,14.669999999999998
3660,570.0,-21.247222,-48.28472,111402.31799999998,14.22
3661,570.0,-21.247222,-48.28472,132902.60249999998,14.669999999999998
3662,570.0,-21.247222,-48.28472,132902.60249999998,14.669999999999998
3663,570.0,-21.247222,-48.28472,99427.476,10.740839958190918
3664,570.0,-21.247222,-48.30472,132902.60249999998,14.669999999999998
3665,570.0,-21.247222,-48.30472,111402.31799999998,10.740839958190918
3666,570.0,-21.247222,-48.28472,132902.60249999998,14.669999999999998
3667,570.0,-21.247222,-48.28472,132902.60249999998,14.669999999999998
3668,570.0,-21.247222,-48.28472,99427.476,10.740839958190918
3669,2.0,33.47055555555556,119.986111,58331.9955,12.268712997436523
3670,2.0,33.47055555555556,119.986111,74117.0145,12.268712997436523
3671,2.0,33.47055555555556,119.986111,85819.70099999999,12.268712997436523
3672,2.0,33.47055555555556,119.986111,71395.4595,12.268712997436523
3673,2.0,33.47055555555556,119.986111,81011.62049999999,12.268712997436523
3674,2.0,33.47055555555556,119.986111,83461.01999999999,12.268712997436523
3675,2.0,33.47055555555556,119.986111,114758.9025,12.268712997436523
3676,2.0,33.47055555555556,119.986111,87361.91549999999,12.268712997436523
3695,1970.0,38.65,100.71666666666668,43961.91,8.67
3696,1970.0,38.65,100.71666666666668,41016.67,8.18
3697,1970.0,38.65,100.71666666666668,36430.71,7.32
3698,1970.0,38.65,100.71666666666668,42262.25,8.18
3699,1970.0,38.65,100.71666666666668,40473.53,8.28
3700,1970.0,38.65,100.71666666666668,37461.29,7.88
3701,1970.0,38.65,100.71666666666668,33834.86,6.81
3702,1970.0,38.65,100.71666666666668,37599.61,8.21
3703,1970.0,38.65,100.71666666666668,46033.23,7.82
3712,690.0,-20.75,-42.86666666666667,121662.58035,10.740839958190918
3713,690.0,-20.75,-42.86667,103664.02995,10.740839958190918
3714,690.0,-20.75,-42.86667,96052.7478,10.740839958190918
3715,690.0,-20.75,-42.86666666666667,86391.22755,10.740839958190918
3716,66.0,21.4977975,70.4418231,4825.0,8.594532012939453
3717,66.0,21.4977975,70.4418231,4015.0,8.594532012939453
3718,66.0,21.4977975,70.4418231,2960.0,8.594532012939453
3719,66.0,21.4977975,70.4418231,4195.0,8.594532012939453
3720,66.0,21.4977975,70.4418231,4180.0,8.594532012939453
3721,66.0,21.4977975,70.4418231,3750.0,8.594532012939453
3722,108.0,2.933333333333333,101.9,61688.58,10.740839958190918
3723,108.0,2.933333333333333,101.9,390225.6277499999,10.740839958190918
3724,108.0,2.933333333333333,101.9,16329.329999999998,9.742215156555176
3725,108.0,2.933333333333333,101.9,61688.58,10.740839958190918
3726,108.0,2.933333333333333,101.9,390225.6277499999,10.740839958190918
3727,108.0,2.933333333333333,101.9,16329.329999999998,9.742215156555176
3728,108.0,2.933333333333333,101.9,61688.58,10.740839958190918
3729,108.0,2.933333333333333,101.9,61688.58,10.740839958190918
3730,108.0,2.933333333333333,101.9,390225.6277499999,10.740839958190918
3731,108.0,2.933333333333333,101.9,16329.329999999998,9.742215156555176
3732,108.0,2.933333333333333,101.9,61688.58,10.740839958190918
3733,108.0,2.933333333333333,101.9,390225.6277499999,10.740839958190918
3734,108.0,2.933333333333333,101.9,16329.329999999998,9.742215156555176
3735,108.0,2.933333333333333,101.9,61688.58,10.740839958190918
3736,108.0,2.933333333333333,101.9,390225.6277499999,10.740839958190918
3737,108.0,2.933333333333333,101.9,16329.329999999998,9.742215156555176
3738,108.0,2.933333333333333,101.9,61688.58,10.740839958190918
3739,108.0,2.933333333333333,101.9,390225.6277499999,10.740839958190918
3740,108.0,2.933333333333333,101.9,16329.329999999998,9.742215156555176
3741,108.0,2.933333333333333,101.9,61688.58,10.740839958190918
3742,108.0,2.933333333333333,101.9,390225.6277499999,10.740839958190918
3743,108.0,2.933333333333333,101.9,16329.329999999998,9.742215156555176
3744,28.0,36.833333333333336,116.56666666666666,1848.0,0.4599999999999999
3745,28.0,36.833333333333336,116.56666666666666,4500.0,0.91
3746,28.0,36.833333333333336,116.56666666666666,4829.0,0.77
3747,28.0,36.833333333333336,116.56666666666666,4751.0,0.85
3748,28.0,36.833333333333336,116.56666666666666,4905.0,1.39
3749,28.0,36.833333333333336,116.56666666666666,5229.0,1.41
3750,28.0,36.833333333333336,116.56666666666666,5629.0,1.44
3751,28.0,36.833333333333336,116.56666666666666,5716.0,1.42
3752,412.0,31.632222,8.15667,5000.0,1.17
3753,412.0,31.632222,8.15667,3900.0,0.99
3754,412.0,31.632222,8.15667,6200.0,1.5
3755,170.0,-6.8,-43.6,36287.4,10.184436798095703
3789,820.0,38.7053213,-1.4492231,12791.3085,6.81
3790,820.0,38.7053213,-1.4492231,19323.0405,5.12
3791,820.0,38.7053213,-1.4492231,17145.796499999997,3.53
3792,820.0,38.7053213,-1.4492231,17508.6705,4.04
3793,820.0,38.7053213,-1.4492231,15966.456,3.98
3794,820.0,38.7053213,-1.4492231,16510.767,4.03
3795,1300.0,39.6086,109.78157,12000.0,2.5
3799,242.0,30.9040094,75.8004222,104500.0,10.740839958190918
3800,242.0,30.9040094,75.8004222,101300.0,10.740839958190918
3801,242.0,30.9040094,75.8004222,98000.0,10.740839958190918
3802,242.0,30.9040094,75.8004222,95600.0,10.740839958190918
3803,242.0,30.9040094,75.8004222,84400.0,10.740839958190918
3804,242.0,30.9040094,75.8004222,93100.0,10.740839958190918
3805,242.0,30.9040094,75.8004222,90300.0,10.740839958190918
3806,242.0,30.9040094,75.8004222,89000.0,10.740839958190918
3807,242.0,30.9040094,75.8004222,83600.0,10.740839958190918
3808,242.0,30.9040094,75.8004222,92800.0,10.740839958190918
3809,1100.0,38.4871699,106.2266569,2231.6751,21.35
3810,1100.0,38.4871699,106.2266569,2440.32765,21.35
3811,1100.0,38.4871699,106.2266569,2549.18985,21.35
3812,1100.0,38.4871699,106.2266569,3265.866,21.35
3813,1100.0,38.4871699,106.2266569,3891.82365,21.35
3814,1100.0,38.4871699,106.2266569,3093.50085,21.35
3815,1100.0,38.4871699,106.2266569,2558.2617,21.35
3816,1100.0,38.4871699,106.2266569,3401.94375,21.35
3817,1100.0,38.4871699,106.2266569,3556.1652,21.35
3818,1100.0,38.4871699,106.2266569,3175.1475,21.35
3819,1100.0,38.4871699,106.2266569,1787.1544499999998,21.35
3820,1100.0,38.4871699,106.2266569,2231.6751,26.69
3821,1100.0,38.4871699,106.2266569,2440.32765,26.69
3822,1100.0,38.4871699,106.2266569,2549.18985,26.69
3823,1100.0,38.4871699,106.2266569,1995.807,26.69
3824,1100.0,38.4871699,106.2266569,3265.866,26.04
3825,1100.0,38.4871699,106.2266569,3891.82365,26.04
3826,1100.0,38.4871699,106.2266569,3093.50085,26.04
3827,1100.0,38.4871699,106.2266569,2558.2617,26.04
3828,1100.0,38.4871699,106.2266569,3401.94375,13.25
3829,1100.0,38.4871699,106.2266569,3556.1652,13.25
3830,1100.0,38.4871699,106.2266569,3175.1475,13.25
3831,1100.0,38.4871699,106.2266569,1787.1544499999998,13.25
3838,159.0,46.24969,-119.477799,9145.9488708,2987434.18593675
3839,159.0,46.24969,-119.477799,7621.624059,2987434.18593675
3840,159.0,46.24969,-119.477799,7128.460149300001,2987434.18593675
3841,159.0,46.24969,-119.477799,11253.103757699995,5291791.133766749
3842,159.0,46.24969,-119.477799,9392.53082565,5291791.133766749
3843,159.0,46.24969,-119.477799,7890.6225552,5291791.133766749
3844,159.0,46.24969,-119.477799,9930.52781805,3077962.4946015
3845,159.0,46.24969,-119.477799,9101.1157881,3077962.4946015
3846,159.0,46.24969,-119.477799,7890.6225552,3077962.4946015
3847,170.0,-6.78694,-43.56917,46266.435,10.184436798095703
3848,170.0,-6.78694,-43.56917,63502.95,10.740839958190918
3849,150.0,49.0,32.0,6441.013499999999,8.823047637939453
3850,150.0,49.0,32.0,4717.362,8.823047637939453
3851,2197.0,22.94889,-102.70222,2358.681,0.8
3852,259.0,46.2067583,-119.76916,20230.2255,20.1
3861,69.0,2.9365953,101.9111952,390225.6277499999,10.760971069335938
3862,69.0,2.9365953,101.9111952,16329.329999999998,9.742215156555176
3863,170.0,-6.78694,-43.56917,46266.435,10.184436798095703
3864,170.0,-6.78694,-43.56917,63502.95,10.740839958190918
3865,820.0,38.71666666666667,-1.4666666666666666,4808.080499999999,7.13
3866,820.0,38.71666666666667,-1.4666666666666666,7983.228,6.77
3867,820.0,38.71666666666667,-1.4666666666666666,7620.354,6.05
3868,820.0,38.71666666666667,-1.4666666666666666,7620.354,6.17
3869,820.0,38.71666666666667,-1.4666666666666666,7166.7615,5.61
3870,820.0,38.71666666666667,-1.4666666666666666,6441.013499999999,5.98
3871,470.0,44.3079869,86.0549057,8015.0,1.39
3872,1100.0,38.66666666666666,106.3,1678.29225,26.69
3873,1100.0,38.66666666666666,106.3,1678.29225,11.02
3874,1100.0,38.66666666666666,106.3,1941.3759,26.04
3875,1100.0,38.66666666666666,106.3,1941.3759,11.02
3876,1100.0,38.66666666666666,106.3,2884.8483,26.69
3877,1100.0,38.66666666666666,106.3,2884.8483,11.02
3878,1945.0,14.149166666666666,38.28388888888889,29900.0,0.16
3879,470.0,44.3079869,86.0549057,8015.0,1.39
3880,470.0,44.3079869,86.0549057,8015.0,1.39
3881,470.0,44.3079869,86.0549057,8015.0,1.39
3882,470.0,44.3079869,86.0549057,8015.0,1.39
3883,470.0,44.3079869,86.0549057,8015.0,1.39
3884,470.0,44.3079869,86.0549057,8015.0,1.39
3885,1100.0,38.66666666666666,106.3,1678.29225,21.35
3890,1945.0,14.149166666666666,38.28388888888889,29900.0,0.16
3891,1945.0,14.149166666666666,38.28388888888889,22930.0,0.351
3892,238.3,28.066666666666663,74.05,2172.0,0.661
3893,238.3,28.06667,74.05,2817.0,0.67
3894,238.3,28.06667,74.05,3810.0,0.633
3895,238.3,28.06667,74.05,2870.0,0.636
3896,238.3,28.06667,74.05,2122.0,0.607
3897,238.3,28.06667,74.05,1316.0,0.552
3898,226.0,46.2831,-119.4425,10177.1097729,4147842.506094
3899,226.0,46.2831,-119.4425,10177.1097729,6995369.305912499
3900,226.0,46.2831,-119.4425,10177.1097729,13085455.5251775
3901,226.0,46.2831,-119.4425,18291.8977416,4921448.0528655
3902,226.0,46.2831,-119.4425,18291.8977416,8015870.239951499
3903,226.0,46.2831,-119.4425,18291.8977416,12591664.7506425
3904,226.0,46.2831,-119.4425,10401.2751864,4929677.89910775
3905,226.0,46.2831,-119.4425,10401.2751864,9028141.32774825
3906,226.0,46.2831,-119.4425,10401.2751864,15249905.08688925
3907,470.0,44.3079869,86.0549057,8015.0,1.39
3908,259.0,46.25,-119.61666666666667,21046.692,22.7
3915,820.0,38.7053213,-1.4492231,12791.3085,7.13
3916,820.0,38.7053213,-1.4492231,19323.0405,6.77
3917,820.0,38.7053213,-1.4492231,17145.796499999997,6.05
3918,820.0,38.7053213,-1.4492231,17508.6705,6.17
3919,820.0,38.7053213,-1.4492231,15966.456,5.61
3920,820.0,38.7053213,-1.4492231,16510.767,5.98
3921,1100.0,38.4871699,106.2266569,2231.6751,26.69
3922,1100.0,38.4871699,106.2266569,2231.6751,11.02
3923,1100.0,38.4871699,106.2266569,2440.32765,26.69
3924,1100.0,38.4871699,106.2266569,2440.32765,11.02
3925,1100.0,38.4871699,106.2266569,2549.18985,26.69
3926,1100.0,38.4871699,106.2266569,2549.18985,11.02
3927,1100.0,38.4871699,106.2266569,1995.807,26.69
3928,1100.0,38.4871699,106.2266569,1995.807,11.02
3929,1100.0,38.4871699,106.2266569,3265.866,26.04
3930,1100.0,38.4871699,106.2266569,3265.866,11.02
3931,1100.0,38.4871699,106.2266569,3891.82365,26.04
3932,1100.0,38.4871699,106.2266569,3891.82365,11.02
3933,1100.0,38.4871699,106.2266569,3093.50085,26.04
3934,1100.0,38.4871699,106.2266569,3093.50085,11.02
3935,1100.0,38.4871699,106.2266569,2558.2617,26.04
3936,1100.0,38.4871699,106.2266569,2558.2617,11.02
3937,1100.0,38.4871699,106.2266569,3401.94375,26.69
3938,1100.0,38.4871699,106.2266569,3401.94375,11.02
3939,1100.0,38.4871699,106.2266569,3556.1652,26.69
3940,1100.0,38.4871699,106.2266569,3556.1652,11.02
3941,1100.0,38.4871699,106.2266569,3175.1475,26.69
3942,1100.0,38.4871699,106.2266569,3175.1475,11.02
3943,1100.0,38.4871699,106.2266569,1787.1544499999998,26.69
3944,1100.0,38.4871699,106.2266569,1787.1544499999998,11.02
3945,470.0,44.3079869,86.0549057,8190.0,1.39
3946,1100.0,38.4871699,106.2266569,2231.6751,21.35
3947,1100.0,38.4871699,106.2266569,2231.6751,11.02
3948,1100.0,38.4871699,106.2266569,2440.32765,21.35
3949,1100.0,38.4871699,106.2266569,2440.32765,11.02
3950,1100.0,38.4871699,106.2266569,2549.18985,11.02
3951,1100.0,38.4871699,106.2266569,1995.807,11.02
3956,159.0,46.24969,-119.477799,9145.9488708,4147842.506094
3957,159.0,46.24969,-119.477799,9145.9488708,6995369.305912499
3958,159.0,46.24969,-119.477799,9145.9488708,13085455.5251775
3959,159.0,46.24969,-119.477799,7621.624059,4147842.506094
3960,159.0,46.24969,-119.477799,7621.624059,6995369.305912499
3961,159.0,46.24969,-119.477799,7128.460149300001,4147842.506094
3962,159.0,46.24969,-119.477799,7128.460149300001,6995369.305912499
3963,159.0,46.24969,-119.477799,7128.460149300001,13085455.5251775
3964,159.0,46.24969,-119.477799,11253.103757699995,4921448.0528655
3965,159.0,46.24969,-119.477799,11253.103757699995,8015870.239951499
3966,159.0,46.24969,-119.477799,11253.103757699995,12591664.7506425
3967,159.0,46.24969,-119.477799,9392.53082565,4921448.0528655
3968,159.0,46.24969,-119.477799,9392.53082565,8015870.239951499
3969,159.0,46.24969,-119.477799,9392.53082565,12591664.7506425
3970,159.0,46.24969,-119.477799,7890.6225552,4921448.0528655
3971,159.0,46.24969,-119.477799,7890.6225552,8015870.239951499
3972,159.0,46.24969,-119.477799,7890.6225552,12591664.7506425
3973,159.0,46.24969,-119.477799,9930.52781805,4929677.89910775
3974,159.0,46.24969,-119.477799,9930.52781805,9028141.32774825
3975,159.0,46.24969,-119.477799,9930.52781805,15249905.08688925
3976,159.0,46.24969,-119.477799,9101.1157881,4929677.89910775
3977,159.0,46.24969,-119.477799,9101.1157881,9028141.32774825
3978,159.0,46.24969,-119.477799,9101.1157881,15249905.08688925
3979,159.0,46.24969,-119.477799,7890.6225552,4929677.89910775
3980,159.0,46.24969,-119.477799,7890.6225552,9028141.32774825
3981,159.0,46.24969,-119.477799,7890.6225552,15249905.08688925
3982,2197.0,22.94889,-102.70222,1905.0885,0.41
3983,2197.0,22.94889,-102.70222,1632.933,0.4
3984,2197.0,22.94889,-102.70222,2449.3995,0.63
3985,2197.0,22.94889,-102.70222,1360.7775,0.37
3986,2197.0,22.94889,-102.70222,1814.37,0.54
3987,2197.0,22.94889,-102.70222,1632.933,0.48
3988,2197.0,22.94889,-102.70222,2267.9625,0.76
3989,2197.0,22.94889,-102.70222,2267.9625,0.44
3990,2197.0,22.94889,-102.70222,2358.681,0.49
3991,259.0,46.2067583,-119.76916,18415.8555,27.5
3992,259.0,46.2067583,-119.76916,20230.2255,22.7
