,altitude_numeric,latitude_decimal_degrees,longitude_decimal_degrees,plant_yield_kg_per_hectare
0,37.0,40.178611,116.44425,60572.74244999999
1,36.0,40.178611,116.44416666666667,53505.77129999999
2,37.0,40.178611,116.44425,58549.7199
5,1550.0,8.4,39.35,4555.0
8,1550.0,8.4,39.35,5160.0
9,1550.0,8.4,39.35,4940.0
10,1550.0,8.4,39.35,4710.0
11,1550.0,8.4,39.35,3590.0
12,1550.0,8.4,39.35,2670.0
13,600.0,33.333333333333336,36.43333333333333,12981.81735
14,600.0,33.333333333333336,36.43333333333333,10840.860749999998
15,600.0,33.333333333333336,36.43333333333333,12782.23665
16,600.0,33.333333333333336,36.43333333333333,12981.81735
17,600.0,33.333333333333336,36.43333333333333,10840.860749999998
18,600.0,33.333333333333336,36.43333333333333,12782.23665
19,600.0,33.333333333333336,36.43333333333333,12637.087049999998
20,600.0,33.333333333333336,36.43333333333333,12637.087049999998
27,1550.0,8.4,39.35,4555.0
28,1550.0,8.4,39.35,3475.0
29,1550.0,8.4,39.35,2510.0
30,1550.0,8.4,39.35,5160.0
31,1550.0,8.4,39.35,4940.0
32,1550.0,8.4,39.35,4710.0
33,1550.0,8.4,39.35,3590.0
34,1550.0,8.4,39.35,2670.0
113,1550.0,8.4,39.35,5085.0
114,1550.0,8.4,39.35,4830.0
115,1550.0,8.4,39.35,4555.0
116,1550.0,8.4,39.35,3475.0
117,1550.0,8.4,39.35,2510.0
118,1550.0,8.4,39.35,5160.0
119,1550.0,8.4,39.35,4940.0
120,1550.0,8.4,39.35,4710.0
121,1550.0,8.4,39.35,3590.0
122,1550.0,8.4,39.35,2670.0
125,1550.0,8.4,39.35,4555.0
126,1550.0,8.4,39.35,3475.0
127,1550.0,8.4,39.35,2510.0
128,1550.0,8.4,39.35,5160.0
129,1550.0,8.4,39.35,4940.0
130,1550.0,8.4,39.35,4710.0
131,1550.0,8.4,39.35,3590.0
132,1550.0,8.4,39.35,2670.0
133,1563.0,8.4,39.35,17.423224
134,1563.0,8.4,39.35,23.688392
135,1563.0,8.4,39.35,23.37608
136,1563.0,8.4,39.35,21.161504
137,1563.0,8.4,39.35,17.082520000000002
138,1563.0,8.4,39.35,18.577832
139,1563.0,8.4,39.35,24.672648
140,1563.0,8.4,39.35,24.32248
141,1563.0,8.4,39.35,21.076328
142,1563.0,8.4,39.35,17.60304
143,1563.0,8.4,39.35,15.52096
144,1563.0,8.4,39.35,22.202544
145,1563.0,8.4,39.35,21.899696
146,1563.0,8.4,39.35,20.20564
147,1563.0,8.4,39.35,14.62188
148,600.0,33.333333333333336,36.43333333333333,12981.81735
149,600.0,33.333333333333336,36.43333333333333,10840.860749999998
150,600.0,33.333333333333336,36.43333333333333,12782.23665
151,600.0,33.333333333333336,36.43333333333333,11766.18945
152,600.0,33.333333333333336,36.43333333333333,12637.087049999998
153,600.0,33.333333333333336,36.43333333333333,12981.81735
154,600.0,33.333333333333336,36.43333333333333,10840.860749999998
155,600.0,33.333333333333336,36.43333333333333,12782.23665
156,600.0,33.333333333333336,36.43333333333333,12981.81735
157,600.0,33.333333333333336,36.43333333333333,10840.860749999998
158,600.0,33.333333333333336,36.43333333333333,12782.23665
159,600.0,33.333333333333336,36.43333333333333,12637.087049999998
160,600.0,33.333333333333336,36.43333333333333,12637.087049999998
161,600.0,33.333333333333336,36.43333333333333,12981.81735
162,600.0,33.333333333333336,36.43333333333333,10840.860749999998
163,600.0,33.333333333333336,36.43333333333333,12782.23665
164,600.0,33.333333333333336,36.43333333333333,12981.81735
165,600.0,33.333333333333336,36.43333333333333,10840.860749999998
166,600.0,33.333333333333336,36.43333333333333,12782.23665
167,600.0,33.333333333333336,36.43333333333333,12637.087049999998
168,600.0,33.333333333333336,36.43333333333333,12637.087049999998
169,600.0,33.333333333333336,36.43333333333333,12981.81735
170,600.0,33.333333333333336,36.43333333333333,10840.860749999998
171,600.0,33.333333333333336,36.43333333333333,12782.23665
172,600.0,33.333333333333336,36.43333333333333,12981.81735
173,600.0,33.333333333333336,36.43333333333333,10840.860749999998
174,600.0,33.333333333333336,36.43333333333333,12782.23665
175,600.0,33.333333333333336,36.43333333333333,12637.087049999998
176,600.0,33.333333333333336,36.43333333333333,12637.087049999998
177,600.0,33.333333333333336,36.43333333333333,12981.81735
178,600.0,33.333333333333336,36.43333333333333,10840.860749999998
179,600.0,33.333333333333336,36.43333333333333,12782.23665
180,600.0,33.333333333333336,36.43333333333333,12981.81735
181,600.0,33.333333333333336,36.43333333333333,10840.860749999998
182,600.0,33.333333333333336,36.43333333333333,12782.23665
183,600.0,33.333333333333336,36.43333333333333,12637.087049999998
184,600.0,33.333333333333336,36.43333333333333,12637.087049999998
185,600.0,33.333333333333336,36.43333333333333,12981.81735
186,600.0,33.333333333333336,36.43333333333333,10840.860749999998
187,600.0,33.333333333333336,36.43333333333333,12782.23665
188,600.0,33.333333333333336,36.43333333333333,12981.81735
189,600.0,33.333333333333336,36.43333333333333,10840.860749999998
190,600.0,33.333333333333336,36.43333333333333,12782.23665
191,600.0,33.333333333333336,36.43333333333333,12637.087049999998
192,600.0,33.333333333333336,36.43333333333333,12637.087049999998
193,600.0,33.333333333333336,36.43333333333333,12981.81735
194,600.0,33.333333333333336,36.43333333333333,10840.860749999998
195,600.0,33.333333333333336,36.43333333333333,12782.23665
196,600.0,33.333333333333336,36.43333333333333,12981.81735
197,600.0,33.333333333333336,36.43333333333333,10840.860749999998
198,600.0,33.333333333333336,36.43333333333333,12782.23665
199,600.0,33.333333333333336,36.43333333333333,12637.087049999998
200,600.0,33.333333333333336,36.43333333333333,12637.087049999998
201,600.0,33.333333333333336,36.43333333333333,12981.81735
202,600.0,33.333333333333336,36.43333333333333,10840.860749999998
203,600.0,33.333333333333336,36.43333333333333,12782.23665
204,600.0,33.333333333333336,36.43333333333333,12981.81735
205,600.0,33.333333333333336,36.43333333333333,10840.860749999998
206,600.0,33.333333333333336,36.43333333333333,12782.23665
207,600.0,33.333333333333336,36.43333333333333,12637.087049999998
208,600.0,33.333333333333336,36.43333333333333,12637.087049999998
209,600.0,33.333333333333336,36.43333333333333,12981.81735
210,600.0,33.333333333333336,36.43333333333333,10840.860749999998
211,600.0,33.333333333333336,36.43333333333333,12782.23665
212,600.0,33.333333333333336,36.43333333333333,12981.81735
213,600.0,33.333333333333336,36.43333333333333,10840.860749999998
214,600.0,33.333333333333336,36.43333333333333,12782.23665
215,600.0,33.333333333333336,36.43333333333333,12637.087049999998
216,600.0,33.333333333333336,36.43333333333333,12637.087049999998
217,600.0,33.333333333333336,36.43333333333333,12981.81735
218,600.0,33.333333333333336,36.43333333333333,10840.860749999998
219,600.0,33.333333333333336,36.43333333333333,12782.23665
220,600.0,33.333333333333336,36.43333333333333,12637.087049999998
221,600.0,33.333333333333336,36.43333333333333,11766.18945
222,600.0,33.333333333333336,36.43333333333333,12981.81735
223,600.0,33.333333333333336,36.43333333333333,10840.860749999998
224,600.0,33.333333333333336,36.43333333333333,12782.23665
225,600.0,33.333333333333336,36.43333333333333,12981.81735
226,600.0,33.333333333333336,36.43333333333333,10840.860749999998
227,600.0,33.333333333333336,36.43333333333333,12782.23665
228,600.0,33.333333333333336,36.43333333333333,12637.087049999998
229,600.0,33.333333333333336,36.43333333333333,12637.087049999998
230,600.0,33.333333333333336,36.43333333333333,12981.81735
231,600.0,33.333333333333336,36.43333333333333,10840.860749999998
232,600.0,33.333333333333336,36.43333333333333,12782.23665
233,600.0,33.333333333333336,36.43333333333333,12981.81735
234,600.0,33.333333333333336,36.43333333333333,10840.860749999998
235,600.0,33.333333333333336,36.43333333333333,12782.23665
236,600.0,33.333333333333336,36.43333333333333,12637.087049999998
237,600.0,33.333333333333336,36.43333333333333,12637.087049999998
238,600.0,33.333333333333336,36.43333333333333,12981.81735
239,600.0,33.333333333333336,36.43333333333333,10840.860749999998
240,600.0,33.333333333333336,36.43333333333333,12782.23665
241,600.0,33.333333333333336,36.43333333333333,12981.81735
242,600.0,33.333333333333336,36.43333333333333,10840.860749999998
243,600.0,33.333333333333336,36.43333333333333,12782.23665
244,600.0,33.333333333333336,36.43333333333333,12637.087049999998
245,600.0,33.333333333333336,36.43333333333333,12637.087049999998
246,600.0,33.333333333333336,36.43333333333333,12981.81735
247,600.0,33.333333333333336,36.43333333333333,10840.860749999998
248,600.0,33.333333333333336,36.43333333333333,12782.23665
249,600.0,33.333333333333336,36.43333333333333,12981.81735
250,600.0,33.333333333333336,36.43333333333333,10840.860749999998
251,600.0,33.333333333333336,36.43333333333333,12782.23665
252,600.0,33.333333333333336,36.43333333333333,12637.087049999998
253,600.0,33.333333333333336,36.43333333333333,12981.81735
254,600.0,33.333333333333336,36.43333333333333,10840.860749999998
255,600.0,33.333333333333336,36.43333333333333,12782.23665
256,600.0,33.333333333333336,36.43333333333333,12981.81735
257,600.0,33.333333333333336,36.43333333333333,10840.860749999998
258,600.0,33.333333333333336,36.43333333333333,12782.23665
259,600.0,33.333333333333336,36.43333333333333,12637.087049999998
260,600.0,33.333333333333336,36.43333333333333,12637.087049999998
261,600.0,33.333333333333336,36.43333333333333,12981.81735
262,600.0,33.333333333333336,36.43333333333333,10840.860749999998
263,600.0,33.333333333333336,36.43333333333333,12782.23665
264,600.0,33.333333333333336,36.43333333333333,12981.81735
265,600.0,33.333333333333336,36.43333333333333,10840.860749999998
266,600.0,33.333333333333336,36.43333333333333,12782.23665
267,600.0,33.333333333333336,36.43333333333333,12637.087049999998
268,600.0,33.333333333333336,36.43333333333333,12637.087049999998
295,918.0,-21.23333333333333,-45.0,24040.4025
296,118.0,29.4,71.68333055555556,5455.0
297,118.0,29.4,71.68333055555556,5242.0
298,118.0,29.4,71.68333055555556,5228.0
299,118.0,29.4,71.68333055555556,5089.0
306,116.0,29.3982985,71.6910248,4456.7
307,116.0,29.3982985,71.6910248,2958.7
308,116.0,29.3982985,71.6910248,4248.3
309,116.0,29.3982985,71.6910248,2863.7
311,820.0,38.71666666666667,-1.4666666666666666,4808.080499999999
312,820.0,38.71666666666667,-1.4666666666666666,7983.228
313,820.0,38.71666666666667,-1.4666666666666666,7620.354
314,820.0,38.71666666666667,-1.4666666666666666,7620.354
315,820.0,38.71666666666667,-1.4666666666666666,7166.7615
316,820.0,38.71666666666667,-1.4666666666666666,6441.013499999999
317,441.0,-13.258055555555556,-43.55194444444444,70564.0
318,441.0,-13.258055555555556,-43.55194444444444,89933.0
319,441.0,-13.258055555555556,-43.55194444444444,70253.0
320,441.0,-13.258055555555556,-43.55194444444444,84453.0
321,441.0,-13.258055555555556,-43.55194444444444,67594.0
322,441.0,-13.258055555555556,-43.55194444444444,71837.0
323,441.0,-13.258055555555556,-43.55194444444444,70058.0
324,441.0,-13.258055555555556,-43.55194444444444,71467.0
325,441.0,-13.258055555555556,-43.55194444444444,96218.0
326,551.0,-15.129722,-43.95013888888889,60464.0
327,551.0,-15.129722,-43.95013888888889,60948.0
328,551.0,-15.129722,-43.95013888888889,54200.0
329,551.0,-15.129722,-43.95013888888889,59977.0
330,551.0,-15.129722,-43.95013888888889,78542.0
411,74.0,30.187,31.69388888888889,12030.0
412,74.0,30.187,31.69388888888889,10827.0
413,74.0,30.187,31.69388888888889,10693.0
414,74.0,30.187,31.69388888888889,10559.0
415,74.0,30.187,31.69388888888889,12364.0
416,74.0,30.187,31.69389,10893.0
417,74.0,30.187,31.69388888888889,10827.0
418,74.0,30.187,31.69388888888889,10893.0
419,74.0,30.186944444444443,31.69388888888889,10827.0
420,1112.0,80.748611,39.79694444444444,17281.87425
421,1112.0,80.748611,39.79694444444444,16701.275849999998
422,1112.0,80.748611,39.79694444444444,15186.276899999995
423,1112.0,80.748611,390.7969444444444,14351.6667
424,1112.0,80.748611,39.79694444444444,13979.72085
425,1479.0,-17.7,31.066666666666663,26308.365
426,1479.0,-17.7,31.066666666666663,25582.617
427,1479.0,-17.7,31.066666666666663,25582.617
428,1479.0,-17.7,31.066666666666663,23042.499
429,1479.0,-17.7,31.066666666666663,71214.02249999999
430,1479.0,-17.7,31.066666666666663,48352.9605
431,1479.0,-17.7,31.066666666666663,43000.569
432,1479.0,-17.7,31.066666666666663,35652.3705
433,1479.0,-17.7,31.066666666666663,61688.58
434,1479.0,-17.7,31.066666666666663,52616.73
435,1479.0,-17.7,31.066666666666663,45722.124
436,1479.0,-17.7,31.066666666666663,41367.636
437,1479.0,-17.7,31.066666666666663,35652.3705
438,1479.0,-17.7,31.066666666666663,20955.9735
439,1479.0,-17.7,31.066666666666663,15966.456
440,1479.0,-17.7,31.066666666666663,9434.724
441,466.7,34.333333333333336,108.4,6831.10305
442,466.7,34.333333333333336,108.4,6413.79795
443,466.7,34.333333333333336,108.4,4055.11695
444,466.7,34.333333333333336,108.4,6223.2891
445,466.7,34.333333333333336,108.4,5824.1277
446,466.7,34.333333333333336,108.4,3556.1652
447,466.7,34.333333333333336,108.4,7066.971149999999
448,466.7,34.333333333333336,108.4,6005.5647
449,466.7,34.333333333333336,108.4,4463.3502
450,466.7,34.333333333333336,108.4,6341.22315
451,466.7,34.333333333333336,108.4,5207.2419
452,466.7,34.333333333333336,108.4,3492.66225
453,1112.0,80.748611,390.7969444444444,17281.87425
454,1112.0,80.748611,39.79694444444444,16701.275849999998
455,1112.0,80.748611,39.79694444444444,15186.276899999995
456,1112.0,80.748611,39.79694444444444,14351.6667
457,1112.0,80.748611,39.79694444444444,13979.72085
458,211.0,30.09,74.55,2549.0
459,211.0,30.09,74.55,2183.0
460,211.0,30.09,74.55,2040.0
461,211.0,30.09,74.55,1719.0
462,211.0,30.09,74.55,2216.0
463,211.0,30.09,74.55,2530.0
464,211.0,30.09,74.55,2491.0
465,211.0,30.09,74.55,2227.0
466,211.0,30.09,74.55,1883.0
467,211.0,30.09,74.55,1996.0
468,211.0,30.09,74.55,1939.0
469,211.0,30.09,74.55,1699.0
470,560.0,22.7775,-47.2958,2500.0
471,560.0,22.7775,-47.2958,3500.0
472,560.0,22.7775,-47.2958,3000.0
473,560.0,22.7775,-47.2958,2400.0
474,560.0,22.7775,-47.2958,2000.0
475,560.0,22.7775,-47.2958,3400.0
476,560.0,22.7775,-47.2958,4200.0
477,560.0,22.7775,-47.2958,3400.0
478,560.0,22.7775,-47.2958,2900.0
479,560.0,22.7775,-47.2958,2200.0
480,560.0,22.7775,-47.2958,2600.0
481,560.0,22.7775,-47.2958,3300.0
482,560.0,22.7775,-47.2958,2600.0
483,1489.0,36.80055555555556,106.36472,42429.04245
484,1489.0,36.80055555555556,106.36472,45141.52559999999
485,1489.0,36.80055555555556,106.36472,42429.04245
486,1489.0,36.80055555555556,106.36472,39371.829
487,1489.0,36.80055555555556,106.36472,33556.77315
488,1489.0,36.80055555555556,106.36472,33819.8568
489,1489.0,36.80055555555556,106.36472,31270.66695
490,1489.0,36.80055555555556,106.36472,27442.34625
491,1489.0,36.80055555555556,106.36472,27623.78325
492,1489.0,36.80055555555556,106.36472,31143.661049999995
493,1489.0,36.80055555555556,106.36472,30390.6975
494,1489.0,36.80055555555556,106.36472,29964.32055
497,670.0,35.03333333333333,45.96666666666667,34835.903999999995
498,670.0,35.03333333333333,45.96666666666667,33710.9946
499,670.0,35.03333333333333,45.96666666666667,30553.9908
500,670.0,35.03333333333333,45.96666666666667,28757.7645
501,670.0,35.03333333333333,45.96666666666667,36949.64504999999
502,670.0,35.03333333333333,45.96666666666667,34926.6225
503,670.0,35.03333333333333,45.96666666666667,30935.0085
504,670.0,35.03333333333333,45.96666666666667,28304.172
505,1677.0,38.4583983,47.9313001,48500.0
506,1677.0,38.4583983,47.9313001,42900.0
507,1677.0,38.4583983,47.9313001,37600.0
508,1677.0,38.4583983,47.9313001,44500.0
509,1677.0,38.4583983,47.9313001,40800.0
510,1677.0,38.4583983,47.9313001,38600.0
529,1960.0,11.175,37.02,52707.4485
530,1960.0,11.175,37.02,38011.0515
531,1200.0,6.066666666666666,37.56666666666667,38736.7995
532,1200.0,6.066666666666666,37.56666666666667,37983.83594999999
533,1200.0,6.066666666666666,37.56666666666667,26671.239
534,1200.0,6.066666666666666,37.56666666666667,38555.3625
535,1200.0,6.066666666666666,37.56666666666667,37766.11155
536,1200.0,6.066666666666666,37.56666666666667,26217.6465
537,214.0,28.6139,77.209,16238.611499999995
540,1300.0,37.63333333333333,107.5,7500.0
541,1300.0,37.63333333333333,107.5,7759.0
542,1300.0,37.63333333333333,107.5,10585.5
543,1300.0,37.63333333333333,107.5,11226.5
550,84.0,45.3167,19.8333,9879.24465
551,84.0,45.3167,19.8333,7602.210300000001
552,84.0,45.3167,19.8333,7937.86875
553,84.0,45.3167,19.8333,11693.61465
554,84.0,45.3167,19.8333,10078.82535
555,84.0,45.3167,19.8333,11067.657
556,84.0,45.3167,19.8333,8527.539
557,84.0,45.3167,19.8333,8681.76045
558,84.0,45.3167,19.8333,8146.5213
562,188.0,31.4220558,73.0923253,3212.0
563,188.0,31.4220558,73.0923253,3707.0
576,280.0,31.25,75.7,40460.451
577,280.0,31.25,75.7,38237.84774999999
578,280.0,31.25,75.7,34019.4375
579,280.0,31.25,75.7,28032.0165
580,280.0,31.25,75.7,38736.7995
581,280.0,31.25,75.7,34926.6225
582,280.0,31.25,75.7,25401.18
583,1610.0,8.764167,39.00805555555556,6422.8698
584,1610.0,8.764167,39.00805555555556,6749.4564
585,1610.0,8.764167,39.00805555555556,6386.582399999999
586,1610.0,8.764167,39.00805555555556,5760.624749999999
587,1610.0,8.764167,39.00805555555556,4554.068699999999
588,1610.0,8.764167,39.00805555555556,5678.978099999999
589,1610.0,8.764167,39.00805555555556,5388.6789
590,1610.0,8.764167,39.00805555555556,5388.6789
591,1610.0,8.764167,39.00805555555556,3937.1829
592,1610.0,8.764167,39.00805555555556,6050.923949999999
593,1610.0,8.764167,39.00805555555556,6758.528249999999
594,1610.0,8.764167,39.00805555555556,5887.63065
595,1610.0,8.764167,39.00805555555556,4245.6258
596,1123.0,38.43333333333333,106.05,7751.64
597,1123.0,38.43333333333333,106.05,7245.41
598,1123.0,38.43333333333333,106.05,8758.25
611,1810.0,29.83333333333333,52.766666666666666,5503.0
612,1810.0,29.83333333333333,52.766666666666666,4272.0
613,1810.0,29.83333333333333,52.766666666666666,4802.0
614,1810.0,29.83333333333333,52.766666666666666,4485.0
615,900.0,40.88333333333333,86.93333333333334,6218.07
616,900.0,40.88333333333333,86.93333333333334,5660.59
617,731.0,29.9382,70.1155,6728.3
618,731.0,29.9382,70.1155,6296.6
619,731.0,29.9382,70.1155,5563.2
620,731.0,29.9382,70.1155,6135.2
621,0.0,22.7775,-47.2958,2500.0
622,0.0,22.7775,-47.2958,3500.0
623,0.0,22.7775,-47.2958,3000.0
624,0.0,22.7775,-47.2958,2400.0
625,0.0,22.7775,-47.2958,2000.0
626,0.0,22.7775,-47.2958,3400.0
627,0.0,22.7775,-47.2958,4200.0
628,0.0,22.7775,-47.2958,3400.0
629,0.0,22.7775,-47.2958,2900.0
630,0.0,22.7775,-47.2958,2200.0
631,0.0,22.7775,-47.2958,2600.0
632,0.0,22.7775,-47.2958,3300.0
633,0.0,22.7775,-47.2958,2600.0
634,0.0,22.7775,-47.2958,2200.0
635,0.0,22.7775,-47.2958,2500.0
636,0.0,22.7775,-47.2958,3500.0
637,0.0,22.7775,-47.2958,3000.0
638,0.0,22.7775,-47.2958,2400.0
639,0.0,22.7775,-47.2958,2000.0
640,0.0,22.7775,-47.2958,3400.0
641,0.0,22.7775,-47.2958,4200.0
642,0.0,22.7775,-47.2958,3400.0
643,0.0,22.7775,-47.2958,2900.0
644,0.0,22.7775,-47.2958,2200.0
645,0.0,22.7775,-47.2958,2600.0
646,0.0,22.7775,-47.2958,3400.0
647,0.0,22.7775,-47.2958,3300.0
648,0.0,22.7775,-47.2958,2600.0
649,0.0,22.7775,-47.2958,2200.0
650,122.0,-36.5,145.5,19000.0
651,122.0,-36.5,145.5,18000.0
652,122.0,-36.5,145.5,8000.0
653,122.0,-36.5,145.5,7000.0
654,122.0,-36.5,145.5,18900.0
659,470.0,44.3079869,86.0549057,8015.0
671,1100.0,38.66666666666666,106.3,1678.29225
672,1100.0,38.66666666666666,106.3,1941.3759
673,1100.0,38.66666666666666,106.3,2884.8483
674,149.0,30.299944,30.02775,34690.0
675,149.0,30.299944,30.02775,33560.0
681,28.0,37.0,10.0,18461.21475
682,28.0,37.0,10.0,18805.94505
683,28.0,37.0,10.0,11802.47685
684,28.0,37.0,10.0,18805.94505
685,28.0,37.0,10.0,15276.9954
686,28.0,37.0,10.0,13281.1884
687,28.0,37.0,10.0,19994.3574
688,28.0,37.0,10.0,16029.95895
689,28.0,37.0,10.0,12891.09885
690,30.0,33.8333,10.64,20611.2432
691,30.0,33.8333,10.64,14460.5289
692,30.0,33.8333,10.64,8382.3894
693,30.0,33.8333,10.64,22788.4872
694,30.0,33.8333,10.64,17871.5445
695,30.0,33.8333,10.64,10804.57335
702,7.0,45.35,11.95,45940.0
703,7.0,45.35,11.95,41940.0
718,1945.0,14.149166666666666,38.28388888888889,29900.0
732,1203.0,6.66667,37.55055555555556,39281.1105
733,1203.0,6.06667,37.55055555555556,39099.6735
734,1203.0,6.66667,37.55055555555556,38918.2365
735,1203.0,6.66667,37.55055555555556,13063.464
736,1203.0,6.066666666666666,37.55055555555556,39190.392
737,1203.0,6.066666666666666,37.55055555555556,39008.955
738,1203.0,6.066666666666666,37.55055555555556,38918.2365
739,1203.0,6.66667,37.55055555555556,13063.464
740,1203.0,6.66667,37.55055555555556,38373.9255
741,1203.0,6.066666666666666,37.55055555555556,38192.4885
742,1203.0,6.066666666666666,37.55055555555556,38011.0515
743,1203.0,6.66667,37.55055555555556,12156.279
744,1203.0,6.066666666666666,37.55055555555556,38283.207
745,1203.0,6.66667,37.55055555555556,38101.77
746,1203.0,6.66667,37.55055555555556,38011.0515
747,1203.0,6.66667,37.55055555555556,12156.279
761,28.0,36.833333333333336,116.56666666666666,4751.0
763,28.0,36.833333333333336,116.56666666666666,5716.0
764,28.0,36.833333333333336,116.56666666666666,5629.0
765,28.0,36.833333333333336,116.56666666666666,5715.0
788,470.0,44.3079869,86.0549057,8015.0
800,600.0,33.333333333333336,36.43333333333333,4500.0
801,600.0,33.333333333333336,36.43333333333333,4827.0
802,600.0,33.333333333333336,36.43333333333333,3091.1
803,600.0,33.333333333333336,36.43333333333333,3133.4
804,600.0,33.333333333333336,36.43333333333333,2740.2
805,600.0,33.333333333333336,36.43333333333333,2412.1
806,1097.0,38.93333333333333,106.81666666666666,13400.0
807,1097.0,38.93333333333333,106.81666666666666,13500.0
808,1097.0,38.93333333333333,106.81666666666666,12100.0
809,1097.0,38.93333333333333,106.81666666666666,13700.0
810,1097.0,38.93333333333333,106.81666666666666,13700.0
811,1097.0,38.93333333333333,106.81666666666666,12200.0
812,20.0,25.810999999999,-109.025,10015.3224
813,20.0,25.810999999999,-109.025,10024.39425
814,20.0,25.810999999999,-109.025,10378.1964
815,20.0,25.810999999999,-109.025,10768.28595
831,582.17,24.59125,73.738417,7257.48
832,582.17,24.59125,73.738417,5715.2655
833,582.17,24.59125,73.738417,8890.413
834,582.17,24.59125,73.738417,5805.984
835,582.17,24.59125,73.738417,4173.051
836,582.17,24.59125,73.738417,4173.051
837,101.0,-8.1625,113.71616666666668,2482.965345
838,101.0,-8.162528,113.71616666666668,2463.91446
839,101.0,-8.162528,113.71616666666668,2425.81269
840,101.0,-8.162528,113.71616666666668,2140.049415
855,143.0,-33.0,146.0,2113.74105
856,143.0,-33.0,146.0,2775.9861
857,143.0,-33.0,146.0,3120.7164
858,143.0,-33.0,146.0,4544.99685
859,143.0,-33.0,146.0,2576.4054
860,143.0,-33.0,146.0,2866.7046
861,143.0,-33.0,146.0,3193.2912
862,143.0,-33.0,146.0,4445.2065
863,143.0,-33.0,146.0,1623.86115
864,143.0,-33.0,146.0,1796.2262999999998
865,143.0,-33.0,146.0,2177.244
866,143.0,-33.0,146.0,2694.33945
867,179.0,-35.1,147.4,2113.74105
868,179.0,-35.1,147.4,2775.9861
869,179.0,-35.1,147.4,3120.7164
870,179.0,-35.1,147.4,4544.99685
871,179.0,-35.1,147.4,2576.4054
872,179.0,-35.1,147.4,2866.7046
873,179.0,-35.1,147.4,3193.2912
874,179.0,-35.1,147.4,4445.2065
876,28.0,36.833333333333336,116.56666666666666,4500.0
878,28.0,36.833333333333336,116.56666666666666,4751.0
879,28.0,36.833333333333336,116.56666666666666,4905.0
880,28.0,36.833333333333336,116.56666666666666,5229.0
881,28.0,36.833333333333336,116.56666666666666,5629.0
882,28.0,36.833333333333336,116.56666666666666,5716.0
883,1139.0,25.5325,-103.4325,8210.0
884,1139.0,25.5325,-103.4325,6190.0
885,1139.0,25.5325,-103.4325,8670.0
886,1139.0,25.5325,-103.4325,5300.0
887,1139.0,25.5325,-103.4325,7140.0
888,1139.0,25.5325,-103.4325,7370.0
889,1139.0,25.5325,-103.4325,5890.0
895,1945.0,14.149166666666666,38.28388888888889,29900.0
900,28.0,36.833333333333336,116.56666666666666,1848.0
901,28.0,36.833333333333336,116.56666666666666,4500.0
902,28.0,36.833333333333336,116.56666666666666,4829.0
903,28.0,36.833333333333336,116.56666666666666,4751.0
904,28.0,36.833333333333336,116.56666666666666,4905.0
905,28.0,36.833333333333336,116.56666666666666,5229.0
906,28.0,36.833333333333336,116.56666666666666,5629.0
907,28.0,36.833333333333336,116.56666666666666,5716.0
908,600.0,33.333333333333336,36.43333333333333,12981.81735
909,600.0,33.333333333333336,36.43333333333333,10840.860749999998
910,600.0,33.333333333333336,36.43333333333333,12782.23665
911,600.0,33.333333333333336,36.43333333333333,12981.81735
912,600.0,33.333333333333336,36.43333333333333,10840.860749999998
913,600.0,33.333333333333336,36.43333333333333,12782.23665
914,600.0,33.333333333333336,36.43333333333333,12637.087049999998
915,600.0,33.333333333333336,36.43333333333333,12637.087049999998
916,600.0,33.333333333333336,36.43333333333333,12981.81735
917,600.0,33.333333333333336,36.43333333333333,10840.860749999998
918,600.0,33.333333333333336,36.43333333333333,12782.23665
919,600.0,33.333333333333336,36.43333333333333,12981.81735
920,600.0,33.333333333333336,36.43333333333333,10840.860749999998
921,600.0,33.333333333333336,36.43333333333333,12782.23665
922,600.0,33.333333333333336,36.43333333333333,12637.087049999998
923,600.0,33.333333333333336,36.43333333333333,12637.087049999998
931,28.0,36.833333333333336,116.56666666666666,4751.0
932,28.0,36.833333333333336,116.56666666666666,4751.0
933,28.0,36.833333333333336,116.56666666666666,4500.0
934,28.0,36.833333333333336,116.56666666666666,4751.0
935,28.0,36.833333333333336,116.56666666666666,5716.0
936,28.0,36.833333333333336,116.56666666666666,5715.0
937,28.0,36.833333333333336,116.56666666666666,5629.0
938,28.0,36.833333333333336,116.56666666666666,5716.0
953,1189.0,41.893036,-103.684017,3000.0
954,1189.0,41.893036,-103.684017,2100.0
955,1189.0,41.893036,-103.684017,1800.0
956,1189.0,41.893036,-103.684017,3800.0
957,1189.0,41.893036,-103.684017,2800.0
958,1189.0,41.893036,-103.684017,3100.0
959,1189.0,41.893036,-103.684017,3900.0
960,1189.0,41.893036,-103.684017,3000.0
961,1189.0,41.893036,-103.684017,2600.0
962,1189.0,41.893036,-103.684017,4100.0
963,1189.0,41.893036,-103.684017,2800.0
964,1189.0,41.893036,-103.684017,3600.0
965,1459.0,7.217,37.595,91.488488
966,1459.0,7.217,37.595,83.28320000000001
967,1170.0,35.18333333333333,-102.1,11283.0
968,1170.0,35.18333333333333,-102.1,13195.0
969,1170.0,35.18333333333333,-102.1,813.0
970,1170.0,35.18333333333333,-102.1,4829.0
972,28.0,36.833333333333336,116.56666666666666,4500.0
974,28.0,36.833333333333336,116.56666666666666,4751.0
978,28.0,36.833333333333336,116.56666666666666,5716.0
979,41.0,34.2453,-79.807222,11300.0
980,41.0,34.2453,-79.807222,10200.0
981,41.0,34.2453,-79.807222,10400.0
982,41.0,34.2453,-79.807222,10100.0
983,41.0,34.2453,-79.807222,11700.0
984,41.0,34.2453,-79.807222,10800.0
985,41.0,34.2453,-79.807222,10100.0
986,41.0,34.2453,-79.807222,9800.0
987,41.0,34.2453,-79.807222,10700.0
988,41.0,34.2453,-79.807222,11300.0
989,600.0,33.333333333333336,36.43333333333333,12981.81735
990,600.0,33.333333333333336,36.43333333333333,10840.860749999998
991,600.0,33.333333333333336,36.43333333333333,12782.23665
992,600.0,33.333333333333336,36.43333333333333,12981.81735
993,600.0,33.333333333333336,36.43333333333333,10840.860749999998
994,600.0,33.333333333333336,36.43333333333333,12782.23665
995,600.0,33.333333333333336,36.43333333333333,12637.087049999998
996,600.0,33.333333333333336,36.43333333333333,12637.087049999998
997,600.0,33.333333333333336,36.43333333333333,12981.81735
998,600.0,33.333333333333336,36.43333333333333,10840.860749999998
999,600.0,33.333333333333336,36.43333333333333,12782.23665
1000,600.0,33.333333333333336,36.43333333333333,12637.087049999998
1013,14.0,30.616,31.783,5362.0
1014,14.0,30.616,31.783,4221.0
1015,20.0,39.4175,-0.4184,44000.0
1016,20.0,39.4175,-0.4184,44000.0
1018,20.0,39.4175,-0.4184,78000.0
1019,20.0,39.4175,-0.4184,70900.0
1020,20.0,39.4175,-0.4184,58500.0
1021,20.0,39.4175,-0.4184,49100.0
1022,20.0,39.4175,-0.4184,89300.0
1023,20.0,39.4175,-0.4184,77200.0
1024,20.0,39.4175,-0.4184,55700.0
1025,20.0,39.4175,-0.4184,15400.0
1026,20.0,39.4175,-0.4184,118900.0
1027,20.0,39.4175,-0.4184,119800.0
1028,20.0,39.4175,-0.4184,135200.0
1029,20.0,39.4175,-0.4184,119800.0
1030,20.0,39.4175,-0.4184,109700.0
1031,20.0,39.4175,-0.4184,109700.0
1032,20.0,39.4175,-0.4184,88100.0
1033,20.0,39.4175,-0.4184,98900.0
1035,20.0,39.4175,-0.4184,73900.0
1036,20.0,39.4175,-0.4184,78900.0
1037,20.0,39.4175,-0.4184,53500.0
1038,20.0,39.4175,-0.4184,52000.0
1039,20.0,39.4175,-0.4184,42800.0
1040,20.0,39.4175,-0.4184,51100.0
1041,20.0,39.4175,-0.4184,63800.0
1042,20.0,39.4175,-0.4184,47100.0
1043,20.0,39.4175,-0.4184,57400.0
1044,116.0,29.9382,70.6995,6728.3
1045,116.0,29.9382,70.6995,6296.6
1046,116.0,29.9382,70.6995,5563.2
1047,116.0,29.9382,70.6995,6135.2
1048,0.0,22.7775,-47.2958,2500.0
1049,0.0,22.7775,-47.2958,3500.0
1050,0.0,22.7775,-47.2958,3000.0
1051,0.0,22.7775,-47.2958,2400.0
1052,0.0,22.7775,-47.2958,2000.0
1053,0.0,22.7775,-47.2958,3400.0
1054,0.0,22.7775,-47.2958,4200.0
1055,0.0,22.7775,-47.2958,3400.0
1056,0.0,22.7775,-47.2958,2900.0
1057,0.0,22.7775,-47.2958,2200.0
1058,0.0,22.7775,-47.2958,2600.0
1059,0.0,22.7775,-47.2958,3300.0
1060,0.0,22.7775,-47.2958,3000.0
1061,0.0,22.7775,-47.2958,2600.0
1062,0.0,22.7775,-47.2958,2200.0
1063,0.0,22.7775,-47.2958,2500.0
1064,0.0,22.7775,-47.2958,3500.0
1065,0.0,22.7775,-47.2958,3000.0
1066,0.0,22.7775,-47.2958,2400.0
1067,0.0,22.7775,-47.2958,2000.0
1078,0.0,22.7775,-47.2958,2500.0
1079,0.0,22.7775,-47.2958,3500.0
1080,0.0,22.7775,-47.2958,3000.0
1081,0.0,22.7775,-47.2958,2400.0
1082,0.0,22.7775,-47.2958,2000.0
1083,0.0,22.7775,-47.2958,3400.0
1084,0.0,22.7775,-47.2958,4200.0
1085,0.0,22.7775,-47.2958,3400.0
1086,0.0,22.7775,-47.2958,2900.0
1087,0.0,22.7775,-47.2958,2200.0
1088,0.0,22.7775,-47.2958,2600.0
1089,0.0,22.7775,-47.2958,3300.0
1090,0.0,22.7775,-47.2958,2600.0
1091,0.0,22.7775,-47.2958,2200.0
1092,179.0,-35.1,147.4,2113.74105
1093,179.0,-35.1,147.4,2775.9861
1094,179.0,-35.1,147.4,3120.7164
1095,179.0,-35.1,147.4,4544.99685
1096,179.0,-35.1,147.4,2576.4054
1097,179.0,-35.1,147.4,2866.7046
1098,179.0,-35.1,147.4,3193.2912
1099,179.0,-35.1,147.4,4445.2065
1100,179.0,-35.1,147.4,1623.86115
1101,179.0,-35.1,147.4,1796.2262999999998
1102,179.0,-35.1,147.4,2177.244
1103,179.0,-35.1,147.4,2694.33945
1104,122.0,-36.5,145.5,19000.0
1105,122.0,-36.5,145.5,18000.0
1106,122.0,-36.5,145.5,8000.0
1107,122.0,-36.5,145.5,7000.0
1108,122.0,-36.5,145.5,18900.0
1109,122.0,-36.5,145.5,17000.0
1110,539.0,-22.7383,-47.6509,2200.0
1111,539.0,-22.7383,-47.6509,2300.0
1112,539.0,-22.7383,-47.6509,2600.0
1113,539.0,-22.7383,-47.6509,3000.0
1114,539.0,-22.7383,-47.6509,3500.0
1115,539.0,-22.7383,-47.6509,3400.0
1116,539.0,-22.7383,-47.6509,4400.0
1117,539.0,-22.7383,-47.6509,3300.0
1134,1360.0,39.4,100.35,10223.0
1135,1360.0,39.4,100.35,9086.0
1136,1360.0,39.4,100.35,9008.0
1137,1360.0,39.4,100.35,10871.0
1138,1360.0,39.4,100.35,9280.0
1139,1360.0,39.4,100.35,8867.0
1140,1360.0,39.4,100.35,11575.0
1141,1360.0,39.4,100.35,10116.0
1142,1360.0,39.4,100.35,9620.0
1143,1360.0,39.4,100.35,12172.0
1144,1360.0,39.4,100.35,10962.0
1145,1360.0,39.4,100.35,9511.0
1146,1360.0,39.4,100.35,14897.0
1147,1360.0,39.4,100.35,12232.0
1148,1360.0,39.4,100.35,12350.0
1159,470.0,44.3079869,86.0549057,8015.0
1160,470.0,44.3079869,86.0549057,8190.0
1161,470.0,44.3079869,86.0549057,8259.0
1162,470.0,44.3079869,86.0549057,7729.0
1163,470.0,44.3079869,86.0549057,6805.0
1164,470.0,44.3079869,86.0549057,8064.0
1165,470.0,44.3079869,86.0549057,7273.0
1166,470.0,44.3079869,86.0549057,5305.0
1167,470.0,44.3079869,86.0549057,8843.0
1168,470.0,44.3079869,86.0549057,7969.0
1169,470.0,44.3079869,86.0549057,7033.0
1171,470.0,44.3079869,86.0549057,8015.0
1172,470.0,44.3079869,86.0549057,8190.0
1173,470.0,44.3079869,86.0549057,8259.0
1174,470.0,44.3079869,86.0549057,7729.0
1175,470.0,44.3079869,86.0549057,6805.0
1176,470.0,44.3079869,86.0549057,8874.0
1177,470.0,44.3079869,86.0549057,8239.0
1178,470.0,44.3079869,86.0549057,7543.0
1179,470.0,44.3079869,86.0549057,5547.0
1180,470.0,44.3079869,86.0549057,8015.0
1181,470.0,44.3079869,86.0549057,8190.0
1182,470.0,44.3079869,86.0549057,8259.0
1183,470.0,44.3079869,86.0549057,7729.0
1184,470.0,44.3079869,86.0549057,6805.0
1185,470.0,44.3079869,86.0549057,8874.0
1186,470.0,44.3079869,86.0549057,8239.0
1187,470.0,44.3079869,86.0549057,7969.0
1188,470.0,44.3079869,86.0549057,7543.0
1189,470.0,44.3079869,86.0549057,5547.0
1190,1097.0,38.93333333333333,106.81666666666666,6500.0
1191,1097.0,38.93333333333333,106.81666666666666,6600.0
1192,1097.0,38.93333333333333,106.81666666666666,5900.0
1193,1097.0,38.93333333333333,106.81666666666666,8000.0
1194,1097.0,38.93333333333333,106.81666666666666,7800.0
1195,1097.0,38.93333333333333,106.81666666666666,7300.0
1196,470.0,44.3079869,86.0549057,8015.0
1197,470.0,44.3079869,86.0549057,8015.0
1198,470.0,44.3079869,86.0549057,8190.0
1199,470.0,44.3079869,86.0549057,8259.0
1200,470.0,44.3079869,86.0549057,7729.0
1201,470.0,44.3079869,86.0549057,6805.0
1202,470.0,44.3079869,86.0549057,8874.0
1203,470.0,44.3079869,86.0549057,8239.0
1204,470.0,44.3079869,86.0549057,7543.0
1205,470.0,44.3079869,86.0549057,5547.0
1206,470.0,44.3079869,86.0549057,8015.0
1207,470.0,44.3079869,86.0549057,8015.0
1208,470.0,44.3079869,86.0549057,8015.0
1209,470.0,44.3079869,86.0549057,8015.0
1210,470.0,44.3079869,86.0549057,8015.0
1211,470.0,44.3079869,86.0549057,8015.0
1212,470.0,44.3079869,86.0549057,8190.0
1213,470.0,44.3079869,86.0549057,8259.0
1214,470.0,44.3079869,86.0549057,7729.0
1215,470.0,44.3079869,86.0549057,6805.0
1216,470.0,44.3079869,86.0549057,8064.0
1217,470.0,44.3079869,86.0549057,7273.0
1218,470.0,44.3079869,86.0549057,5305.0
1219,470.0,44.3079869,86.0549057,8843.0
1220,470.0,44.3079869,86.0549057,7969.0
1221,470.0,44.3079869,86.0549057,7033.0
1222,1100.0,38.66666666666666,106.3,1678.29225
1252,1100.0,38.66666666666666,106.3,1678.29225
1253,1100.0,38.66666666666666,106.3,1941.3759
1254,1100.0,38.66666666666666,106.3,2884.8483
1270,1097.0,38.93333333333333,106.81666666666666,13400.0
1271,1097.0,38.93333333333333,106.81666666666666,13500.0
1272,1097.0,38.93333333333333,106.81666666666666,12100.0
1273,1097.0,38.93333333333333,106.81666666666666,13700.0
1274,1097.0,38.93333333333333,106.81666666666666,13700.0
1275,1097.0,38.93333333333333,106.81666666666666,12200.0
1276,247.0,30.9,75.8,22246.0
1277,247.0,30.9,75.8,28811.0
1278,247.0,30.9,75.8,27695.0
1279,247.0,30.9,75.8,22048.0
1280,247.0,30.9,75.8,21542.0
1296,1100.0,38.66666666666666,106.3,1678.29225
1297,1100.0,38.66666666666666,106.3,1678.29225
1312,1100.0,38.66666666666666,106.3,1678.29225
1327,1100.0,38.66666666666666,106.3,1678.29225
1328,1100.0,38.66666666666666,106.3,2440.32765
1329,1100.0,38.66666666666666,106.3,3891.82365
1331,1100.0,38.66666666666666,106.3,1678.29225
1346,149.0,30.29994444444445,30.02775,34690.0
1347,149.0,30.29994444444445,30.02775,33560.0
1348,149.0,30.29994444444445,30.02775,34690.0
1349,149.0,30.29994444444445,30.02775,33560.0
1350,149.0,30.29994444444445,30.02775,34690.0
1351,149.0,30.29994444444445,30.02775,33560.0
1352,149.0,30.29994444444445,30.02775,34690.0
1353,149.0,30.29994444444445,30.02775,33560.0
1354,2225.0,8.95,37.86666666666667,42365.5395
1355,2225.0,8.95,37.86666666666667,39190.392
1356,2225.0,8.95,37.86666666666667,34019.4375
1357,2225.0,8.95,37.86666666666667,28394.8905
1358,2225.0,8.95,37.86666666666667,35470.9335
1359,2225.0,8.95,37.86666666666667,29755.667999999994
1360,2225.0,8.95,37.86666666666667,25582.617
1361,2225.0,8.95,37.86666666666667,23133.2175
1362,2225.0,8.95,37.86666666666667,26943.3945
1363,550.0,5.3,37.083333333333336,20828.9676
1364,550.0,5.3,37.083333333333336,27660.07065
1365,550.0,5.3,37.083333333333336,27868.7232
1366,550.0,5.3,37.083333333333336,22325.82285
1367,550.0,5.3,37.083333333333336,13789.211999999998
1368,28.0,37.0,10.0,23223.936
1369,28.0,37.0,10.0,19413.759
1370,28.0,37.0,10.0,18960.1665
1371,28.0,37.0,10.0,22861.062
1372,28.0,37.0,10.0,38918.2365
1373,28.0,37.0,10.0,28757.7645
1374,28.0,37.0,10.0,37376.022
1375,28.0,37.0,10.0,34291.59299999999
1376,28.0,37.0,10.0,35470.9335
1377,28.0,37.0,10.0,27669.1425
1378,28.0,37.0,10.0,32840.097
1379,28.0,37.0,10.0,29483.5125
1380,30.0,33.8333,10.64,20611.2432
1381,30.0,33.8333,10.64,14460.5289
1382,30.0,33.8333,10.64,8382.3894
1383,30.0,33.8333,10.64,22788.4872
1384,30.0,33.8333,10.64,17871.5445
1385,30.0,33.8333,10.64,10804.57335
1386,250.0,30.90015,75.85229,19750.0
1387,250.0,30.90015,75.85229,19110.0
1388,250.0,30.90015,75.85229,16880.0
1389,250.0,30.90015,75.85229,19750.0
1390,250.0,30.90015,75.85229,19110.0
1391,250.0,30.90015,75.85229,16880.0
1409,7.0,45.35,11.95,45940.0
1410,7.0,45.35,11.95,41940.0
1411,19.0,35.91,10.55,490.667
1412,19.0,35.91,10.55,414.667
1413,19.0,35.91,10.55,220.229
1414,1810.0,29.933333333333334,52.03333333333333,3062.0
1415,1810.0,29.933333333333334,52.03333333333333,3001.0
1416,1810.0,29.933333333333334,52.03333333333333,3062.0
1417,1810.0,29.933333333333334,52.03333333333333,2052.0
1418,1810.0,29.933333333333334,52.03333333333333,1938.0
1419,1810.0,29.933333333333334,52.03333333333333,2265.0
1420,1810.0,29.933333333333334,52.03333333333333,3305.0
1421,1810.0,29.933333333333334,52.03333333333333,1125.0
1422,1810.0,29.933333333333334,52.03333333333333,1305.0
1423,1810.0,29.933333333333334,52.03333333333333,1451.0
1424,1810.0,29.933333333333334,52.03333333333333,2185.0
1425,7.0,45.35,11.95,45940.0
1426,7.0,45.35,11.95,41940.0
1431,7.0,45.35,11.95,45940.0
1432,7.0,45.35,11.95,41940.0
1442,7.0,45.35,11.95,45940.0
1443,7.0,45.35,11.95,41940.0
1444,7.0,45.35,11.95,45940.0
1445,7.0,45.35,11.95,41940.0
1459,1945.0,14.149166666666666,38.28388888888889,29900.0
1460,1945.0,14.149166666666666,38.28388888888889,22930.0
1466,1473.0,36.9,80.61666666666667,3770.0
1467,1473.0,36.9,80.61666666666667,4110.0
1468,1473.0,36.9,80.61666666666667,4540.0
1469,1473.0,36.9,80.61666666666666,3930.0
1470,1473.0,36.9,80.61666666666667,3770.0
1471,1473.0,36.9,80.61666666666667,3530.0
1472,1473.0,36.9,80.61666666666667,2670.0
1512,41.0,34.2453,-79.807222,11300.0
1513,41.0,34.2453,-79.807222,10200.0
1514,41.0,34.2453,-79.807222,10400.0
1515,41.0,34.2453,-79.807222,10100.0
1516,41.0,34.2453,-79.807222,11700.0
1517,41.0,34.2453,-79.807222,10800.0
1518,41.0,34.2453,-79.807222,10100.0
1519,41.0,34.2453,-79.80722222222224,9800.0
1520,41.0,34.2453,-79.807222,10700.0
1521,41.0,34.2453,-79.807222,11300.0
1522,28.0,36.833333333333336,116.56666666666666,1848.0
1523,28.0,36.833333333333336,116.56666666666666,4500.0
1524,28.0,36.833333333333336,116.56666666666666,4829.0
1525,28.0,36.833333333333336,116.56666666666666,4751.0
1526,28.0,36.833333333333336,116.56666666666666,4905.0
1527,28.0,36.833333333333336,116.56666666666666,5229.0
1528,28.0,36.833333333333336,116.56666666666666,5629.0
1529,28.0,36.833333333333336,116.56666666666666,5716.0
1530,28.0,36.833333333333336,116.56666666666666,1848.0
1531,28.0,36.833333333333336,116.56666666666666,4500.0
1532,28.0,36.833333333333336,116.56666666666666,4829.0
1533,28.0,36.833333333333336,116.56666666666666,4751.0
1534,28.0,36.833333333333336,116.56666666666666,4905.0
1535,28.0,36.833333333333336,116.56666666666666,5229.0
1536,28.0,36.833333333333336,116.56666666666666,5629.0
1537,28.0,36.833333333333336,116.56666666666666,5716.0
1538,28.0,36.833333333333336,116.56666666666666,1848.0
1539,28.0,36.833333333333336,116.56666666666666,4500.0
1540,28.0,36.833333333333336,116.56666666666666,4829.0
1541,28.0,36.833333333333336,116.56666666666666,4751.0
1542,28.0,36.833333333333336,116.56666666666666,4905.0
1543,28.0,36.833333333333336,116.56666666666666,5229.0
1544,28.0,36.833333333333336,116.56666666666666,5629.0
1545,28.0,36.833333333333336,116.56666666666666,5716.0
1546,28.0,36.833333333333336,116.56666666666666,1848.0
1547,28.0,36.833333333333336,116.56666666666666,4500.0
1548,28.0,36.833333333333336,116.56666666666666,4829.0
1549,28.0,36.833333333333336,116.56666666666666,4751.0
1550,28.0,36.833333333333336,116.56666666666666,4905.0
1551,28.0,36.833333333333336,116.56666666666666,5229.0
1552,28.0,36.833333333333336,116.56666666666666,5629.0
1553,28.0,36.833333333333336,116.56666666666666,5716.0
1554,28.0,36.833333333333336,116.56666666666666,1848.0
1555,28.0,36.833333333333336,116.56666666666666,4500.0
1556,28.0,36.833333333333336,116.56666666666666,4829.0
1557,28.0,36.833333333333336,116.56666666666666,4751.0
1558,28.0,36.833333333333336,116.56666666666666,4905.0
1559,28.0,36.833333333333336,116.56666666666666,5229.0
1560,28.0,36.833333333333336,116.56666666666666,5629.0
1561,28.0,36.833333333333336,116.56666666666666,5716.0
1562,28.0,36.833333333333336,116.56666666666666,1848.0
1563,28.0,36.833333333333336,116.56666666666666,4500.0
1564,28.0,36.833333333333336,116.56666666666666,4829.0
1565,28.0,36.833333333333336,116.56666666666666,4751.0
1566,28.0,36.833333333333336,116.56666666666666,4905.0
1567,28.0,36.833333333333336,116.56666666666666,5229.0
1568,28.0,36.833333333333336,116.56666666666666,5629.0
1569,28.0,36.833333333333336,116.56666666666666,5716.0
1570,28.0,36.833333333333336,116.56666666666666,1848.0
1571,28.0,36.833333333333336,116.56666666666666,4500.0
1572,28.0,36.833333333333336,116.56666666666666,4829.0
1573,28.0,36.833333333333336,116.56666666666666,4751.0
1574,28.0,36.833333333333336,116.56666666666666,4905.0
1575,28.0,36.833333333333336,116.56666666666666,5229.0
1576,28.0,36.833333333333336,116.56666666666666,5629.0
1577,28.0,36.833333333333336,116.56666666666666,5716.0
1578,28.0,36.833333333333336,116.56666666666666,1848.0
1579,28.0,36.833333333333336,116.56666666666666,4500.0
1580,28.0,36.833333333333336,116.56666666666666,4829.0
1581,28.0,36.833333333333336,116.56666666666666,4751.0
1582,28.0,36.833333333333336,116.56666666666666,4905.0
1583,28.0,36.833333333333336,116.56666666666666,5229.0
1584,28.0,36.833333333333336,116.56666666666666,5629.0
1585,28.0,36.833333333333336,116.56666666666666,5716.0
1586,28.0,36.833333333333336,116.56666666666666,1848.0
1587,28.0,36.833333333333336,116.56666666666666,4500.0
1588,28.0,36.833333333333336,116.56666666666666,4829.0
1589,28.0,36.833333333333336,116.56666666666666,4751.0
1590,28.0,36.833333333333336,116.56666666666666,4905.0
1591,28.0,36.833333333333336,116.56666666666666,5229.0
1592,28.0,36.833333333333336,116.56666666666666,5629.0
1593,28.0,36.833333333333336,116.56666666666666,5716.0
1594,28.0,36.833333333333336,116.56666666666666,1848.0
1595,28.0,36.833333333333336,116.56666666666666,4500.0
1596,28.0,36.833333333333336,116.56666666666666,4829.0
1597,28.0,36.833333333333336,116.56666666666666,4751.0
1598,28.0,36.833333333333336,116.56666666666666,4905.0
1599,28.0,36.833333333333336,116.56666666666666,5229.0
1600,28.0,36.833333333333336,116.56666666666666,5629.0
1601,28.0,36.833333333333336,116.56666666666666,5716.0
1602,28.0,36.833333333333336,116.56666666666666,1848.0
1603,28.0,36.833333333333336,116.56666666666666,4500.0
1604,28.0,36.833333333333336,116.56666666666666,4829.0
1605,28.0,36.833333333333336,116.56666666666666,4751.0
1606,28.0,36.833333333333336,116.56666666666666,4905.0
1607,28.0,36.833333333333336,116.56666666666666,5229.0
1608,28.0,36.833333333333336,116.56666666666666,5629.0
1609,28.0,36.833333333333336,116.56666666666666,5716.0
1610,28.0,36.833333333333336,116.56666666666666,1848.0
1611,28.0,36.833333333333336,116.56666666666666,4500.0
1612,28.0,36.833333333333336,116.56666666666666,4829.0
1613,28.0,36.833333333333336,116.56666666666666,4751.0
1614,28.0,36.833333333333336,116.56666666666666,4905.0
1615,28.0,36.833333333333336,116.56666666666666,5229.0
1616,28.0,36.833333333333336,116.56666666666666,5629.0
1617,28.0,36.833333333333336,116.56666666666666,5716.0
1618,600.0,33.333333333333336,36.43333333333333,4500.0
1619,600.0,33.333333333333336,36.43333333333333,3091.1
1620,600.0,33.333333333333336,36.43333333333333,2740.2
1621,600.0,33.333333333333336,36.43333333333333,4827.0
1622,600.0,33.333333333333336,36.43333333333333,3133.4
1623,600.0,33.333333333333336,36.43333333333333,2412.1
1624,600.0,33.333333333333336,36.43333333333333,4500.0
1625,600.0,33.333333333333336,36.43333333333333,4827.0
1626,600.0,33.333333333333336,36.43333333333333,3091.1
1627,600.0,33.333333333333336,36.43333333333333,3133.4
1628,600.0,33.333333333333336,36.43333333333333,3068.3
1629,600.0,33.333333333333336,36.43333333333333,2412.1
1630,600.0,33.333333333333336,36.43333333333333,4500.0
1631,600.0,33.333333333333336,36.43333333333333,4827.0
1632,600.0,33.333333333333336,36.43333333333333,3091.1
1633,600.0,33.333333333333336,36.43333333333333,3133.4
1634,600.0,33.333333333333336,36.43333333333333,3068.3
1635,600.0,33.333333333333336,36.43333333333333,2412.1
1636,600.0,33.333333333333336,36.43333333333333,4500.0
1637,600.0,33.333333333333336,36.43333333333333,3091.1
1638,600.0,33.333333333333336,36.43333333333333,2740.2
1639,600.0,33.333333333333336,36.43333333333333,4827.0
1640,600.0,33.333333333333336,36.43333333333333,3133.4
1641,600.0,33.333333333333336,36.43333333333333,2412.1
1642,600.0,33.333333333333336,36.43333333333333,4500.0
1643,600.0,33.333333333333336,36.43333333333333,4827.0
1644,600.0,33.333333333333336,36.43333333333333,3091.1
1645,600.0,33.333333333333336,36.43333333333333,3133.4
1646,600.0,33.333333333333336,36.43333333333333,3068.3
1647,600.0,33.333333333333336,36.43333333333333,2412.1
1648,600.0,33.333333333333336,36.43333333333333,4500.0
1649,600.0,33.333333333333336,36.43333333333333,4827.0
1650,600.0,33.333333333333336,36.43333333333333,3091.1
1651,600.0,33.333333333333336,36.43333333333333,3133.4
1652,600.0,33.333333333333336,36.43333333333333,3068.3
1653,600.0,33.333333333333336,36.43333333333333,2412.1
1654,600.0,33.333333333333336,36.43333333333333,4500.0
1655,600.0,33.333333333333336,36.43333333333333,4827.0
1656,600.0,33.333333333333336,36.43333333333333,3091.1
1657,600.0,33.333333333333336,36.43333333333333,3133.4
1658,600.0,33.333333333333336,36.43333333333333,3068.3
1659,600.0,33.333333333333336,36.43333333333333,2412.1
1660,600.0,33.333333333333336,36.43333333333333,4500.0
1661,600.0,33.333333333333336,36.43333333333333,4827.0
1662,600.0,33.333333333333336,36.43333333333333,3091.1
1663,600.0,33.333333333333336,36.43333333333333,3133.4
1664,600.0,33.333333333333336,36.43333333333333,2740.2
1665,600.0,33.333333333333336,36.43333333333333,2412.1
1666,600.0,33.333333333333336,36.43333333333333,4500.0
1667,600.0,33.333333333333336,36.43333333333333,3091.1
1668,600.0,33.333333333333336,36.43333333333333,2740.2
1669,600.0,33.333333333333336,36.43333333333333,4827.0
1670,600.0,33.333333333333336,36.43333333333333,3133.4
1671,600.0,33.333333333333336,36.43333333333333,2412.1
1672,600.0,33.333333333333336,36.43333333333333,4500.0
1673,600.0,33.333333333333336,36.43333333333333,4827.0
1674,600.0,33.333333333333336,36.43333333333333,3091.1
1675,600.0,33.333333333333336,36.43333333333333,3133.4
1676,600.0,33.333333333333336,36.43333333333333,3068.3
1677,600.0,33.333333333333336,36.43333333333333,2412.1
1678,600.0,33.333333333333336,36.43333333333333,4500.0
1679,600.0,33.333333333333336,36.43333333333333,4827.0
1680,600.0,33.333333333333336,36.43333333333333,3091.1
1681,600.0,33.333333333333336,36.43333333333333,3133.4
1682,600.0,33.333333333333336,36.43333333333333,3068.3
1683,600.0,33.333333333333336,36.43333333333333,2412.1
1684,600.0,33.333333333333336,36.43333333333333,4500.0
1685,600.0,33.333333333333336,36.43333333333333,4827.0
1686,600.0,33.333333333333336,36.43333333333333,3091.1
1687,600.0,33.333333333333336,36.43333333333333,3133.4
1688,600.0,33.333333333333336,36.43333333333333,2740.2
1689,600.0,33.333333333333336,36.43333333333333,2412.1
1690,1200.0,38.85,100.81,5981.0
1691,1200.0,38.85,100.81,5981.0
1692,1200.0,38.85,100.81,6154.0
1693,1200.0,38.85,100.81,6128.0
1694,1200.0,38.85,100.81,6128.0
1695,1200.0,38.85,100.81,6354.0
1696,1200.0,38.85,100.81,6314.0
1697,1200.0,38.85,100.81,6314.0
1698,1200.0,38.85,100.81,6297.0
1699,600.0,33.333333333333336,36.43333333333333,4500.0
1700,600.0,33.333333333333336,36.43333333333333,4827.0
1701,600.0,33.333333333333336,36.43333333333333,3091.1
1702,600.0,33.333333333333336,36.43333333333333,3133.4
1703,600.0,33.333333333333336,36.43333333333333,3068.3
1704,600.0,33.333333333333336,36.43333333333333,2412.1
1705,600.0,33.333333333333336,36.43333333333333,4500.0
1706,600.0,33.333333333333336,36.43333333333333,4827.0
1707,600.0,33.333333333333336,36.43333333333333,3091.1
1708,600.0,33.333333333333336,36.43333333333333,3133.4
1709,600.0,33.333333333333336,36.43333333333333,3068.3
1710,600.0,33.333333333333336,36.43333333333333,2412.1
1711,1782.0,14.3,38.72,6714.8
1712,1782.0,14.3,38.72,4548.6
1713,1782.0,14.3,38.72,4310.8
1714,1782.0,14.3,38.72,3075.2
1715,1782.0,14.3,38.72,3964.5
1716,1782.0,14.3,38.72,2647.5
1717,1782.0,14.3,38.72,7323.3
1718,1782.0,14.3,38.72,5238.2
1719,1782.0,14.3,38.72,4032.3
1730,975.0,-2.1166666666666667,37.7285,9888.3165
1731,975.0,-2.1166666666666667,37.7285,9434.724
1732,975.0,-2.1166666666666667,37.72833333333333,8890.413
1733,975.0,-2.1166666666666667,37.7285,8164.664999999999
1734,975.0,-2.1166666666666667,37.7285,7620.354
1735,975.0,-2.1166666666666667,37.7285,9253.286999999998
1736,975.0,-2.1166666666666667,37.7285,8255.3835
1737,975.0,-2.1166666666666667,37.7285,7711.072499999999
1738,975.0,-2.1166666666666667,37.7285,5443.11
1739,975.0,-2.1166666666666667,37.7285,2721.555
1740,20.0,36.98333333333333,35.3,7021.6119
1741,20.0,36.98333333333333,35.3,6323.079449999999
1742,20.0,36.98333333333333,35.3,5542.90035
1743,20.0,36.98333333333333,35.3,7003.468199999999
1744,20.0,36.98333333333333,35.3,9434.724
1745,589.0,32.55,35.85,4345.41615
1746,589.0,32.55,35.85,3719.4584999999993
1747,589.0,32.55,35.85,3456.37485
1748,589.0,32.55,35.85,2032.0944
1749,589.0,32.55,35.85,3882.7518
1750,589.0,32.55,35.85,3147.93195
1751,589.0,32.55,35.85,3020.92605
1752,589.0,32.55,35.85,3528.94965
1753,570.0,-21.247222,-48.28472,132902.60249999998
1754,1097.0,38.93333333333333,106.81666666666666,6500.0
1755,1097.0,38.93333333333333,106.81666666666666,6600.0
1756,1097.0,38.93333333333333,106.81666666666666,5900.0
1757,1097.0,38.93333333333333,106.81666666666666,8000.0
1758,1097.0,38.93333333333333,106.81666666666666,7800.0
1759,1097.0,38.93333333333333,106.81666666666666,7300.0
1760,1097.0,38.93333333333333,106.81666666666666,13400.0
1761,1097.0,38.93333333333333,106.81666666666666,13500.0
1762,1097.0,38.93333333333333,106.81666666666666,12100.0
1763,1097.0,38.93333333333333,106.81666666666666,13700.0
1764,1097.0,38.93333333333333,106.81666666666666,13700.0
1765,1097.0,38.93333333333333,106.81666666666666,12200.0
1766,1097.0,38.93333333333333,106.81666666666666,6500.0
1767,1097.0,38.93333333333333,106.81666666666666,6600.0
1768,1097.0,38.93333333333333,106.81666666666666,5900.0
1769,1097.0,38.933333,106.81666666666666,8000.0
1770,1097.0,38.93333333333333,106.81666666666666,7800.0
1771,1097.0,38.93333333333333,106.81666666666666,7300.0
1772,1097.0,38.93333333333333,106.81666666666666,13400.0
1773,1097.0,38.93333333333333,106.81666666666666,13500.0
1774,1097.0,38.93333333333333,106.81666666666666,12100.0
1775,1097.0,38.93333333333333,106.81666666666666,13700.0
1776,1097.0,38.93333333333333,106.81666666666666,13700.0
1777,1097.0,38.93333333333333,106.81666666666666,12200.0
1778,1097.0,38.93333333333333,106.81666666666666,6500.0
1779,1097.0,38.93333333333333,106.81666666666666,6600.0
1780,1097.0,38.93333333333333,106.81666666666666,5900.0
1781,1097.0,38.93333333333333,106.81666666666666,8000.0
1782,1097.0,38.93333333333333,106.81666666666666,7800.0
1783,1097.0,38.93333333333333,106.81666666666666,7300.0
1784,1097.0,38.93333333333333,106.81666666666666,13400.0
1785,1097.0,38.93333333333333,106.81666666666666,13500.0
1786,1097.0,38.93333333333333,106.81666666666666,12100.0
1787,1097.0,38.93333333333333,106.81666666666666,13700.0
1788,1097.0,38.93333333333333,106.81666666666666,13700.0
1789,1097.0,38.933333,106.81666666666666,12200.0
1790,1097.0,38.93333333333333,106.81666666666666,13400.0
1791,1097.0,38.93333333333333,106.81666666666666,13500.0
1792,1097.0,38.93333333333333,106.81666666666666,12100.0
1793,1097.0,38.93333333333333,106.81666666666666,13700.0
1794,1097.0,38.93333333333333,106.81666666666666,13700.0
1795,1097.0,38.93333333333333,106.81666666666666,12200.0
1796,1097.0,38.93333333333333,106.81666666666666,6500.0
1797,1097.0,38.93333333333333,106.81666666666666,6600.0
1798,1097.0,38.93333333333333,106.81666666666666,5900.0
1799,1097.0,38.93333333333333,106.81666666666666,8000.0
1800,1097.0,38.93333333333333,106.81666666666666,7800.0
1801,1097.0,38.93333333333333,106.81666666666666,7300.0
1802,1097.0,38.933333,106.81666666666666,13400.0
1803,1097.0,38.93333333333333,106.81666666666666,13500.0
1804,1097.0,38.93333333333333,106.81666666666666,12100.0
1805,1097.0,38.93333333333333,106.81666666666666,13700.0
1806,1097.0,38.93333333333333,106.81666666666666,13700.0
1807,1097.0,38.93333333333333,106.81666666666666,12200.0
1808,1097.0,38.93333333333333,106.81666666666666,13400.0
1809,1097.0,38.93333333333333,106.81666666666666,13500.0
1810,1097.0,38.93333333333333,106.81666666666666,12100.0
1811,1097.0,38.93333333333333,106.81666666666666,13700.0
1812,1097.0,38.93333333333333,106.81666666666666,13700.0
1813,1097.0,38.93333333333333,106.81666666666666,12200.0
1814,1097.0,38.93333333333333,106.81666666666666,6500.0
1815,1097.0,38.93333333333333,106.81666666666666,6600.0
1816,1097.0,38.93333333333333,106.81666666666666,5900.0
1817,1097.0,38.93333333333333,106.81666666666666,8000.0
1818,1097.0,38.93333333333333,106.81666666666666,7800.0
1819,1097.0,38.93333333333333,106.81666666666666,7300.0
1820,1097.0,38.93333333333333,106.81666666666666,13400.0
1821,1097.0,38.93333333333333,106.81666666666666,13500.0
1822,1097.0,38.93333333333333,106.81666666666666,12100.0
1823,1097.0,38.93333333333333,106.81666666666666,13700.0
1824,1097.0,38.933333,106.81666666666666,13700.0
1825,1097.0,38.93333333333333,106.81666666666666,12200.0
1826,1097.0,38.93333333333333,106.81666666666666,13400.0
1827,1097.0,38.933333,106.81666666666666,13500.0
1828,1097.0,38.93333333333333,106.81666666666666,12100.0
1829,1097.0,38.93333333333333,106.81666666666666,13700.0
1830,1097.0,38.93333333333333,106.81666666666666,13700.0
1831,1097.0,38.93333333333333,106.81666666666666,12200.0
1832,1097.0,38.93333333333333,106.81666666666666,13400.0
1833,1097.0,38.93333333333333,106.81666666666666,13500.0
1834,1097.0,38.93333333333333,106.81666666666666,12100.0
1835,1097.0,38.93333333333333,106.81666666666666,13700.0
1836,1097.0,38.93333333333333,106.81666666666666,13700.0
1837,1097.0,38.93333333333333,106.81666666666666,12200.0
1838,1097.0,38.93333333333333,106.81666666666666,13400.0
1839,1097.0,38.93333333333333,106.81666666666666,13500.0
1840,1097.0,38.93333333333333,106.81666666666666,12100.0
1841,1097.0,38.93333333333333,106.81666666666666,13700.0
1842,1097.0,38.93333333333333,106.81666666666666,13700.0
1843,1097.0,38.93333333333333,106.81666666666666,12200.0
1844,1097.0,38.93333333333333,106.81666666666666,13400.0
1845,1097.0,38.93333333333333,106.81666666666666,13500.0
1846,1097.0,38.93333333333333,106.81666666666666,12100.0
1847,1097.0,38.93333333333333,106.81666666666666,13700.0
1848,1097.0,38.93333333333333,106.81666666666666,13700.0
1849,1097.0,38.933333,106.81666666666666,12200.0
1850,226.0,46.2831,-119.4425,10177.1097729
1851,226.0,46.2831,-119.4425,18291.8977416
1852,226.0,46.2831,-119.4425,10401.2751864
1855,4.0,31.1,30.933333333333334,9334.0
1856,4.0,31.1,30.933333333333334,10220.0
1857,4.0,31.1,30.933333333333334,8298.0
1858,4.0,31.1,30.933333333333334,9944.0
1859,4.0,31.1,30.933333333333334,6637.0
1860,4.0,31.1,30.933333333333334,7414.0
1861,4.0,31.1,30.933333333333334,10162.0
1862,4.0,31.1,30.933333333333334,9468.0
1863,4.0,31.1,30.933333333333334,8365.0
1864,4.0,31.1,30.933333333333334,9954.0
1865,4.0,31.1,30.933333333333334,6854.0
1866,4.0,31.1,30.933333333333334,9954.0
1867,64.0,36.61666666666667,10.1403,14870.000000000002
1868,64.0,36.61666666666667,10.1403,14012.0
1869,64.0,36.61666666666667,10.1403,10250.999999999998
1870,64.0,36.61666666666667,10.1403,12546.0
1871,64.0,36.61666666666667,10.1403,11500.0
1872,64.0,36.61666666666667,10.1403,11007.0
1873,64.0,36.61666666666667,10.1403,13622.0
1876,64.0,36.61666666666667,10.1403,14870.000000000002
1877,64.0,36.61666666666667,10.1403,14012.0
1878,64.0,36.61666666666667,10.1403,10250.999999999998
1879,64.0,36.61666666666667,10.1403,13622.0
1880,64.0,36.61666666666667,10.1403,11500.0
1881,64.0,36.61666666666667,10.1403,11007.0
1898,64.0,36.61666666666667,10.1403,14870.000000000002
1899,64.0,36.61666666666667,10.1403,14012.0
1900,64.0,36.61666666666667,10.1403,10250.999999999998
1901,64.0,36.61666666666667,10.1403,12546.0
1902,64.0,36.61666666666667,10.1403,11500.0
1903,64.0,36.61666666666667,10.1403,11007.0
1904,64.0,36.61666666666667,10.1403,13622.0
1905,64.0,36.61666666666667,10.1403,14870.000000000002
1906,64.0,36.61666666666667,10.1403,14012.0
1907,64.0,36.61666666666667,10.1403,10250.999999999998
1908,64.0,36.61666666666667,10.1403,12546.0
1909,64.0,36.61666666666667,10.1403,11500.0
1910,64.0,36.61666666666667,10.1403,11007.0
1911,64.0,36.61666666666667,10.1403,13622.0
1916,64.0,36.61666666666667,10.1403,14870.000000000002
1917,64.0,36.61666666666667,10.1403,14012.0
1918,64.0,36.61666666666667,10.1403,10250.999999999998
1919,64.0,36.61666666666667,10.1403,13622.0
1920,64.0,36.61666666666667,10.1403,11500.0
1921,64.0,36.61666666666667,10.1403,11007.0
1941,412.0,31.63222,8.15667,5000.0
1942,412.0,31.63222,8.15667,3900.0
1943,412.0,31.63222,8.15667,6200.0
1950,28.0,36.833333333333336,116.56666666666666,4751.0
1951,28.0,36.833333333333336,116.56666666666666,4751.0
1952,28.0,36.833333333333336,116.56666666666666,4500.0
1953,28.0,36.833333333333336,116.56666666666666,4751.0
1954,28.0,36.833333333333336,116.56666666666666,4905.0
1955,28.0,36.833333333333336,116.56666666666666,5229.0
1956,28.0,36.833333333333336,116.56666666666666,5629.0
1957,28.0,36.833333333333336,116.56666666666666,5716.0
1958,470.0,44.3079869,86.0549057,8015.0
2014,101.0,-8.1625,113.71616666666668,2482.965345
2015,101.0,-8.162528,113.71616666666668,2463.91446
2016,101.0,-8.162528,113.71616666666668,2425.81269
2017,101.0,-8.162528,113.71616666666668,2140.049415
2096,101.0,-8.162528,113.71616666666668,2482.965345
2097,101.0,-8.1625,113.71616666666668,2463.91446
2098,101.0,-8.162528,113.71616666666668,2425.81269
2099,101.0,-8.162528,113.71616666666668,2140.049415
2100,101.0,-8.1625,113.71616666666668,2482.965345
2101,101.0,-8.162528,113.71616666666668,2463.91446
2102,101.0,-8.1625,113.71616666666668,2425.81269
2103,101.0,-8.162528,113.71616666666668,2140.049415
2104,28.0,36.833333333333336,116.56666666666666,1848.0
2105,28.0,36.833333333333336,116.56666666666666,4500.0
2106,28.0,36.833333333333336,116.56666666666666,4829.0
2107,28.0,36.833333333333336,116.56666666666666,4751.0
2108,28.0,36.833333333333336,116.56666666666666,4905.0
2109,28.0,36.833333333333336,116.56666666666666,5229.0
2110,28.0,36.833333333333336,116.56666666666666,5629.0
2111,28.0,36.833333333333336,116.56666666666666,5716.0
2112,454.0,19.5,76.0,2921.0
2113,454.0,19.5,76.0,3079.0
2114,454.0,19.5,76.0,3045.0
2115,454.0,19.5,76.0,2989.0
2116,454.0,19.5,76.0,3083.0
2117,454.0,19.5,76.0,3221.0
2118,454.0,19.5,76.0,3138.0
2119,454.0,19.5,76.0,2833.0
2120,101.0,-8.1625,113.71616666666668,2482.965345
2121,101.0,-8.162528,113.71616666666668,2463.91446
2122,101.0,-8.162528,113.71616666666668,2425.81269
2123,101.0,-8.162528,113.71616666666668,2140.049415
2124,1170.0,35.18333333333333,-102.1,11283.0
2125,1170.0,35.18333333333333,-102.1,13195.0
2126,1170.0,35.18333333333333,-102.1,813.0
2127,1170.0,35.18333333333333,-102.1,4829.0
2128,101.0,-8.162528,113.71616666666668,2482.965345
2129,101.0,-8.162528,113.71616666666668,2463.91446
2130,101.0,-8.1625,113.71616666666668,2425.81269
2131,101.0,-8.162528,113.71616666666668,2140.049415
2132,101.0,-8.1625,113.71616666666668,2482.965345
2133,101.0,-8.1625,113.71616666666668,2463.91446
2134,101.0,-8.162528,113.71616666666668,2425.81269
2135,101.0,-8.1625,113.71616666666668,2140.049415
2136,101.0,-8.162528,113.71616666666668,2482.965345
2137,101.0,-8.1625,113.71616666666668,2463.91446
2138,101.0,-8.1625,113.71616666666668,2425.81269
2139,101.0,-8.162528,113.71616666666668,2140.049415
2140,101.0,-8.162528,113.71616666666668,2482.965345
2141,101.0,-8.1625,113.71616666666668,2463.91446
2142,101.0,-8.162528,113.71616666666668,2425.81269
2143,101.0,-8.162528,113.71616666666668,2140.049415
2144,278.0,15.1753648,145.7379338,9162.5685
2146,178.0,-35.1,147.35,2113.74105
2147,178.0,-35.1,147.35,2775.9861
2148,178.0,-35.1,147.35,3120.7164
2149,178.0,-35.1,147.35,4544.99685
2150,178.0,-35.1,147.35,2576.4054
2151,178.0,-35.1,147.35,2866.7046
2152,178.0,-35.1,147.35,3193.2912
2153,178.0,-35.1,147.35,4445.2065
2154,178.0,-35.1,147.35,1623.86115
2155,178.0,-35.1,147.35,1796.2262999999998
2156,178.0,-35.1,147.35,2177.244
2157,178.0,-35.1,147.35,2694.33945
2158,271.0,7.466666666666667,4.56667,2821.34535
2159,271.0,7.46667,4.56667,2558.2617
2160,271.0,7.46667,4.56667,2104.6692
2161,271.0,7.46667,4.56667,1642.00485
2162,271.0,7.46667,4.56667,2095.59735
2163,271.0,7.46667,4.56667,1378.9212
2164,271.0,7.46667,4.56667,988.83165
2165,271.0,7.46667,4.56667,1124.9094
2166,271.0,7.46667,4.566666666666666,635.0294999999999
2167,271.0,7.466666666666667,4.56667,635.0294999999999
2168,179.0,-35.1,147.4,2113.74105
2169,179.0,-35.1,147.4,2775.9861
2170,179.0,-35.1,147.4,3120.7164
2171,179.0,-35.1,147.4,4544.99685
2172,179.0,-35.1,147.4,2576.4054
2173,179.0,-35.1,147.4,2866.7046
2174,179.0,-35.1,147.4,3193.2912
2175,179.0,-35.1,147.4,4445.2065
2176,179.0,-35.1,147.4,1623.86115
2177,179.0,-35.1,147.4,1796.2262999999998
2178,179.0,-35.1,147.4,2177.244
2179,179.0,-35.1,147.4,2694.33945
2180,178.0,-35.1,147.35,2113.74105
2181,178.0,-35.1,147.35,2775.9861
2182,178.0,-35.1,147.35,3120.7164
2183,178.0,-35.1,147.35,4544.99685
2184,178.0,-35.1,147.35,2576.4054
2185,178.0,-35.1,147.35,2866.7046
2186,178.0,-35.1,147.35,3193.2912
2187,178.0,-35.1,147.35,4445.2065
2188,178.0,-35.1,147.35,1623.86115
2189,178.0,-35.1,147.35,1796.2262999999998
2190,178.0,-35.1,147.35,2177.244
2191,178.0,-35.1,147.35,2694.33945
2192,539.0,-22.7383,-47.6509,3300.0
2193,539.0,-22.7383,-47.6509,4400.0
2194,539.0,-22.7383,-47.6509,3400.0
2195,539.0,-22.7383,-47.6509,3500.0
2196,539.0,-22.7383,-47.6509,3000.0
2197,539.0,-22.7383,-47.6509,2600.0
2198,539.0,-22.7383,-47.6509,2300.0
2199,539.0,-22.7383,-47.6509,2200.0
2200,100.0,40.18333333333333,29.066666666666663,4004.0
2201,100.0,40.18333333333333,29.066666666666663,3910.0
2202,100.0,40.18333333333333,29.066666666666663,3889.0
2203,100.0,40.18333333333333,29.066666666666663,3798.0
2204,100.0,40.18333333333333,29.066666666666663,3793.0
2205,100.0,40.18333333333333,29.066666666666663,3528.0
2206,100.0,40.18333333333333,29.066666666666663,3174.0
2207,100.0,40.18333333333333,29.066666666666663,3687.0
2208,100.0,40.18333333333333,29.066666666666663,3385.0
2209,100.0,40.18333333333333,29.066666666666663,3095.0
2210,100.0,40.18333333333333,29.066666666666663,3554.0
2211,100.0,40.18333333333333,29.066666666666663,3256.0
2212,100.0,40.18333333333333,29.066666666666663,2932.0
2213,100.0,40.18333333333333,29.066666666666663,1974.0
2221,42.0,34.310707,-79.747591,1044.0
2222,42.0,34.310707,-79.747591,1084.0
2223,42.0,34.310707,-79.747591,1084.0
2224,42.0,34.310707,-79.747591,1318.0
2225,42.0,34.310707,-79.747591,1274.0
2226,600.0,33.333333333333336,36.43333333333333,4500.0
2227,600.0,33.333333333333336,36.43333333333333,4827.0
2228,600.0,33.333333333333336,36.43333333333333,3091.1
2229,600.0,33.333333333333336,36.43333333333333,3133.4
2230,600.0,33.333333333333336,36.43333333333333,3068.3
2231,600.0,33.333333333333336,36.43333333333333,2412.1
2232,1139.0,25.5325,103.4325,2540.1179999999995
2233,1139.0,25.5325,103.4325,1814.37
2234,1139.0,25.5325,103.4325,2993.7105
2235,1139.0,25.5325,103.4325,1905.0885
2236,1139.0,25.5325,103.4325,2449.3995
2237,1139.0,25.5325,103.4325,2630.8365
2238,1139.0,25.5325,103.4325,2267.9625
2239,1139.0,25.5325,-103.4325,8210.0
2240,1139.0,25.5325,-103.4325,6190.0
2241,1139.0,25.5325,-103.4325,8670.0
2242,1139.0,25.5325,-103.4325,5300.0
2243,1139.0,25.5325,-103.4325,7140.0
2244,1139.0,25.5325,-103.4325,7370.0
2245,1139.0,25.5325,-103.4325,5890.0
2247,32.0,33.7,-90.91666666666669,1779.0
2248,32.0,33.7,-90.91666666666669,2028.0
2249,32.0,33.7,-90.91666666666669,1803.0
2250,32.0,33.7,-90.91666666666669,2082.0
2253,32.0,33.7,-90.91666666666669,1779.0
2254,32.0,33.7,-90.91666666666669,2028.0
2255,32.0,33.7,-90.91666666666669,1803.0
2256,32.0,33.7,-90.91666666666669,2082.0
2259,96.0,35.232,-71.442,11984.0
2260,96.0,35.232,-71.442,10917.0
2261,96.0,35.232,-71.442,7998.0
2262,96.0,35.232,-71.442,7305.0
2274,81.0,44.8153318,20.4456588,67131.69
2275,81.0,44.8153318,20.4456588,67585.2825
2276,81.0,44.8153318,20.4456588,50711.6415
2277,81.0,44.8153318,20.4456588,53523.91499999999
2278,110.0,40.18333333333333,29.066666666666663,101287.20525
2279,110.0,40.18333333333333,29.066666666666663,95708.0175
2280,110.0,40.18333333333333,29.066666666666663,61997.0229
2281,110.0,40.18333333333333,29.066666666666663,100552.3854
2282,110.0,40.18333333333333,29.066666666666663,88804.33965
2283,110.0,40.18333333333333,29.066666666666663,61107.9816
2284,97.0,36.36666666666667,33.916666666666664,62051.454
2285,97.0,36.36666666666667,33.916666666666664,95708.0175
2286,97.0,36.36666666666667,33.916666666666664,116754.70949999998
2287,97.0,36.36666666666667,33.916666666666664,105052.023
2326,0.0,31.5,31.09,7348.198499999999
2327,0.0,31.5,31.09,6713.169
2328,0.0,31.5,31.09,3356.5845
2329,0.0,31.5,31.09,7892.509499999999
2330,0.0,31.5,31.09,6713.169
2331,0.0,31.5,31.09,6168.857999999999
2368,539.0,-22.7383,-47.6509,2200.0
2369,539.0,-22.7383,-47.6509,2300.0
2370,539.0,-22.7383,-47.6509,2600.0
2371,539.0,-22.7383,-47.6509,3000.0
2372,539.0,-22.7383,-47.6509,3500.0
2373,539.0,-22.7383,-47.6509,3400.0
2374,539.0,-22.7383,-47.6509,4400.0
2375,539.0,-22.7383,-47.6509,3300.0
2376,539.0,-22.7383,-47.6509,2200.0
2377,539.0,-22.7383,-47.6509,2300.0
2378,539.0,-22.7383,-47.6509,2600.0
2379,539.0,-22.7383,-47.6509,3000.0
2380,539.0,-22.7383,-47.6509,3500.0
2381,539.0,-22.7383,-47.6509,3400.0
2382,539.0,-22.7383,-47.6509,4400.0
2383,539.0,-22.7383,-47.6509,3300.0
2384,539.0,-22.7383,-47.6509,2200.0
2385,539.0,-22.7383,-47.6509,2300.0
2386,539.0,-22.7383,-47.6509,2600.0
2387,539.0,-22.7383,-47.6509,3000.0
2388,539.0,-22.7383,-47.6509,3500.0
2389,539.0,-22.7383,-47.6509,3400.0
2390,539.0,-22.7383,-47.6509,4400.0
2391,539.0,-22.7383,-47.6509,3300.0
2392,143.0,-33.0,146.0,2113.74105
2393,143.0,-33.0,146.0,2775.9861
2394,143.0,-33.0,146.0,3120.7164
2395,143.0,-33.0,146.0,4544.99685
2396,143.0,-33.0,146.0,2576.4054
2397,143.0,-33.0,146.0,2866.7046
2398,143.0,-33.0,146.0,3193.2912
2399,143.0,-33.0,146.0,4445.2065
2400,143.0,-33.0,146.0,1623.86115
2401,143.0,-33.0,146.0,1796.2262999999998
2402,143.0,-33.0,146.0,2177.244
2403,143.0,-33.0,146.0,2694.33945
2404,539.0,-22.7383,-47.6509,2200.0
2405,539.0,-22.7383,-47.6509,2300.0
2406,539.0,-22.7383,-47.6509,2600.0
2407,539.0,-22.7383,-47.6509,3000.0
2408,539.0,-22.7383,-47.6509,3500.0
2409,539.0,-22.7383,-47.6509,3400.0
2410,539.0,-22.7383,-47.6509,4400.0
2411,539.0,-22.7383,-47.6509,3300.0
2412,28.0,36.833333333333336,116.56666666666666,1848.0
2413,28.0,36.833333333333336,116.56666666666666,4500.0
2414,28.0,36.833333333333336,116.56666666666666,4829.0
2415,28.0,36.833333333333336,116.56666666666666,4751.0
2416,28.0,36.833333333333336,116.56666666666666,4905.0
2417,28.0,36.833333333333336,116.56666666666666,5229.0
2418,28.0,36.833333333333336,116.56666666666666,5629.0
2419,28.0,36.833333333333336,116.56666666666666,5716.0
2420,539.0,-22.7383,-47.6509,2200.0
2421,539.0,-22.7383,-47.6509,2300.0
2422,539.0,-22.7383,-47.6509,2600.0
2423,539.0,-22.7383,-47.6509,3000.0
2424,539.0,-22.7383,-47.6509,3500.0
2425,539.0,-22.7383,-47.6509,3400.0
2426,539.0,-22.7383,-47.6509,4400.0
2427,539.0,-22.7383,-47.6509,3300.0
2428,539.0,-22.7383,-47.6509,2200.0
2429,539.0,-22.7383,-47.6509,2300.0
2430,539.0,-22.7383,-47.6509,2600.0
2431,539.0,-22.7383,-47.6509,3000.0
2432,539.0,-22.7383,-47.6509,3500.0
2433,539.0,-22.7383,-47.6509,3400.0
2434,539.0,-22.7383,-47.6509,4400.0
2435,539.0,-22.7383,-47.6509,3300.0
2436,539.0,-22.7383,-47.6509,2200.0
2437,539.0,-22.7383,-47.6509,2300.0
2438,539.0,-22.7383,-47.6509,2600.0
2439,539.0,-22.7383,-47.6509,3000.0
2440,539.0,-22.7383,-47.6509,3500.0
2441,539.0,-22.7383,-47.6509,3400.0
2442,539.0,-22.7383,-47.6509,4400.0
2443,539.0,-22.7383,-47.6509,3300.0
2444,539.0,-22.7383,-47.6509,2200.0
2445,539.0,-22.7383,-47.6509,2300.0
2446,539.0,-22.7383,-47.6509,2600.0
2447,539.0,-22.7383,-47.6509,3000.0
2448,539.0,-22.7383,-47.6509,3500.0
2449,539.0,-22.7383,-47.6509,3400.0
2450,539.0,-22.7383,-47.6509,4400.0
2451,539.0,-22.7383,-47.6509,3300.0
2452,101.0,-8.162528,113.71616666666668,2482.965345
2453,101.0,-8.1625,113.71616666666668,2463.91446
2454,101.0,-8.162528,113.71616666666668,2425.81269
2455,101.0,-8.1625,113.71616666666668,2140.049415
2462,279.0,20.7618122,77.1921157,14311.000000000002
2463,279.0,20.7618122,77.1921157,11419.0
2464,279.0,20.7618122,77.1921157,10307.0
2465,279.0,20.7618122,77.1921157,9275.0
2466,279.0,20.7618122,77.1921157,7994.0
2467,279.0,20.7618122,77.1921157,13722.0
2468,279.0,20.7618122,77.1921157,12803.0
2469,279.0,20.7618122,77.1921157,12041.0
2470,279.0,20.7618122,77.1921157,11137.0
2471,279.0,20.7618122,77.1921157,9949.0
2474,1810.0,29.933333333333334,52.03333333333333,5400.0
2475,1810.0,29.933333333333334,52.03333333333333,2023.0
2476,1810.0,29.933333333333334,52.03333333333333,5780.0
2477,1810.0,29.933333333333334,52.03333333333333,7320.0
2478,1810.0,29.933333333333334,52.03333333333333,3062.0
2479,1810.0,29.933333333333334,52.03333333333333,834.0
2480,1810.0,29.933333333333334,52.03333333333333,1938.0
2481,1810.0,29.933333333333334,52.03333333333333,3253.0
2482,1810.0,29.933333333333334,52.03333333333333,3305.0
2483,1810.0,29.933333333333334,52.03333333333333,5400.0
2484,1810.0,29.933333333333334,52.03333333333333,4950.0
2485,1810.0,29.933333333333334,52.03333333333333,5780.0
2486,1810.0,29.933333333333334,52.03333333333333,4957.0
2487,1810.0,29.933333333333334,52.03333333333333,7320.0
2488,1810.0,29.933333333333334,52.03333333333333,3001.0
2489,1810.0,29.933333333333334,52.03333333333333,3062.0
2490,1810.0,29.933333333333334,52.03333333333333,834.0
2491,1810.0,29.933333333333334,52.03333333333333,1537.0
2492,1810.0,29.933333333333334,52.03333333333333,2021.0
2493,1810.0,29.933333333333334,52.03333333333333,2052.0
2494,1810.0,29.933333333333334,52.03333333333333,5400.0
2495,1810.0,29.933333333333334,52.03333333333333,5780.0
2496,1810.0,29.933333333333334,52.03333333333333,7320.0
2497,1810.0,29.933333333333334,52.03333333333333,3062.0
2498,1810.0,29.933333333333334,52.03333333333333,834.0
2499,1810.0,29.933333333333334,52.03333333333333,1938.0
2500,1810.0,29.933333333333334,52.03333333333333,3253.0
2501,1810.0,29.933333333333334,52.03333333333333,3305.0
2502,1810.0,29.933333333333334,52.03333333333333,5400.0
2503,1810.0,29.933333333333334,52.03333333333333,4950.0
2504,1810.0,29.933333333333334,52.03333333333333,5780.0
2505,1810.0,29.933333333333334,52.03333333333333,7320.0
2506,1810.0,29.933333333333334,52.03333333333333,834.0
2507,1810.0,29.933333333333334,52.03333333333333,4957.0
2508,1810.0,29.933333333333334,52.03333333333333,7935.0
2509,1810.0,29.933333333333334,52.03333333333333,3305.0
2510,1810.0,29.933333333333334,52.03333333333333,5400.0
2511,1810.0,29.933333333333334,52.03333333333333,5780.0
2512,1810.0,29.933333333333334,52.03333333333333,4957.0
2513,1810.0,29.933333333333334,52.03333333333333,2023.0
2514,1810.0,29.933333333333334,52.03333333333333,1938.0
2515,1810.0,29.933333333333334,52.03333333333333,1537.0
2516,1810.0,29.933333333333334,52.03333333333333,3062.0
2517,1810.0,29.933333333333334,52.03333333333333,2652.0
2518,1810.0,29.933333333333334,52.03333333333333,2052.0
2519,1810.0,29.933333333333334,52.03333333333333,3305.0
2520,1810.0,29.933333333333334,52.03333333333333,2265.0
2521,1810.0,29.933333333333334,52.03333333333333,5400.0
2522,1810.0,29.933333333333334,52.03333333333333,1938.0
2523,1810.0,29.933333333333334,52.03333333333333,1537.0
2524,1810.0,29.933333333333334,52.03333333333333,5780.0
2525,1810.0,29.933333333333334,52.03333333333333,5700.0
2526,1810.0,29.933333333333334,52.03333333333333,4957.0
2527,1810.0,29.933333333333334,52.03333333333333,7320.0
2528,1810.0,29.933333333333334,52.03333333333333,2250.0
2529,1810.0,29.933333333333334,52.03333333333333,2021.0
2530,1810.0,29.933333333333334,52.03333333333333,3062.0
2531,1810.0,29.933333333333334,52.03333333333333,2652.0
2532,1810.0,29.933333333333334,52.03333333333333,2052.0
2533,1810.0,29.933333333333334,52.03333333333333,5400.0
2534,1810.0,29.933333333333334,52.03333333333333,5780.0
2535,1810.0,29.933333333333334,52.03333333333333,7320.0
2536,1810.0,29.933333333333334,52.03333333333333,3062.0
2537,1810.0,29.933333,52.03333333333333,834.0
2538,1810.0,29.933333333333334,52.03333333333333,4957.0
2539,1810.0,29.933333333333334,52.03333333333333,3253.0
2540,1810.0,29.933333333333334,52.03333333333333,3305.0
2541,1170.0,35.18333333333333,-102.1,11283.0
2542,1170.0,35.18333333333333,-102.1,13195.0
2543,1170.0,35.18333333333333,-102.1,813.0
2544,1170.0,35.18333333333333,-102.1,4829.0
2545,1170.0,35.18333333333333,-102.1,11283.0
2546,1170.0,35.18333333333333,-102.1,13195.0
2547,1170.0,35.18333333333333,-102.1,813.0
2548,1170.0,35.18333333333333,-102.1,4829.0
2550,1170.0,35.18333333333333,-102.1,11283.0
2551,1170.0,35.18333333333333,-102.1,13195.0
2552,1170.0,35.18333333333333,-102.1,813.0
2553,1170.0,35.18333333333333,-102.1,4829.0
2554,1170.0,35.18333333333333,-102.1,11283.0
2555,1170.0,35.18333333333333,-102.1,13195.0
2556,1170.0,35.18333333333333,-102.1,813.0
2557,1170.0,35.18333333333333,-102.1,4829.0
2558,1170.0,35.18333333333333,-102.1,11283.0
2559,1170.0,35.18333333333333,-102.1,13195.0
2560,1170.0,35.18333333333333,-102.1,813.0
2561,1170.0,35.18333333333333,-102.1,4829.0
2570,28.0,36.833333333333336,116.56666666666666,4751.0
2571,28.0,36.833333333333336,116.56666666666666,4751.0
2572,28.0,36.833333333333336,116.56666666666666,4500.0
2573,28.0,36.833333333333336,116.56666666666666,4751.0
2574,28.0,36.833333333333336,116.56666666666666,5716.0
2575,28.0,36.833333333333336,116.56666666666666,5715.0
2576,28.0,36.833333333333336,116.56666666666666,5629.0
2577,28.0,36.833333333333336,116.56666666666666,5716.0
2587,1425.0,40.447222,-104.636111,13000.0
2588,1425.0,40.447222,-104.636111,12940.0
2589,1425.0,40.447222,-104.636111,12600.0
2590,1425.0,40.447222,-104.636111,11350.0
2591,1425.0,40.447222,-104.636111,9010.0
2592,1425.0,40.447222,-104.636111,8820.0
2601,0.0,36.0,-3.5,16692.203999999998
2602,19.0,35.9191,10.5632,26253.9339
2603,19.0,35.9191,10.5632,16728.4914
2604,665.0,24.73333333333333,46.6,56700.0
2605,665.0,24.73333333333333,46.6,48720.0
2606,665.0,24.73333333333333,46.6,51230.0
2607,665.0,24.73333333333333,46.6,61170.0
2608,665.0,24.73333333333333,46.6,53370.0
2609,665.0,24.73333333333333,46.6,55550.0
2631,14.0,30.616,31.783,5362.0
2632,14.0,30.616,31.783,4221.0
2633,14.0,30.616,31.783,5362.0
2634,14.0,30.616,31.783,4221.0
2635,14.0,30.615833,31.782778,5362.0
2636,14.0,30.615833,31.782778,4221.0
2637,14.0,30.615833,31.782778,5362.0
2638,14.0,30.615833,31.782778,4221.0
2639,14.0,30.615833,31.782778,4661.0
2640,14.0,30.615833,31.782778,4106.0
2641,14.0,30.615833,31.782778,5021.0
2642,14.0,30.615833,31.782778,4482.0
2643,14.0,30.615833,31.782778,5172.0
2644,14.0,30.615833,31.782778,4653.0
2645,14.0,30.615833,31.782778,4661.0
2646,14.0,30.615833,31.782778,4106.0
2647,14.0,30.615833,31.782778,5021.0
2648,14.0,30.615833,31.782778,4482.0
2649,14.0,30.615833,31.782778,5172.0
2650,14.0,30.615833,31.782778,4653.0
2651,14.0,30.615833,31.782778,5362.0
2652,14.0,30.615833,31.782778,4221.0
2653,14.0,30.615833,31.782778,5362.0
2654,14.0,30.615833,31.782778,4221.0
2655,14.0,30.616,31.783,5362.0
2656,14.0,30.616,31.783,4221.0
2657,14.0,30.616,31.783,4661.0
2658,14.0,30.616,31.783,4106.0
2659,14.0,30.616,31.783,5021.0
2660,14.0,30.616,31.783,4482.0
2661,14.0,30.616,31.783,5172.0
2662,14.0,30.616,31.783,4653.0
2663,14.0,30.616,31.783,5362.0
2664,14.0,30.616,31.783,4221.0
2665,14.0,30.616,31.783,4661.0
2666,14.0,30.616,31.783,4106.0
2667,14.0,30.616,31.783,5021.0
2668,14.0,30.616,31.783,4482.0
2669,14.0,30.616,31.783,5172.0
2670,14.0,30.616,31.783,4653.0
2671,14.0,30.616,31.783,5362.0
2672,14.0,30.616,31.783,4221.0
2673,14.0,30.616,31.783,5362.0
2674,14.0,30.616,31.783,4221.0
2675,14.0,30.616,31.783,4661.0
2676,14.0,30.616,31.783,4106.0
2677,14.0,30.616,31.783,5021.0
2678,14.0,30.616,31.783,4482.0
2679,14.0,30.616,31.783,5172.0
2680,14.0,30.616,31.783,4653.0
2681,14.0,30.616,31.783,5362.0
2682,14.0,30.616,31.783,4221.0
2683,14.0,30.616,31.783,4661.0
2684,14.0,30.616,31.783,4106.0
2685,14.0,30.616,31.783,5021.0
2686,14.0,30.616,31.783,4482.0
2687,14.0,30.616,31.783,5172.0
2688,14.0,30.616,31.783,4653.0
2689,14.0,30.616,31.783,5362.0
2690,14.0,30.616,31.783,4221.0
2691,14.0,30.616,31.783,4661.0
2692,14.0,30.616,31.783,4106.0
2693,14.0,30.616,31.783,5021.0
2694,14.0,30.616,31.783,4482.0
2695,14.0,30.616,31.783,5172.0
2696,14.0,30.616,31.783,4653.0
2697,14.0,30.616,31.783,5362.0
2698,14.0,30.616,31.783,4221.0
2699,14.0,30.616,31.783,5362.0
2700,14.0,30.616,31.783,4221.0
2701,14.0,30.616,31.783,4661.0
2702,14.0,30.616,31.783,4106.0
2703,14.0,30.616,31.783,5021.0
2704,14.0,30.616,31.783,4482.0
2705,14.0,30.616,31.783,5172.0
2706,14.0,30.616,31.783,4653.0
2795,57.0,31.17452,-84.191818,1535.0
2796,57.0,31.17452,-84.191818,1362.0
2797,57.0,31.17452,-84.191818,1495.0
2798,57.0,31.17452,-84.191818,1340.0
2800,57.0,31.17452,-84.191818,1335.0
2801,57.0,31.17452,-84.191818,1342.0
2802,57.0,31.17452,-84.191818,1305.0
2803,57.0,31.17452,-84.191818,1319.0
2886,64.0,36.61666666666667,10.1403,14870.000000000002
2887,64.0,36.61666666666667,10.1403,14012.0
2888,64.0,36.61666666666667,10.1403,10250.999999999998
2889,64.0,36.61666666666667,10.1403,12546.0
2890,64.0,36.61666666666667,10.1403,14870.000000000002
2891,64.0,36.61666666666667,10.1403,11500.0
2892,64.0,36.61666666666667,10.1403,13622.0
2893,64.0,36.61666666666667,10.1403,11007.0
2894,28.0,37.0,10.0,18461.21475
2895,28.0,37.0,10.0,18805.94505
2896,28.0,37.0,10.0,11802.47685
2897,28.0,37.0,10.0,18805.94505
2898,28.0,37.0,10.0,15276.9954
2899,28.0,37.0,10.0,13281.1884
2900,28.0,37.0,10.0,19994.3574
2901,28.0,37.0,10.0,16029.95895
2902,28.0,37.0,10.0,12891.09885
2969,1100.0,38.66666666666666,106.3,1678.29225
2970,1557.0,11.583333333333334,39.63333333333333,27083.3
2971,1557.0,11.583333333333334,39.63333333333333,21471.0
2983,1945.0,14.149166666666666,38.28388888888889,29900.0
2985,2197.0,22.9,102.65,2630.8365
2986,2197.0,22.9,102.65,2449.3995
2987,2197.0,22.9,102.65,2086.5255
2988,2197.0,22.9,102.65,2902.992
2989,2197.0,22.9,102.65,2993.7105
2990,259.0,46.25,-119.61666666666667,17962.263
2991,259.0,46.25,-119.61666666666667,21046.692
2995,18.0,5.10535,-1.2466,723.389319
2996,18.0,5.10535,-1.2466,660.9749909999999
2997,18.0,5.10535,-1.2466,260.543532
2998,18.0,5.10535,-1.2466,795.7826819999999
2999,18.0,5.10535,-1.2466,1077463.6245
3006,52.0,33.7,-90.9167,13560.0
3007,52.0,33.7,-90.9167,14050.0
3008,52.0,33.7,-90.9167,12790.0
3009,52.0,33.7,-90.9167,14210.0
3010,52.0,33.7,-90.9167,11770.0
3011,52.0,33.7,-90.9167,12380.0
3014,600.0,33.333333333333336,36.43333333333333,4500.0
3015,600.0,33.333333333333336,36.43333333333333,4827.0
3016,600.0,33.333333333333336,36.43333333333333,3091.1
3017,600.0,33.333333333333336,36.43333333333333,3133.4
3018,600.0,33.333333333333336,36.43333333333333,2740.2
3019,600.0,33.333333333333336,36.43333333333333,2412.1
3020,28.0,37.0,10.0,22861.062
3021,28.0,37.0,10.0,34291.59299999999
3022,28.0,37.0,10.0,29483.5125
3023,28.0,37.0,10.0,18960.1665
3024,28.0,37.0,10.0,37376.022
3025,28.0,37.0,10.0,32840.097
3026,28.0,37.0,10.0,19413.759
3027,28.0,37.0,10.0,28757.7645
3028,28.0,37.0,10.0,27669.1425
3029,28.0,37.0,10.0,23223.936
3030,28.0,37.0,10.0,38918.2365
3031,28.0,37.0,10.0,35470.9335
3032,525.0,-14.225,-42.781389,21772.44
3033,525.0,-14.225,-42.781389,23922.46845
3034,525.0,-14.225,-42.781389,13979.72085
3035,525.0,-14.225,-42.781389,14959.480649999998
3036,525.0,-14.225,-42.781389,15422.145
3038,1945.0,14.149166666666666,38.28388888888889,29900.0
3040,41.0,34.2453,-79.807222,11300.0
3041,41.0,34.2453,-79.807222,10200.0
3042,41.0,34.2453,-79.807222,10400.0
3043,41.0,34.2453,-79.807222,10100.0
3044,41.0,34.2453,-79.807222,11700.0
3045,41.0,34.2453,-79.807222,10800.0
3046,41.0,34.2453,-79.807222,10100.0
3047,41.0,34.2453,-79.807222,9800.0
3048,41.0,34.2453,-79.807222,10700.0
3049,41.0,34.2453,-79.807222,11300.0
3050,1473.0,36.9,80.61666666666667,3770.0
3051,1473.0,36.9,80.61666666666667,3380.0
3052,1473.0,36.9,80.61666666666667,3190.0
3053,1473.0,36.9,80.61666666666667,4110.0
3054,1473.0,36.9,80.61666666666667,4540.0
3055,1473.0,36.9,80.61666666666667,3770.0
3056,1473.0,36.9,80.61666666666667,3770.0
3057,1473.0,36.9,80.61666666666667,3380.0
3058,1473.0,36.9,80.61666666666667,4110.0
3059,1473.0,36.9,80.61666666666667,4540.0
3060,1473.0,36.9,80.61666666666667,3190.0
3061,1473.0,36.9,80.61666666666667,3770.0
3062,1473.0,36.9,80.61666666666667,3380.0
3063,1473.0,36.9,80.61666666666667,3190.0
3064,1473.0,36.9,80.61666666666667,4110.0
3065,1473.0,36.9,80.61666666666667,4540.0
3066,1473.0,36.9,80.61666666666667,3770.0
3067,1473.0,36.9,80.61666666666667,3380.0
3068,1473.0,36.9,80.61666666666667,4110.0
3069,1473.0,36.9,80.61666666666667,4540.0
3070,1473.0,36.9,80.61666666666667,3190.0
3071,1473.0,36.9,80.61666666666667,3770.0
3072,1473.0,36.9,80.61666666666667,3770.0
3073,1473.0,36.9,80.61666666666667,4110.0
3074,1473.0,36.9,80.61666666666667,4540.0
3075,1473.0,36.9,80.61666666666667,3930.0
3076,1473.0,36.9,80.61666666666667,3770.0
3077,1473.0,36.9,80.61666666666667,3530.0
3078,1473.0,36.9,80.61666666666667,2670.0
3079,1473.0,36.9,80.61666666666667,4380.0
3080,1473.0,36.9,80.61666666666667,4340.0
3081,32.0,33.7,-90.91666666666669,1779.0
3082,32.0,33.7,-90.91666666666669,2028.0
3083,32.0,33.7,-90.91666666666669,1803.0
3084,32.0,33.7,-90.91666666666669,2082.0
3087,32.0,33.7,-90.91666666666669,1870.0
3088,32.0,33.7,-90.91666666666669,2314.0
3089,32.0,33.7,-90.91666666666669,1869.0
3090,32.0,33.7,-90.91666666666669,2183.0
3093,1473.0,36.9,80.61666666666667,3770.0
3094,1473.0,36.9,80.61666666666667,3380.0
3095,1473.0,36.9,80.61666666666667,3190.0
3096,1473.0,36.9,80.61666666666667,4110.0
3097,1473.0,36.9,80.61666666666667,4540.0
3098,1473.0,36.9,80.61666666666667,3770.0
3099,1473.0,36.9,80.61666666666667,3770.0
3100,1473.0,36.9,80.61666666666667,3380.0
3101,1473.0,36.9,80.61666666666667,3190.0
3102,1473.0,36.9,80.61666666666667,4110.0
3103,1473.0,36.9,80.61666666666667,4540.0
3104,1473.0,36.9,80.61666666666667,3770.0
3105,1473.0,36.9,80.61666666666667,3380.0
3106,1473.0,36.9,80.61666666666667,4110.0
3107,1473.0,36.9,80.61666666666667,4540.0
3108,1473.0,36.9,80.61666666666667,3190.0
3109,1473.0,36.9,80.61666666666667,3770.0
3110,1473.0,36.9,80.61666666666667,3380.0
3111,1473.0,36.9,80.61666666666667,3190.0
3112,1473.0,36.9,80.61666666666667,4110.0
3113,1473.0,36.9,80.61666666666667,4540.0
3114,1473.0,36.9,80.61666666666667,3770.0
3115,1473.0,36.9,80.61666666666667,3770.0
3116,1473.0,36.9,80.61666666666667,3380.0
3117,1473.0,36.9,80.61666666666667,3190.0
3118,1473.0,36.9,80.61666666666667,4110.0
3119,1473.0,36.9,80.61666666666667,4540.0
3120,1473.0,36.9,80.61666666666667,3770.0
3121,1428.0,40.45,-104.64,10339.0
3122,1428.0,40.45,-104.64,8441.0
3123,1428.0,40.45,-104.64,4817.0
3124,1428.0,40.45,-104.64,8701.5
3125,1428.0,40.45,-104.64,7392.22
3126,1428.0,40.45,-104.64,4263.52
3127,1428.0,40.45,-104.64,7819.2
3128,1428.0,40.45,-104.64,6674.62
3129,1428.0,40.45,-104.64,3820.12
3130,1428.0,40.45,-104.64,7056.2
3131,1428.0,40.45,-104.64,6068.14
3132,1428.0,40.45,-104.64,3480.56
3133,1473.0,36.9,80.61666666666667,3770.0
3134,1473.0,36.9,80.61666666666667,3380.0
3135,1473.0,36.9,80.61666666666667,4110.0
3136,1473.0,36.9,80.61666666666667,4540.0
3137,1473.0,36.9,80.61666666666667,3190.0
3138,1473.0,36.9,80.61666666666667,3770.0
3139,1473.0,36.9,80.61666666666667,3380.0
3140,1473.0,36.9,80.61666666666667,3190.0
3141,1473.0,36.9,80.61666666666667,4110.0
3142,1473.0,36.9,80.61666666666667,4540.0
3143,1473.0,36.9,80.61666666666667,3770.0
3144,1473.0,36.9,80.61666666666667,3770.0
3145,1473.0,36.9,80.61666666666667,3380.0
3146,1473.0,36.9,80.61666666666667,3190.0
3147,1473.0,36.9,80.61666666666667,4110.0
3148,1473.0,36.9,80.61666666666667,4540.0
3149,1473.0,36.9,80.61666666666667,3770.0
3150,1473.0,36.9,80.61666666666667,3770.0
3151,1473.0,36.9,80.61666666666667,3380.0
3152,1473.0,36.9,80.61666666666667,3190.0
3153,1473.0,36.9,80.61666666666667,4110.0
3154,1473.0,36.9,80.61666666666667,4540.0
3155,1473.0,36.9,80.61666666666667,3770.0
3167,550.0,5.3,37.083333333333336,20828.9676
3168,550.0,5.3,37.083333333333336,27660.07065
3169,550.0,5.3,37.083333333333336,27868.7232
3170,550.0,5.3,36.875,22325.82285
3171,550.0,5.3,37.083333333333336,13789.211999999998
3172,550.0,5.3,37.083333333333336,22.96
3173,550.0,5.3,37.083333333333336,30.49
3174,550.0,5.3,37.083333333333336,30.72
3175,550.0,5.3,37.083333333333336,24.61
3176,550.0,5.3,37.083333333333336,15.2
3177,1590.0,9.1,37.15,12328.644149999998
3178,1590.0,9.1,37.15,13562.415749999998
3179,1590.0,9.1,37.15,17789.897849999998
3180,1590.0,9.1,37.15,13380.978749999998
3181,1590.0,9.1,37.15,14478.6726
3182,600.0,33.333333333333336,36.43333333333333,16200.0
3183,600.0,33.333333333333336,36.43333333333333,9800.0
3184,600.0,33.333333333333336,36.43333333333333,23700.0
3185,600.0,33.333333333333336,36.43333333333333,16200.0
3186,600.0,33.333333333333336,36.43333333333333,9800.0
3187,600.0,33.333333333333336,36.43333333333333,23700.0
3188,550.0,5.3,36.875,3519.8778
3189,550.0,5.3,36.875,3374.7282
3190,550.0,5.3,36.875,3002.78235
3191,550.0,5.3,36.875,2531.04615
3192,550.0,5.3,36.875,2821.34535
3195,96.0,35.232,-71.442,11984.0
3196,96.0,35.232,-71.442,10917.0
3197,96.0,35.232,-71.442,7998.0
3198,96.0,35.232,-71.442,7305.0
3199,96.0,35.232,-71.442,11984.0
3200,96.0,35.232,-71.442,10917.0
3201,96.0,35.232,-71.442,7998.0
3202,96.0,35.232,-71.442,7305.0
3203,96.0,35.232,-71.442,11984.0
3204,96.0,35.232,-71.442,10917.0
3205,96.0,35.232,-71.442,7998.0
3206,96.0,35.232,-71.442,7305.0
3207,96.0,35.232,-71.442,11984.0
3208,96.0,35.232,-71.442,10917.0
3209,96.0,35.232,-71.442,7998.0
3210,96.0,35.232,-71.442,7305.0
3211,96.0,35.232,-71.442,11984.0
3212,96.0,35.232,-71.442,10917.0
3213,96.0,35.232,-71.442,7998.0
3214,96.0,35.232,-71.442,7305.0
3215,96.0,35.232,-71.442,11984.0
3216,96.0,35.232,-71.442,10917.0
3217,96.0,35.232,-71.442,7998.0
3218,96.0,35.232,-71.442,7305.0
3219,2.0,33.47055555555556,119.986111,58331.9955
3220,2.0,33.47055555555556,119.986111,88722.693
3221,2.0,33.47055555555556,119.986111,72756.237
3222,2.0,33.47055555555556,119.986111,80467.3095
3223,2.0,33.47055555555556,119.986111,61053.55049999999
3224,2.0,33.47055555555556,119.986111,81011.62049999999
3225,2.0,33.47055555555556,119.986111,87361.91549999999
3226,2.0,33.47055555555556,119.986111,101060.409
3227,96.0,35.232,-71.442,11984.0
3228,96.0,35.232,-71.442,10917.0
3229,96.0,35.232,-71.442,7998.0
3230,96.0,35.232,-71.442,7305.0
3231,96.0,35.232,-71.442,11984.0
3232,96.0,35.232,-71.442,10917.0
3233,96.0,35.232,-71.442,7998.0
3234,96.0,35.232,-71.442,7305.0
3235,96.0,35.232,-71.442,11984.0
3236,96.0,35.232,-71.442,10917.0
3237,96.0,35.232,-71.442,7998.0
3238,96.0,35.232,-71.442,7305.0
3250,30.0,37.2833,-6.05,13335.6195
3251,30.0,37.2833,-6.05,11067.657
3252,30.0,37.2833,-6.05,10886.22
3253,30.0,37.2833,-6.05,453.5925
3254,30.0,37.2833,-6.05,362.874
3255,30.0,37.2833,-6.05,181.437
3256,30.0,37.2833,-6.05,15422.145
3257,30.0,37.2833,-6.05,14605.6785
3258,30.0,37.2833,-6.05,15966.456
3259,250.0,30.90015,75.85229,19750.0
3260,250.0,30.90015,75.85229,19110.0
3261,250.0,30.90015,75.85229,16880.0
3262,250.0,30.90015,75.85229,19750.0
3263,250.0,30.90015,75.85229,19110.0
3264,250.0,30.90015,75.85229,16880.0
3265,250.0,30.90015,75.85229,19750.0
3266,250.0,30.90015,75.85229,19110.0
3267,250.0,30.90015,75.85229,16880.0
3268,250.0,30.90015,75.85229,20180.0
3269,250.0,30.90015,75.85229,19260.0
3270,250.0,30.90015,75.85229,17130.0
3271,250.0,30.90015,75.85229,19850.0
3272,250.0,30.90015,75.85229,20060.0
3273,250.0,30.90015,75.85229,17600.0
3298,4.0,31.1,30.933333333333334,9334.0
3299,4.0,31.1,30.933333333333334,10220.0
3300,4.0,31.1,30.933333333333334,8298.0
3301,4.0,31.1,30.933333333333334,9944.0
3302,4.0,31.1,30.933333333333334,6637.0
3303,4.0,31.1,30.933333333333334,7414.0
3304,4.0,31.1,30.933333333333334,10162.0
3305,4.0,31.1,30.933333333333334,9468.0
3306,4.0,31.1,30.933333333333334,8365.0
3307,4.0,31.1,30.933333333333334,9954.0
3308,4.0,31.1,30.933333333333334,6854.0
3309,4.0,31.1,30.933333333333334,9954.0
3310,4.0,31.1,30.933333333333334,9334.0
3311,4.0,31.1,30.933333333333334,10220.0
3312,4.0,31.1,30.933333333333334,8298.0
3313,4.0,31.1,30.933333333333334,9944.0
3314,4.0,31.1,30.933333333333334,6637.0
3315,4.0,31.1,30.933333333333334,7414.0
3316,4.0,31.1,30.933333333333334,10162.0
3317,4.0,31.1,30.933333333333334,9468.0
3318,4.0,31.1,30.933333333333334,8365.0
3319,4.0,31.1,30.933333333333334,9954.0
3320,4.0,31.1,30.933333333333334,6854.0
3321,4.0,31.1,30.933333333333334,9954.0
3322,4.0,31.1,30.933333333333334,9334.0
3323,4.0,31.1,30.933333333333334,10220.0
3324,4.0,31.1,30.933333333333334,8298.0
3325,4.0,31.1,30.933333333333334,9944.0
3326,4.0,31.1,30.933333333333334,6637.0
3327,4.0,31.1,30.933333333333334,7414.0
3328,4.0,31.1,30.933333333333334,10162.0
3329,4.0,31.1,30.933333333333334,9468.0
3330,4.0,31.1,30.933333333333334,8365.0
3331,4.0,31.1,30.933333333333334,9954.0
3332,4.0,31.1,30.933333333333334,6854.0
3333,4.0,31.1,30.933333333333334,9954.0
3334,4.0,31.1,30.933333333333334,9334.0
3335,4.0,31.1,30.933333333333334,10220.0
3336,4.0,31.1,30.933333333333334,8298.0
3337,4.0,31.1,30.933333333333334,9944.0
3338,4.0,31.1,30.933333333333334,6637.0
3339,4.0,31.1,30.933333333333334,7414.0
3340,4.0,31.1,30.933333333333334,10162.0
3341,4.0,31.1,30.933333333333334,9468.0
3342,4.0,31.1,30.933333333333334,8365.0
3343,4.0,31.1,30.933333333333334,9954.0
3344,4.0,31.1,30.933333333333334,6854.0
3345,4.0,31.1,30.933333333333334,9954.0
3346,4.0,31.1,30.933333333333334,9334.0
3347,4.0,31.1,30.933333333333334,10220.0
3348,4.0,31.1,30.933333333333334,8298.0
3349,4.0,31.1,30.933333333333334,9944.0
3350,4.0,31.1,30.933333333333334,6637.0
3351,4.0,31.1,30.933333333333334,7414.0
3352,4.0,31.1,30.933333333333334,10162.0
3353,4.0,31.1,30.933333333333334,9468.0
3354,4.0,31.1,30.933333333333334,8365.0
3355,4.0,31.1,30.933333333333334,9954.0
3356,4.0,31.1,30.933333333333334,6854.0
3357,4.0,31.1,30.933333333333334,9954.0
3358,4.0,31.1,30.933333333333334,9334.0
3359,4.0,31.1,30.933333333333334,10220.0
3360,4.0,31.1,30.933333333333334,8298.0
3361,4.0,31.1,30.933333333333334,9944.0
3362,4.0,31.1,30.933333333333334,6637.0
3363,4.0,31.1,30.933333333333334,7414.0
3364,4.0,31.1,30.933333333333334,10162.0
3365,4.0,31.1,30.933333333333334,9468.0
3366,4.0,31.1,30.933333333333334,8365.0
3367,4.0,31.1,30.933333333333334,9954.0
3368,4.0,31.1,30.933333333333334,6854.0
3369,4.0,31.1,30.933333333333334,9954.0
3370,4.0,31.1,30.933333333333334,9334.0
3371,4.0,31.1,30.933333333333334,10220.0
3372,4.0,31.1,30.933333333333334,8298.0
3373,4.0,31.1,30.933333333333334,9944.0
3374,4.0,31.1,30.933333333333334,6637.0
3375,4.0,31.1,30.933333333333334,7414.0
3376,4.0,31.1,30.933333333333334,10162.0
3377,4.0,31.1,30.933333333333334,9468.0
3378,4.0,31.1,30.933333333333334,8365.0
3379,4.0,31.1,30.933333333333334,9954.0
3380,4.0,31.1,30.933333333333334,6854.0
3381,4.0,31.1,30.933333333333334,9954.0
3382,4.0,31.1,30.933333333333334,9334.0
3383,4.0,31.1,30.933333333333334,10220.0
3384,4.0,31.1,30.933333333333334,8298.0
3385,4.0,31.1,30.933333333333334,9944.0
3386,4.0,31.1,30.933333333333334,6637.0
3387,4.0,31.1,30.933333333333334,7414.0
3388,4.0,31.1,30.933333333333334,10162.0
3389,4.0,31.1,30.933333333333334,9468.0
3390,4.0,31.1,30.933333333333334,8365.0
3391,4.0,31.1,30.933333333333334,9954.0
3392,4.0,31.1,30.933333333333334,6854.0
3393,4.0,31.1,30.933333333333334,9954.0
3394,4.0,31.1,30.933333333333334,9334.0
3395,4.0,31.1,30.933333333333334,10220.0
3396,4.0,31.1,30.933333333333334,8298.0
3397,4.0,31.1,30.933333333333334,9944.0
3398,4.0,31.1,30.933333333333334,6637.0
3399,4.0,31.1,30.933333333333334,7414.0
3400,4.0,31.1,30.933333333333334,10162.0
3401,4.0,31.1,30.933333333333334,9468.0
3402,4.0,31.1,30.933333333333334,8365.0
3403,4.0,31.1,30.933333333333334,9954.0
3404,4.0,31.1,30.933333333333334,6854.0
3405,4.0,31.1,30.933333333333334,9954.0
3406,64.0,36.61666666666667,10.1403,14870.000000000002
3407,64.0,36.61666666666667,10.1403,14012.0
3408,64.0,36.61666666666667,10.1403,10250.999999999998
3409,64.0,36.61666666666667,10.1403,12546.0
3410,64.0,36.61666666666667,10.1403,14870.000000000002
3411,64.0,36.61666666666667,10.1403,11500.0
3412,64.0,36.61666666666667,10.1403,13622.0
3413,64.0,36.61666666666667,10.1403,11007.0
3414,64.0,36.61666666666667,10.1403,14870.000000000002
3415,64.0,36.61666666666667,10.1403,14012.0
3416,64.0,36.61666666666667,10.1403,10250.999999999998
3417,64.0,36.61666666666667,10.1403,12546.0
3418,64.0,36.61666666666667,10.1403,14870.000000000002
3419,64.0,36.61666666666667,10.1403,11500.0
3420,64.0,36.61666666666667,10.1403,13622.0
3421,64.0,36.61666666666667,10.1403,11007.0
3422,64.0,36.61666666666667,10.1403,14870.000000000002
3423,64.0,36.61666666666667,10.1403,14012.0
3424,64.0,36.61666666666667,10.1403,10250.999999999998
3425,64.0,36.61666666666667,10.1403,12546.0
3426,64.0,36.61666666666667,10.1403,11500.0
3427,64.0,36.61666666666667,10.1403,11007.0
3428,64.0,36.61666666666667,10.1403,13622.0
3429,64.0,36.61666666666667,10.1403,14870.000000000002
3430,64.0,36.61666666666667,10.1403,14012.0
3431,64.0,36.61666666666667,10.1403,10250.999999999998
3432,64.0,36.61666666666667,10.1403,13622.0
3433,64.0,36.61666666666667,10.1403,14870.000000000002
3434,64.0,36.61666666666667,10.1403,14012.0
3435,64.0,36.61666666666667,10.1403,10250.999999999998
3436,64.0,36.61666666666667,10.1403,12546.0
3437,64.0,36.61666666666667,10.1403,14870.000000000002
3438,64.0,36.61666666666667,10.1403,11500.0
3439,64.0,36.61666666666667,10.1403,13622.0
3440,64.0,36.61666666666667,10.1403,11007.0
3441,64.0,36.61666666666667,10.1403,14870.000000000002
3442,64.0,36.61666666666667,10.1403,14012.0
3443,64.0,36.61666666666667,10.1403,10250.999999999998
3444,64.0,36.61666666666667,10.1403,12546.0
3445,64.0,36.61666666666667,10.1403,14870.000000000002
3446,64.0,36.61666666666667,10.1403,11500.0
3447,64.0,36.61666666666667,10.1403,13622.0
3448,64.0,36.61666666666667,10.1403,11007.0
3449,64.0,36.61666666666667,10.1403,14870.000000000002
3450,64.0,36.61666666666667,10.1403,14012.0
3451,64.0,36.61666666666667,10.1403,10250.999999999998
3452,64.0,36.61666666666667,10.1403,12546.0
3453,64.0,36.61666666666667,10.1403,11500.0
3454,64.0,36.61666666666667,10.1403,11007.0
3455,64.0,36.61666666666667,10.1403,13622.0
3456,64.0,36.61666666666667,10.1403,14870.000000000002
3457,64.0,36.61666666666667,10.1403,14012.0
3458,64.0,36.61666666666667,10.1403,10250.999999999998
3459,64.0,36.61666666666667,10.1403,12546.0
3460,64.0,36.61666666666667,10.1403,14870.000000000002
3461,64.0,36.61666666666667,10.1403,11500.0
3462,64.0,36.61666666666667,10.1403,13622.0
3463,64.0,36.61666666666667,10.1403,11007.0
3464,64.0,36.61666666666667,10.1403,14870.000000000002
3465,64.0,36.61666666666667,10.1403,14012.0
3466,64.0,36.61666666666667,10.1403,10250.999999999998
3467,64.0,36.61666666666667,10.1403,12546.0
3468,64.0,36.61666666666667,10.1403,14870.000000000002
3469,64.0,36.61666666666667,10.1403,11500.0
3470,64.0,36.61666666666667,10.1403,13622.0
3471,64.0,36.61666666666667,10.1403,11007.0
3472,64.0,36.61666666666667,10.1403,14870.000000000002
3473,64.0,36.61666666666667,10.1403,14012.0
3474,64.0,36.61666666666667,10.1403,10250.999999999998
3475,64.0,36.61666666666667,10.1403,12546.0
3476,64.0,36.61666666666667,10.1403,14870.000000000002
3477,64.0,36.61666666666667,10.1403,11500.0
3478,64.0,36.61666666666667,10.1403,13622.0
3479,64.0,36.61666666666667,10.1403,11007.0
3480,64.0,36.61666666666667,10.1403,14870.000000000002
3481,64.0,36.61666666666667,10.1403,14012.0
3482,64.0,36.61666666666667,10.1403,10250.999999999998
3483,64.0,36.61666666666667,10.1403,12546.0
3484,64.0,36.61666666666667,10.1403,14870.000000000002
3485,64.0,36.61666666666667,10.1403,13622.0
3486,64.0,36.61666666666667,10.1403,11500.0
3487,64.0,36.61666666666667,10.1403,11007.0
3488,64.0,36.61666666666667,10.1403,14870.000000000002
3489,64.0,36.61666666666667,10.1403,14012.0
3490,64.0,36.61666666666667,10.1403,10250.999999999998
3491,64.0,36.61666666666667,10.1403,14870.000000000002
3492,64.0,36.61666666666667,10.1403,14012.0
3493,64.0,36.61666666666667,10.1403,10250.999999999998
3494,64.0,36.61666666666667,10.1403,12546.0
3495,64.0,36.61666666666667,10.1403,14870.000000000002
3496,64.0,36.61666666666667,10.1403,11500.0
3497,64.0,36.61666666666667,10.1403,13622.0
3498,64.0,36.61666666666667,10.1403,11007.0
3499,64.0,36.61666666666667,10.1403,14870.000000000002
3500,64.0,36.61666666666667,10.1403,14012.0
3501,64.0,36.61666666666667,10.1403,10250.999999999998
3502,64.0,36.61666666666667,10.1403,12546.0
3503,64.0,36.61666666666667,10.1403,11500.0
3504,64.0,36.61666666666667,10.1403,11007.0
3505,64.0,36.61666666666667,10.1403,13622.0
3506,64.0,36.61666666666667,10.1403,14870.000000000002
3507,64.0,36.61666666666667,10.1403,14012.0
3508,64.0,36.61666666666667,10.1403,10250.999999999998
3509,64.0,36.61666666666667,10.1403,12546.0
3510,64.0,36.61666666666667,10.1403,14870.000000000002
3511,64.0,36.61666666666667,10.1403,11500.0
3512,64.0,36.61666666666667,10.1403,13622.0
3513,64.0,36.61666666666667,10.1403,11007.0
3514,64.0,36.61666666666667,10.1403,14870.000000000002
3515,64.0,36.61666666666667,10.1403,14012.0
3516,64.0,36.61666666666667,10.1403,10250.999999999998
3517,64.0,36.61666666666667,10.1403,12546.0
3518,64.0,36.61666666666667,10.1403,14870.000000000002
3519,64.0,36.61666666666667,10.1403,11500.0
3520,64.0,36.61666666666667,10.1403,13622.0
3521,64.0,36.61666666666667,10.1403,11007.0
3522,64.0,36.61666666666667,10.1403,14870.000000000002
3523,64.0,36.61666666666667,10.1403,14012.0
3524,64.0,36.61666666666667,10.1403,10250.999999999998
3525,64.0,36.61666666666667,10.1403,13622.0
3526,64.0,36.61666666666667,10.1403,14870.000000000002
3527,64.0,36.61666666666667,10.1403,14012.0
3528,64.0,36.61666666666667,10.1403,10250.999999999998
3529,64.0,36.61666666666667,10.1403,12546.0
3530,64.0,36.61666666666667,10.1403,14870.000000000002
3531,64.0,36.61666666666667,10.1403,11500.0
3532,64.0,36.61666666666667,10.1403,13622.0
3533,64.0,36.61666666666667,10.1403,11007.0
3534,64.0,36.61666666666667,10.1403,14870.000000000002
3535,64.0,36.61666666666667,10.1403,14012.0
3536,64.0,36.61666666666667,10.1403,10250.999999999998
3537,64.0,36.61666666666667,10.1403,12546.0
3538,64.0,36.61666666666667,10.1403,11500.0
3539,64.0,36.61666666666667,10.1403,11007.0
3540,64.0,36.61666666666667,10.1403,13622.0
3541,64.0,36.61666666666667,10.1403,14870.000000000002
3542,64.0,36.61666666666667,10.1403,14012.0
3543,64.0,36.61666666666667,10.1403,10250.999999999998
3544,64.0,36.61666666666667,10.1403,12546.0
3545,64.0,36.61666666666667,10.1403,14870.000000000002
3546,64.0,36.61666666666667,10.1403,11500.0
3547,64.0,36.61666666666667,10.1403,13622.0
3548,64.0,36.61666666666667,10.1403,11007.0
3549,64.0,36.61666666666667,10.1403,14870.000000000002
3550,64.0,36.61666666666667,10.1403,14012.0
3551,64.0,36.61666666666667,10.1403,10250.999999999998
3552,64.0,36.61666666666667,10.1403,12546.0
3553,64.0,36.61666666666667,10.1403,14870.000000000002
3554,64.0,36.61666666666667,10.1403,13622.0
3555,64.0,36.61666666666667,10.1403,11500.0
3556,64.0,36.61666666666667,10.1403,13622.0
3557,64.0,36.61666666666667,10.1403,11007.0
3558,64.0,36.61666666666667,10.1403,14870.000000000002
3559,64.0,36.61666666666667,10.1403,14012.0
3560,64.0,36.61666666666667,10.1403,10250.999999999998
3561,64.0,36.61666666666667,10.1403,14870.000000000002
3562,64.0,36.61666666666667,10.1403,14012.0
3563,64.0,36.61666666666667,10.1403,10250.999999999998
3564,64.0,36.61666666666667,10.1403,12546.0
3565,64.0,36.61666666666667,10.1403,11500.0
3566,64.0,36.61666666666667,10.1403,11007.0
3567,64.0,36.61666666666667,10.1403,13622.0
3568,1602.0,8.433333,39.03333333333333,5706.193649999999
3569,1602.0,8.433333333333334,39.03333333333333,4209.3384
3570,1602.0,8.433333333333334,39.03333333333333,3810.177
3571,1602.0,8.433333333333334,39.03333333333333,5706.193649999999
3572,1602.0,8.433333333333334,39.03333333333333,4209.3384
3573,1602.0,8.433333333333334,39.03333333333333,3810.177
3577,370.0,-9.133333333333333,-40.3,28140.8787
3578,370.0,-9.133333333333333,-40.3,33012.46215
3587,975.0,-2.1166666666666667,37.7285,9888.3165
3588,975.0,-2.1166666666666667,37.7285,9434.724
3589,975.0,-2.1166666666666667,37.7285,8890.413
3590,975.0,-2.1166666666666667,37.7285,8164.664999999999
3591,975.0,-2.1166666666666667,37.72833333333333,7620.354
3592,975.0,-2.1166666666666667,37.72833333333333,9253.286999999998
3593,975.0,-2.1166666666666667,37.72833333333333,8255.3835
3594,975.0,-2.1166666666666667,37.7285,7711.072499999999
3595,975.0,-2.1166666666666667,37.7285,5443.11
3596,975.0,-2.1166666666666667,37.7285,2721.555
3597,975.0,-2.1166666666666667,37.7285,9888.3165
3598,975.0,-2.1166666666666667,37.7285,9434.724
3599,975.0,-2.1166666666666667,37.7285,8890.413
3600,975.0,-2.1166666666666667,37.7285,8164.664999999999
3601,975.0,-2.1166666666666667,37.72833333333333,7620.354
3602,975.0,-2.1166666666666667,37.7285,9253.286999999998
3603,975.0,-2.1166666666666667,37.7285,8255.3835
3604,975.0,-2.1166666666666667,37.7285,7711.072499999999
3605,975.0,-2.1166666666666667,37.7285,5443.11
3606,975.0,-2.1166666666666667,37.72833333333333,2721.555
3607,1800.0,35.79,106.75,11784.33315
3608,1800.0,35.79,106.75,11684.5428
3609,1800.0,35.79,106.75,11893.195349999998
3610,1800.0,35.79,106.75,11711.75835
3611,1800.0,35.79,106.75,11076.72885
3612,1800.0,35.79,106.75,10369.12455
3613,1800.0,35.79,106.75,10096.96905
3614,1800.0,35.79,106.75,8391.46125
3615,975.0,-2.1166666666666667,37.7285,9888.3165
3616,975.0,-2.1166666666666667,37.7285,9434.724
3617,975.0,-2.1166666666666667,37.72833333333333,8890.413
3618,975.0,-2.1166666666666667,37.7285,8164.664999999999
3619,975.0,-2.1166666666666667,37.7285,7620.354
3620,975.0,-2.1166666666666667,37.7285,9253.286999999998
3621,975.0,-2.1166666666666667,37.7285,8255.3835
3622,975.0,-2.1166666666666667,37.7285,7711.072499999999
3623,975.0,-2.1166666666666667,37.7285,5443.11
3624,975.0,-2.1166666666666667,37.7285,2721.555
3625,975.0,-2.1166666666666667,37.7285,9888.3165
3626,975.0,-2.1166666666666667,37.7285,9434.724
3627,975.0,-2.1166666666666667,37.72833333333333,8890.413
3628,975.0,-2.1166666666666667,37.7285,8164.664999999999
3629,975.0,-2.1166666666666667,37.7285,7620.354
3630,975.0,-2.1166666666666667,37.7285,9253.286999999998
3631,975.0,-2.1166666666666667,37.7285,8255.3835
3632,975.0,-2.1166666666666667,37.72833333333333,7711.072499999999
3633,975.0,-2.1166666666666667,37.7285,5443.11
3634,975.0,-2.1166666666666667,37.72833333333333,2721.555
3635,1945.0,14.149166666666666,38.28388888888889,29900.0
3639,570.0,-21.247222,-48.28472,132902.60249999998
3640,570.0,-21.247222,-48.28472,132902.60249999998
3642,570.0,-21.247222,-48.28472,132902.60249999998
3644,570.0,-21.247222,-48.28472,132902.60249999998
3646,570.0,-21.247222,-48.28472,132902.60249999998
3647,570.0,-21.247222,-48.28472,132902.60249999998
3649,570.0,-21.247222,-48.28472,132902.60249999998
3650,570.0,-21.247222,-48.28472,132902.60249999998
3651,570.0,-21.247222,-48.28472,132902.60249999998
3653,570.0,-21.247222,-48.28472,132902.60249999998
3655,570.0,-21.247222,-48.28472,132902.60249999998
3657,570.0,-21.247222,-48.28472,132902.60249999998
3659,570.0,-21.247222,-48.28472,132902.60249999998
3660,570.0,-21.247222,-48.28472,111402.31799999998
3661,570.0,-21.247222,-48.28472,132902.60249999998
3662,570.0,-21.247222,-48.28472,132902.60249999998
3664,570.0,-21.247222,-48.30472,132902.60249999998
3666,570.0,-21.247222,-48.28472,132902.60249999998
3667,570.0,-21.247222,-48.28472,132902.60249999998
3695,1970.0,38.65,100.71666666666668,43961.91
3696,1970.0,38.65,100.71666666666668,41016.67
3697,1970.0,38.65,100.71666666666668,36430.71
3698,1970.0,38.65,100.71666666666668,42262.25
3699,1970.0,38.65,100.71666666666668,40473.53
3700,1970.0,38.65,100.71666666666668,37461.29
3701,1970.0,38.65,100.71666666666668,33834.86
3702,1970.0,38.65,100.71666666666668,37599.61
3703,1970.0,38.65,100.71666666666668,46033.23
3744,28.0,36.833333333333336,116.56666666666666,1848.0
3745,28.0,36.833333333333336,116.56666666666666,4500.0
3746,28.0,36.833333333333336,116.56666666666666,4829.0
3747,28.0,36.833333333333336,116.56666666666666,4751.0
3748,28.0,36.833333333333336,116.56666666666666,4905.0
3749,28.0,36.833333333333336,116.56666666666666,5229.0
3750,28.0,36.833333333333336,116.56666666666666,5629.0
3751,28.0,36.833333333333336,116.56666666666666,5716.0
3752,412.0,31.632222,8.15667,5000.0
3753,412.0,31.632222,8.15667,3900.0
3754,412.0,31.632222,8.15667,6200.0
3789,820.0,38.7053213,-1.4492231,12791.3085
3790,820.0,38.7053213,-1.4492231,19323.0405
3791,820.0,38.7053213,-1.4492231,17145.796499999997
3792,820.0,38.7053213,-1.4492231,17508.6705
3793,820.0,38.7053213,-1.4492231,15966.456
3794,820.0,38.7053213,-1.4492231,16510.767
3795,1300.0,39.6086,109.78157,12000.0
3809,1100.0,38.4871699,106.2266569,2231.6751
3810,1100.0,38.4871699,106.2266569,2440.32765
3811,1100.0,38.4871699,106.2266569,2549.18985
3812,1100.0,38.4871699,106.2266569,3265.866
3813,1100.0,38.4871699,106.2266569,3891.82365
3814,1100.0,38.4871699,106.2266569,3093.50085
3815,1100.0,38.4871699,106.2266569,2558.2617
3816,1100.0,38.4871699,106.2266569,3401.94375
3817,1100.0,38.4871699,106.2266569,3556.1652
3818,1100.0,38.4871699,106.2266569,3175.1475
3819,1100.0,38.4871699,106.2266569,1787.1544499999998
3820,1100.0,38.4871699,106.2266569,2231.6751
3821,1100.0,38.4871699,106.2266569,2440.32765
3822,1100.0,38.4871699,106.2266569,2549.18985
3823,1100.0,38.4871699,106.2266569,1995.807
3824,1100.0,38.4871699,106.2266569,3265.866
3825,1100.0,38.4871699,106.2266569,3891.82365
3826,1100.0,38.4871699,106.2266569,3093.50085
3827,1100.0,38.4871699,106.2266569,2558.2617
3828,1100.0,38.4871699,106.2266569,3401.94375
3829,1100.0,38.4871699,106.2266569,3556.1652
3830,1100.0,38.4871699,106.2266569,3175.1475
3831,1100.0,38.4871699,106.2266569,1787.1544499999998
3832,250.0,30.90015,75.85229,20180.0
3833,250.0,30.90015,75.85229,19260.0
3834,250.0,30.90015,75.85229,17130.0
3835,250.0,30.90015,75.85229,20180.0
3836,250.0,30.90015,75.85229,19260.0
3837,250.0,30.90015,75.85229,17130.0
3838,159.0,46.24969,-119.477799,9145.9488708
3839,159.0,46.24969,-119.477799,7621.624059
3840,159.0,46.24969,-119.477799,7128.460149300001
3841,159.0,46.24969,-119.477799,11253.103757699995
3842,159.0,46.24969,-119.477799,9392.53082565
3843,159.0,46.24969,-119.477799,7890.6225552
3844,159.0,46.24969,-119.477799,9930.52781805
3845,159.0,46.24969,-119.477799,9101.1157881
3846,159.0,46.24969,-119.477799,7890.6225552
3851,2197.0,22.94889,-102.70222,2358.681
3852,259.0,46.2067583,-119.76916,20230.2255
3853,250.0,30.90015,75.85229,20180.0
3854,250.0,30.90015,75.85229,19260.0
3855,250.0,30.90015,75.85229,17130.0
3856,250.0,30.90015,75.85229,20180.0
3857,250.0,30.90015,75.85229,19260.0
3858,250.0,30.90015,75.85229,17130.0
3865,820.0,38.71666666666667,-1.4666666666666666,4808.080499999999
3866,820.0,38.71666666666667,-1.4666666666666666,7983.228
3867,820.0,38.71666666666667,-1.4666666666666666,7620.354
3868,820.0,38.71666666666667,-1.4666666666666666,7620.354
3869,820.0,38.71666666666667,-1.4666666666666666,7166.7615
3870,820.0,38.71666666666667,-1.4666666666666666,6441.013499999999
3871,470.0,44.3079869,86.0549057,8015.0
3872,1100.0,38.66666666666666,106.3,1678.29225
3873,1100.0,38.66666666666666,106.3,1678.29225
3874,1100.0,38.66666666666666,106.3,1941.3759
3875,1100.0,38.66666666666666,106.3,1941.3759
3876,1100.0,38.66666666666666,106.3,2884.8483
3877,1100.0,38.66666666666666,106.3,2884.8483
3878,1945.0,14.149166666666666,38.28388888888889,29900.0
3879,470.0,44.3079869,86.0549057,8015.0
3880,470.0,44.3079869,86.0549057,8015.0
3881,470.0,44.3079869,86.0549057,8015.0
3882,470.0,44.3079869,86.0549057,8015.0
3883,470.0,44.3079869,86.0549057,8015.0
3884,470.0,44.3079869,86.0549057,8015.0
3885,1100.0,38.66666666666666,106.3,1678.29225
3886,250.0,30.90015,75.85229,19110.0
3887,250.0,30.90015,75.85229,16880.0
3888,250.0,30.90015,75.85229,19110.0
3889,250.0,30.90015,75.85229,16880.0
3890,1945.0,14.149166666666666,38.28388888888889,29900.0
3891,1945.0,14.149166666666666,38.28388888888889,22930.0
3892,238.3,28.066666666666663,74.05,2172.0
3893,238.3,28.06667,74.05,2817.0
3894,238.3,28.06667,74.05,3810.0
3895,238.3,28.06667,74.05,2870.0
3896,238.3,28.06667,74.05,2122.0
3897,238.3,28.06667,74.05,1316.0
3898,226.0,46.2831,-119.4425,10177.1097729
3899,226.0,46.2831,-119.4425,10177.1097729
3900,226.0,46.2831,-119.4425,10177.1097729
3901,226.0,46.2831,-119.4425,18291.8977416
3902,226.0,46.2831,-119.4425,18291.8977416
3903,226.0,46.2831,-119.4425,18291.8977416
3904,226.0,46.2831,-119.4425,10401.2751864
3905,226.0,46.2831,-119.4425,10401.2751864
3906,226.0,46.2831,-119.4425,10401.2751864
3907,470.0,44.3079869,86.0549057,8015.0
3908,259.0,46.25,-119.61666666666667,21046.692
3909,250.0,30.90015,75.85229,19110.0
3910,250.0,30.90015,75.85229,16880.0
3911,250.0,30.90015,75.85229,19110.0
3912,250.0,30.90015,75.85229,16880.0
3915,820.0,38.7053213,-1.4492231,12791.3085
3916,820.0,38.7053213,-1.4492231,19323.0405
3917,820.0,38.7053213,-1.4492231,17145.796499999997
3918,820.0,38.7053213,-1.4492231,17508.6705
3919,820.0,38.7053213,-1.4492231,15966.456
3920,820.0,38.7053213,-1.4492231,16510.767
3921,1100.0,38.4871699,106.2266569,2231.6751
3922,1100.0,38.4871699,106.2266569,2231.6751
3923,1100.0,38.4871699,106.2266569,2440.32765
3924,1100.0,38.4871699,106.2266569,2440.32765
3925,1100.0,38.4871699,106.2266569,2549.18985
3926,1100.0,38.4871699,106.2266569,2549.18985
3927,1100.0,38.4871699,106.2266569,1995.807
3928,1100.0,38.4871699,106.2266569,1995.807
3929,1100.0,38.4871699,106.2266569,3265.866
3930,1100.0,38.4871699,106.2266569,3265.866
3931,1100.0,38.4871699,106.2266569,3891.82365
3932,1100.0,38.4871699,106.2266569,3891.82365
3933,1100.0,38.4871699,106.2266569,3093.50085
3934,1100.0,38.4871699,106.2266569,3093.50085
3935,1100.0,38.4871699,106.2266569,2558.2617
3936,1100.0,38.4871699,106.2266569,2558.2617
3937,1100.0,38.4871699,106.2266569,3401.94375
3938,1100.0,38.4871699,106.2266569,3401.94375
3939,1100.0,38.4871699,106.2266569,3556.1652
3940,1100.0,38.4871699,106.2266569,3556.1652
3941,1100.0,38.4871699,106.2266569,3175.1475
3942,1100.0,38.4871699,106.2266569,3175.1475
3943,1100.0,38.4871699,106.2266569,1787.1544499999998
3944,1100.0,38.4871699,106.2266569,1787.1544499999998
3945,470.0,44.3079869,86.0549057,8190.0
3946,1100.0,38.4871699,106.2266569,2231.6751
3947,1100.0,38.4871699,106.2266569,2231.6751
3948,1100.0,38.4871699,106.2266569,2440.32765
3949,1100.0,38.4871699,106.2266569,2440.32765
3950,1100.0,38.4871699,106.2266569,2549.18985
3951,1100.0,38.4871699,106.2266569,1995.807
3952,250.0,30.90015,75.85229,19260.0
3953,250.0,30.90015,75.85229,17130.0
3954,250.0,30.90015,75.85229,19260.0
3955,250.0,30.90015,75.85229,17130.0
3956,159.0,46.24969,-119.477799,9145.9488708
3957,159.0,46.24969,-119.477799,9145.9488708
3958,159.0,46.24969,-119.477799,9145.9488708
3959,159.0,46.24969,-119.477799,7621.624059
3960,159.0,46.24969,-119.477799,7621.624059
3961,159.0,46.24969,-119.477799,7128.460149300001
3962,159.0,46.24969,-119.477799,7128.460149300001
3963,159.0,46.24969,-119.477799,7128.460149300001
3964,159.0,46.24969,-119.477799,11253.103757699995
3965,159.0,46.24969,-119.477799,11253.103757699995
3966,159.0,46.24969,-119.477799,11253.103757699995
3967,159.0,46.24969,-119.477799,9392.53082565
3968,159.0,46.24969,-119.477799,9392.53082565
3969,159.0,46.24969,-119.477799,9392.53082565
3970,159.0,46.24969,-119.477799,7890.6225552
3971,159.0,46.24969,-119.477799,7890.6225552
3972,159.0,46.24969,-119.477799,7890.6225552
3973,159.0,46.24969,-119.477799,9930.52781805
3974,159.0,46.24969,-119.477799,9930.52781805
3975,159.0,46.24969,-119.477799,9930.52781805
3976,159.0,46.24969,-119.477799,9101.1157881
3977,159.0,46.24969,-119.477799,9101.1157881
3978,159.0,46.24969,-119.477799,9101.1157881
3979,159.0,46.24969,-119.477799,7890.6225552
3980,159.0,46.24969,-119.477799,7890.6225552
3981,159.0,46.24969,-119.477799,7890.6225552
3982,2197.0,22.94889,-102.70222,1905.0885
3983,2197.0,22.94889,-102.70222,1632.933
3984,2197.0,22.94889,-102.70222,2449.3995
3985,2197.0,22.94889,-102.70222,1360.7775
3986,2197.0,22.94889,-102.70222,1814.37
3987,2197.0,22.94889,-102.70222,1632.933
3988,2197.0,22.94889,-102.70222,2267.9625
3989,2197.0,22.94889,-102.70222,2267.9625
3990,2197.0,22.94889,-102.70222,2358.681
3991,259.0,46.2067583,-119.76916,18415.8555
3992,259.0,46.2067583,-119.76916,20230.2255
3993,250.0,30.90015,75.85229,19260.0
3994,250.0,30.90015,75.85229,17130.0
3995,250.0,30.90015,75.85229,19260.0
3996,250.0,30.90015,75.85229,17130.0
